-- MySQL dump 10.13  Distrib 5.1.69, for redhat-linux-gnu (x86_64)
--
-- Host: 127.4.10.129    Database: inscricao
-- ------------------------------------------------------
-- Server version	5.1.69

/*!40101 SET @OLD_CHARACTER_SET_CLIENT=@@CHARACTER_SET_CLIENT */;
/*!40101 SET @OLD_CHARACTER_SET_RESULTS=@@CHARACTER_SET_RESULTS */;
/*!40101 SET @OLD_COLLATION_CONNECTION=@@COLLATION_CONNECTION */;
/*!40101 SET NAMES utf8 */;
/*!40103 SET @OLD_TIME_ZONE=@@TIME_ZONE */;
/*!40103 SET TIME_ZONE='+00:00' */;
/*!40014 SET @OLD_UNIQUE_CHECKS=@@UNIQUE_CHECKS, UNIQUE_CHECKS=0 */;
/*!40014 SET @OLD_FOREIGN_KEY_CHECKS=@@FOREIGN_KEY_CHECKS, FOREIGN_KEY_CHECKS=0 */;
/*!40101 SET @OLD_SQL_MODE=@@SQL_MODE, SQL_MODE='NO_AUTO_VALUE_ON_ZERO' */;
/*!40111 SET @OLD_SQL_NOTES=@@SQL_NOTES, SQL_NOTES=0 */;

--
-- Table structure for table `auth_group`
--

DROP TABLE IF EXISTS `auth_group`;
/*!40101 SET @saved_cs_client     = @@character_set_client */;
/*!40101 SET character_set_client = utf8 */;
CREATE TABLE `auth_group` (
  `id` int(11) NOT NULL AUTO_INCREMENT,
  `name` varchar(80) NOT NULL,
  PRIMARY KEY (`id`),
  UNIQUE KEY `name` (`name`)
) ENGINE=InnoDB AUTO_INCREMENT=3 DEFAULT CHARSET=latin1;
/*!40101 SET character_set_client = @saved_cs_client */;

--
-- Dumping data for table `auth_group`
--

LOCK TABLES `auth_group` WRITE;
/*!40000 ALTER TABLE `auth_group` DISABLE KEYS */;
INSERT INTO `auth_group` VALUES (1,'Coordenação Geral'),(2,'Multimeios');
/*!40000 ALTER TABLE `auth_group` ENABLE KEYS */;
UNLOCK TABLES;

--
-- Table structure for table `auth_group_permissions`
--

DROP TABLE IF EXISTS `auth_group_permissions`;
/*!40101 SET @saved_cs_client     = @@character_set_client */;
/*!40101 SET character_set_client = utf8 */;
CREATE TABLE `auth_group_permissions` (
  `id` int(11) NOT NULL AUTO_INCREMENT,
  `group_id` int(11) NOT NULL,
  `permission_id` int(11) NOT NULL,
  PRIMARY KEY (`id`),
  UNIQUE KEY `group_id` (`group_id`,`permission_id`),
  KEY `auth_group_permissions_bda51c3c` (`group_id`),
  KEY `auth_group_permissions_1e014c8f` (`permission_id`),
  CONSTRAINT `group_id_refs_id_3cea63fe` FOREIGN KEY (`group_id`) REFERENCES `auth_group` (`id`),
  CONSTRAINT `permission_id_refs_id_a7792de1` FOREIGN KEY (`permission_id`) REFERENCES `auth_permission` (`id`)
) ENGINE=InnoDB AUTO_INCREMENT=22 DEFAULT CHARSET=latin1;
/*!40101 SET character_set_client = @saved_cs_client */;

--
-- Dumping data for table `auth_group_permissions`
--

LOCK TABLES `auth_group_permissions` WRITE;
/*!40000 ALTER TABLE `auth_group_permissions` DISABLE KEYS */;
INSERT INTO `auth_group_permissions` VALUES (6,1,7),(7,1,8),(8,1,9),(9,1,22),(10,1,23),(11,1,24),(12,1,25),(13,1,26),(14,1,27),(15,1,28),(16,1,29),(17,1,30),(18,1,31),(1,1,32),(2,1,33),(3,1,34),(4,1,35),(5,1,36),(21,2,23),(20,2,26),(19,2,32);
/*!40000 ALTER TABLE `auth_group_permissions` ENABLE KEYS */;
UNLOCK TABLES;

--
-- Table structure for table `auth_permission`
--

DROP TABLE IF EXISTS `auth_permission`;
/*!40101 SET @saved_cs_client     = @@character_set_client */;
/*!40101 SET character_set_client = utf8 */;
CREATE TABLE `auth_permission` (
  `id` int(11) NOT NULL AUTO_INCREMENT,
  `name` varchar(50) NOT NULL,
  `content_type_id` int(11) NOT NULL,
  `codename` varchar(100) NOT NULL,
  PRIMARY KEY (`id`),
  UNIQUE KEY `content_type_id` (`content_type_id`,`codename`),
  KEY `auth_permission_e4470c6e` (`content_type_id`),
  CONSTRAINT `content_type_id_refs_id_728de91f` FOREIGN KEY (`content_type_id`) REFERENCES `django_content_type` (`id`)
) ENGINE=InnoDB AUTO_INCREMENT=37 DEFAULT CHARSET=latin1;
/*!40101 SET character_set_client = @saved_cs_client */;

--
-- Dumping data for table `auth_permission`
--

LOCK TABLES `auth_permission` WRITE;
/*!40000 ALTER TABLE `auth_permission` DISABLE KEYS */;
INSERT INTO `auth_permission` VALUES (1,'Can add permission',1,'add_permission'),(2,'Can change permission',1,'change_permission'),(3,'Can delete permission',1,'delete_permission'),(4,'Can add group',2,'add_group'),(5,'Can change group',2,'change_group'),(6,'Can delete group',2,'delete_group'),(7,'Can add user',3,'add_user'),(8,'Can change user',3,'change_user'),(9,'Can delete user',3,'delete_user'),(10,'Can add content type',4,'add_contenttype'),(11,'Can change content type',4,'change_contenttype'),(12,'Can delete content type',4,'delete_contenttype'),(13,'Can add session',5,'add_session'),(14,'Can change session',5,'change_session'),(15,'Can delete session',5,'delete_session'),(16,'Can add site',6,'add_site'),(17,'Can change site',6,'change_site'),(18,'Can delete site',6,'delete_site'),(19,'Can add log entry',7,'add_logentry'),(20,'Can change log entry',7,'change_logentry'),(21,'Can delete log entry',7,'delete_logentry'),(22,'Can add Juventude Espírita',8,'add_juventudeespirita'),(23,'Can change Juventude Espírita',8,'change_juventudeespirita'),(24,'Can delete Juventude Espírita',8,'delete_juventudeespirita'),(25,'Can add coordenador',9,'add_coordenador'),(26,'Can change coordenador',9,'change_coordenador'),(27,'Can delete coordenador',9,'delete_coordenador'),(28,'Can add pagamento',10,'add_pagamento'),(29,'Can change pagamento',10,'change_pagamento'),(30,'Can delete pagamento',10,'delete_pagamento'),(31,'Can add confraternista',11,'add_confraternista'),(32,'Can change confraternista',11,'change_confraternista'),(33,'Can delete confraternista',11,'delete_confraternista'),(34,'Can add codigo cadastro',12,'add_codigocadastro'),(35,'Can change codigo cadastro',12,'change_codigocadastro'),(36,'Can delete codigo cadastro',12,'delete_codigocadastro');
/*!40000 ALTER TABLE `auth_permission` ENABLE KEYS */;
UNLOCK TABLES;

--
-- Table structure for table `auth_user`
--

DROP TABLE IF EXISTS `auth_user`;
/*!40101 SET @saved_cs_client     = @@character_set_client */;
/*!40101 SET character_set_client = utf8 */;
CREATE TABLE `auth_user` (
  `id` int(11) NOT NULL AUTO_INCREMENT,
  `username` varchar(30) NOT NULL,
  `first_name` varchar(30) NOT NULL,
  `last_name` varchar(30) NOT NULL,
  `email` varchar(75) NOT NULL,
  `password` varchar(128) NOT NULL,
  `is_staff` tinyint(1) NOT NULL,
  `is_active` tinyint(1) NOT NULL,
  `is_superuser` tinyint(1) NOT NULL,
  `last_login` datetime NOT NULL,
  `date_joined` datetime NOT NULL,
  PRIMARY KEY (`id`),
  UNIQUE KEY `username` (`username`)
) ENGINE=InnoDB AUTO_INCREMENT=225 DEFAULT CHARSET=latin1;
/*!40101 SET character_set_client = @saved_cs_client */;

--
-- Dumping data for table `auth_user`
--

LOCK TABLES `auth_user` WRITE;
/*!40000 ALTER TABLE `auth_user` DISABLE KEYS */;
INSERT INTO `auth_user` VALUES (1,'admin','Gabriel','Poesia','gabriel.poesia@gmail.com','pbkdf2_sha256$10000$PNqzyMJh10ch$LLe9vRl51QFGjqAFS5ddTSMAEETVUuk3Dv0GoHXjWEU=',1,1,1,'2013-07-10 23:30:15','2012-09-05 04:53:08'),(2,'Thiago','Thiago','Simões','thiago_snake@yahoo.com.br','pbkdf2_sha256$10000$fVtUmqNttic4$ROKgK82R4AOk1l1FEQBsIpiEs6ONoTVfYEOvOqRx5Os=',1,1,1,'2013-04-27 18:37:09','2012-09-05 05:03:50'),(4,'felipe','Felipe','Torres','felizpetorres@gmail.com','pbkdf2_sha256$10000$wAtBwux1wQTb$1a9Y7CjN8va0U9z6U/IMnPNSm5lbj+SaaRNm02Nd6M4=',1,1,1,'2012-09-05 14:14:42','2012-09-05 14:13:29'),(33,'ramondiniz10@yahoo.com.br','Ramon','Vitor Castro Diniz','ramondiniz10@yahoo.com.br','pbkdf2_sha256$10000$9WiTs7qT6prC$pYEuZFnDTiyYjPmnSdSIYg+tzuD5FXE499ncgNubohY=',0,1,0,'2013-02-08 18:02:31','2012-09-29 23:42:11'),(34,'Ana Carla','Ana','Carla Abreu','anacarlaabreu08@gmail.com','pbkdf2_sha256$10000$shV3muPCfLdd$eXg4xON1/VR++LKEhT20VQ0QYDTe7lr3W95/hK38Dr0=',0,1,0,'2012-11-13 12:12:57','2012-09-30 15:54:33'),(35,'Mayara Rocha','Mayara','Rocha','mayrs2@hotmail.com','pbkdf2_sha256$10000$EJFynypzfM0n$O+ZkMPJxGuk8+phnnfb2Yy0XIFYKYHtNj2NF0lFTNzo=',0,1,0,'2012-11-10 20:51:20','2012-09-30 23:54:37'),(36,'nilsonjnr','Nilson','','nilfae@gmail.com','pbkdf2_sha256$10000$mPeqCpPrXZim$DHenZBu9cO/WBIY9DrRnZ7jZDxXDy0KFiYQRkG9ZzZA=',0,1,0,'2012-11-20 20:15:00','2012-10-01 11:16:15'),(37,'jualvares','Juliana','Alvares','jualvares@gmail.com','pbkdf2_sha256$10000$6KRVMVdEjRxD$ANNnshcDKBrLqd3zDzMGmutgUHZoveUyhNUXuMRHEws=',0,1,0,'2012-11-09 13:21:46','2012-10-01 20:29:23'),(38,'freigermano','Fernanda','Canesso','coordenacaofreigermano@gmail.com','pbkdf2_sha256$10000$MWNhXzGlresh$/DwEDs7J2Ryud9KQHq74QcRILfEAneUMaGzzc8yY+pI=',0,1,0,'2012-11-18 02:49:02','2012-10-02 22:50:23'),(39,'hugoalves','Hugo','','hugoalvesduarte@gmail.com','pbkdf2_sha256$10000$UcLJ9qME5WeQ$TzNq7Oixgp2+bOJpZ0hUUlq/zLCTg9ld0Y51HMUODxQ=',0,1,0,'2012-11-17 10:53:06','2012-10-03 02:58:07'),(40,'sararocha','Sara','Rocha','sararocha22@gmail.com','pbkdf2_sha256$10000$ABw1lMz3Iit0$MdgJPN3MbciEfEvGbUg0KjveNvvXAqmV8h8trdu2kds=',0,1,0,'2012-11-10 21:05:22','2012-10-03 13:14:19'),(41,'gpoesia','Gabriel','Poesia Reis e Silva','gabriel.poesia@gmail.com','pbkdf2_sha256$10000$F6imY4FfuRP4$6DK+I0XvotrN59JaApI+ZxStEAqMOzb8raDcLkwEhno=',0,1,0,'2012-11-18 23:50:37','2012-10-03 17:46:35'),(42,'Glauco','Glauco','','mocidadefranciscodeassis@gmail.com','pbkdf2_sha256$10000$G6tKSM9gn6ui$S7Ge1VlO8p7ZeOELl0rAxPxu8QkrnQS8SjO8vKayaPI=',0,1,0,'2013-01-03 00:11:04','2012-10-04 01:55:21'),(43,'pedrinholula','Pedro','Lopes Miranda Junior','plopes1991@gmail.com','pbkdf2_sha256$10000$Erba3w7Du7r5$O8O8eGXwICLueF9x3xoqDCgzt/LeBll+x7Yd6KMGY7w=',0,1,0,'2012-11-11 16:55:21','2012-10-08 15:59:27'),(44,'jehjeh','Jéssika','Rocha dos Santos','jessikinhars@hotmail.com','pbkdf2_sha256$10000$M873ZyXGL9PY$88/zGt18y3kXVjpRKU5VtOFWR8J7r/ucUCsDR4qEKu4=',0,1,0,'2012-11-09 23:34:09','2012-10-08 18:56:24'),(45,'Rafael','Rafael','Christian de Matos','grupodeteatro1715@gmail.com','pbkdf2_sha256$10000$jWnNuWvifQoV$C1Bd6zymQnni/jdYYVSRSP2XnHj5HkOPn+qTGK56jQQ=',0,1,0,'2012-11-08 18:26:46','2012-10-08 19:05:02'),(46,'anapaulacasimiro','Ana','Paula da Silva','annapaullaqueny@hotmail.com','pbkdf2_sha256$10000$WkwwaIBTi6fN$Z96KwIzPGrIXXTZjJ2NAQthSyeu/ACaj1h6wgGAc8rQ=',0,1,0,'2012-11-13 12:47:29','2012-10-08 23:43:09'),(47,'pricila','Priscila','','priscila.integracao@gmail.com','pbkdf2_sha256$10000$hH1XO9I14Hlq$zeQj3s1VeCuPZ4llI4yezwZ22tYLloSiAqRWhDjxpI4=',0,1,0,'2012-10-09 00:10:52','2012-10-09 00:09:56'),(48,'alanvitor','Alan','','designer@alanalcantara.com','pbkdf2_sha256$10000$uoJdH9uAkVdV$ZSfK2RqFy/SIo9R/dv2WpSuHWrmARzPx/xEblTW0k6c=',0,1,0,'2012-10-09 16:51:00','2012-10-09 16:50:46'),(49,'thiagooberdan','Thiago','','thiago.bolota@gmail.com','pbkdf2_sha256$10000$PKbOYbeo88Di$EnvhrEAiSGL+WpUIbpsXOuKPEsVaTKz2/0eksco1xc4=',0,1,0,'2012-11-01 14:51:22','2012-10-09 16:59:12'),(50,'joyce','Joyce','Helaine Martins da Silva','joycefmartins@gmail.com','pbkdf2_sha256$10000$u0Z1eogZUNy1$WxDP0CZKQNc2aFXIJ0I5Jlk0hqA2GVopRN5x+Y44XTs=',0,1,0,'2012-12-17 11:03:52','2012-10-09 20:58:02'),(51,'diulia','Diulia','','diuliasalmada@hotmail.com','pbkdf2_sha256$10000$JT7HVBHCRKlK$CkgZpmN5N+1HV+DWcle71wL9zcQ0id0nIbLB5HHsLSM=',0,1,0,'2012-11-06 16:18:10','2012-10-09 22:46:38'),(52,'Arlen','Arlen','Siqueira','agashq@yahoo.com.br','pbkdf2_sha256$10000$nrxUB232HrmY$f/z7RNWW7odRBBh5vnagE3p2wp467F2Dy/2rRpuVqTc=',1,1,0,'2013-03-03 02:55:21','2012-10-09 22:51:41'),(53,'andrezavlc','Andreza','Viana Lopes Cardoso','andrezavlc@yahoo.com.br','pbkdf2_sha256$10000$ZPkKgQwkL7iT$vJiXY1UGr8vl6OBRPgOyyTuHZ2ZuoUazSfCuDGc5Ck4=',0,1,0,'2012-10-15 00:23:50','2012-10-10 00:08:23'),(54,'jorgemauro1000','Jorge','','jorgemauro1000@hotmail.com','pbkdf2_sha256$10000$xXb0jCcgSxsE$1hL2Tphj8dUwWkxbhIanXxuT+YjxOXNUuhBKz3XHAiQ=',0,1,0,'2012-11-09 21:37:46','2012-10-10 02:27:45'),(55,'AugustoCesar','Augusto','','augustolokicesar16@hotmail.com','pbkdf2_sha256$10000$k8tMcMOcMXE7$levZvlp+wXq9uRre5HBG0fD5g2YQqIP6NNiS6LCiNqo=',0,1,0,'2012-10-10 02:40:55','2012-10-10 02:40:05'),(56,'alessandraga','Alessandra','','alealegal@gmail.com','pbkdf2_sha256$10000$2VrfwWQGaqTp$tscVn0s1TH692UGRPgnMCWmSAJQXS2T/g1aHWbbYJVA=',0,1,0,'2012-10-10 15:03:21','2012-10-10 02:42:49'),(57,'ggstanis','Gabriel','Estanislau Machado','gabriel_estanislau@hotmail.com','pbkdf2_sha256$10000$kbIDF4ntkdHn$ozCYPR1bcvK5GDkfk1LLkUtEoRVE0ra1wZmADpxpFuw=',0,1,0,'2012-11-05 20:10:32','2012-10-10 02:42:55'),(58,'MatheusBrisola','Matheus','','mr.brisola@yahoo.com.br','pbkdf2_sha256$10000$NX8ubAWZMMbG$XRDKC4ZO0C4a8ppMWj6nwdbW0BFotwVLNN7oWE/2CJY=',0,1,0,'2012-10-30 11:44:42','2012-10-10 15:03:37'),(59,'marianalenoir@hotmail.com','Mariana','','marianalenoir@hotmail.com','pbkdf2_sha256$10000$O1s7L0afVYVZ$/I4b8qrZ19zcZ2EdntMm9Y9YxyvXXIT7XtjBlgANt9k=',0,1,0,'2012-11-07 15:20:29','2012-10-10 15:07:55'),(60,'gabrielerm','Gabriel','Eduardo','gabriel.erm@live.com','pbkdf2_sha256$10000$vQ2zoNZF2YML$lScB6/HUpL4GdQOYaGcR2nMjTdHw0/6YnVJcskDQJ6o=',0,1,0,'2012-11-04 22:59:55','2012-10-10 21:03:03'),(61,'batata','SABRINA','PINHEIRO MARTINS FRANCO','spmfranco@hotmail.com','pbkdf2_sha256$10000$C6f1n63DSvqC$Kn+x1KXDtLOz2WDNKwzty/zM8PV7Rs5wZE1sCLFwL70=',0,1,0,'2012-11-07 20:21:51','2012-10-10 21:28:26'),(62,'Ana Clara','Ana','Clara','ferraz_aninha@hotmail.com','pbkdf2_sha256$10000$r7qMObLlN1VX$75VWibkNL3ZwC6wIfOBYH63fC5mT+YPYbnr2TslG3VQ=',0,1,0,'2012-11-09 13:26:21','2012-10-11 03:27:21'),(63,'margaridabedeschi','Margarida','Neves Bedeschi','margaridabedeschi@yahoo.com.br','pbkdf2_sha256$10000$goWyvxaroqQ1$dwhf1bzKJHS0r2Hl8z9lZEes0HjiYh/65lolEoxvqs8=',0,1,0,'2012-11-13 19:25:55','2012-10-11 11:32:16'),(64,'richardgabriel','Richard','Gabriel Brum Araujo','richard.tidi@hotmail.com','pbkdf2_sha256$10000$9vvQgwz7JSND$iQaIG5F7rSWUuEDrjTy6/YNMlgzK55H1LxuVQNFbgTM=',0,1,0,'2012-11-17 02:15:47','2012-10-12 00:31:57'),(65,'xelzax','Elza','Rodrigues Campedelli','xelzax@yahoo.com.br','pbkdf2_sha256$10000$rhrF82IFaQUk$EQV7RgohlaE/ZP8DoL4L0F5SQueMJADggnrc5PUgRUQ=',0,1,0,'2012-11-18 20:42:52','2012-10-12 00:53:53'),(66,'fontedeluz','Isabelle','Restel','isabelle.restel@gmail.com','pbkdf2_sha256$10000$HcU08MYbHuy3$F4QLTiyaRnyICBk6BOqxuxn00p4Vd5MQWbQoaEBMYUQ=',0,1,0,'2012-11-11 15:59:59','2012-10-12 03:24:27'),(67,'isabelle','Isabelle','Restel','isabelle.restel@gmail.com','pbkdf2_sha256$10000$C9rJF3gZnJbR$5gRxFZSvp0j3KM5gpFgdyHbU5RxV9ivjAWnsKeZczco=',0,1,0,'2012-10-12 03:30:04','2012-10-12 03:29:34'),(68,'pablofah','Pablo','Fabiano Lima','pablofah@yahoo.com.br','pbkdf2_sha256$10000$6pRgjMlG7nPE$LnhvKC7IZ9FsqaH87qkhEZB/lKNDbllmtIk23MofzyI=',0,1,0,'2012-10-12 12:58:54','2012-10-12 12:58:42'),(69,'paulogomes1505@yahoo.com.br','Paulo','Sérgio','paulogomes1982@yahoo.com.br','pbkdf2_sha256$10000$jM4l5ckxWVVH$ttJIOvkIMa5i9KSKL+Xni9PPrjnuFC8Os1Ud4g04x3c=',0,1,0,'2012-10-15 19:40:38','2012-10-12 17:11:07'),(70,'ServosdeJesus','Bruna','Albuquerque','bruninhaalbuquerque@yahoo.com.br','pbkdf2_sha256$10000$8LOGAMDPDRkA$SJAkDXCke39ao1JT3dpkv0Zg4giurUuDfZq6v8YLeDo=',0,1,0,'2012-11-10 11:00:11','2012-10-12 17:23:13'),(71,'Bruninha','Bruna','Albuquerque','Bruninhaalbuquerque@yahoo.com.br','pbkdf2_sha256$10000$IaM9fjXhC7ZJ$mRUGX6PEQpngNTKU1t3uQKcbXaZ4i2h+Ma8nS6p7hWA=',0,1,0,'2012-10-12 17:46:44','2012-10-12 17:45:41'),(72,'Markin','Marcos','Felipe Alves Pinto','marcoshadow@hotmail.com','pbkdf2_sha256$10000$i8YST0EHXBn9$PDFTpgsM3eA5X3XrCamxN3Klv31OCx+ykhga1qmGApo=',0,1,0,'2012-10-12 19:40:24','2012-10-12 19:40:12'),(73,'LiviaBarros','Livia','Barros Rezende','liviabarrosrezende@yahoo.com.br','pbkdf2_sha256$10000$NzaHLFDDiHby$YHGQXqg9oQBWDSE0UYpj0vYhY6pPHV9ks0hRjRWNCVk=',1,1,0,'2013-01-19 20:00:14','2012-10-12 22:30:22'),(74,'JRezende','Jorge','Luiz Rodrigues Rezende','rezende-jorgin1994@hotmail.com','pbkdf2_sha256$10000$hnZoKmZf6kJR$zfUXNLEGvHM3Rc85U42j5H6yK2NhgT5Nu+C5wXNNx74=',0,1,0,'2012-10-22 22:59:01','2012-10-13 02:00:13'),(75,'gabriel','Gabriel','Albuquerque Teles','gabriel10albuquerque@hotmail.com','pbkdf2_sha256$10000$JH1HDjTm9k3z$J8RGz4INW04Ws7fyHQL+8s3eVKwrZ2npuWGsirBg7ms=',0,1,0,'2012-10-13 17:59:49','2012-10-13 17:59:34'),(76,'rodolfogui','Rodolfo','Guilherme Viana Antunes','rodolfogui14@hotmail.com','pbkdf2_sha256$10000$pZ7Vr43FKKVf$MIs5/HZh84hFeuh+V6j1pN7i2MZ/Ot4IL5Y0TzTJQ7M=',0,1,0,'2012-10-14 17:50:34','2012-10-14 17:50:26'),(77,'livialeonardo@hotmail.com','Livia','da Silva Leonardo','livialeonardo@hotmail.com','pbkdf2_sha256$10000$zh0eg1roRFrN$i/k1sYZfeSMgwf0HVTyhsETPa7JTifVxnPGwse0W8eQ=',0,1,0,'2012-10-14 19:23:22','2012-10-14 19:22:46'),(78,'IsabellaC.','Isabella','Carolina de Almeida','isabellacarolina.a@hotmail.com','pbkdf2_sha256$10000$hn7xtfDZHRUK$m/d7YdLDwxI3JllIMkx4bvoL3updM1ENL27Z13B40dI=',0,1,0,'2012-10-14 22:13:21','2012-10-14 22:12:34'),(79,'linalanna@hotmail.com','Lina','Lanna','linalanna@hotmail.com','pbkdf2_sha256$10000$HUOxSzO1G96C$lrydsXIE+jtmjgFtLoLk/u0HDFHFoG2FIh2UEQYiO8c=',0,1,0,'2012-10-17 01:07:27','2012-10-14 22:31:41'),(80,'juliamoreiraa','Julia','Cristina Albuquerque Moreira','crisalbuquerque75@hotmail.com','pbkdf2_sha256$10000$CIeo1MHZXG6H$mNhlEHmA5xZPEmUolixlTCqs2ijc3FKeMXfyFSEaBSA=',0,1,0,'2012-10-14 23:38:11','2012-10-14 23:37:46'),(81,'VinniEsteves','Vinícius','Esteves','vinicius15bh@oi.com.br','pbkdf2_sha256$10000$uwBSMPSkbUhE$4jskADXmOR+9R11Z7VT6MwvLswy9+p+jByYxv0BNBNU=',0,1,0,'2012-10-31 22:59:46','2012-10-15 00:41:53'),(82,'nandacoura','Fernanda','Coura','nanda.coura@gmail.com','pbkdf2_sha256$10000$a9g7PZJaVXzT$zREahQjiU419b+4lZejJHqjG6svwx1U/6e1vfTjL4J4=',0,1,0,'2012-11-09 17:56:41','2012-10-15 01:05:59'),(83,'mejafeig2012','Ariane','Suelen Freitas Silva','arianemaia8@gmail.com','pbkdf2_sha256$10000$cl7uHpy1hGX5$x3b0akMxMXZz93UxQGAbka9x4AXdoDCxD3WE1MJz/3U=',0,1,0,'2013-05-20 12:58:58','2012-10-15 02:53:15'),(84,'Lorene','Lorene','Luiza','lorenne.lsa@gmail.com','pbkdf2_sha256$10000$l0O3AZBIiIJP$NqNTnvHbosOrhK8uuVoZn+RWvdEQ0lcogPQUb62YtWM=',0,1,0,'2012-11-09 21:20:13','2012-10-15 16:05:10'),(85,'Mariana Antunes','Mariana','Antunes','mariana.souza.antunes@gmail.com','pbkdf2_sha256$10000$IVdENVRsP5DD$39pnM4SR8Wx/X1u2kWTlmwjGHDYuR5wuqomwv/NH6lE=',0,1,0,'2012-11-05 16:29:52','2012-10-15 17:02:21'),(86,'danilo10','Danilo','Amparo','daniloamparo10@yahoo.com.br','pbkdf2_sha256$10000$aDMylVYLGjrL$kcMAVCRXOYI7rfuoI4SQtZaDMhyAjj2qxXzhUNerR9I=',0,1,0,'2012-10-15 18:18:30','2012-10-15 18:17:49'),(87,'nayarapenido','Nayara','Félix Penido','nanafps@yahoo.com.br','pbkdf2_sha256$10000$FfsS3BvsRmSW$lIyd8tdChi8fAT5HZAcNhFpEz8PA52JkEQ6vx043YYQ=',0,1,0,'2012-10-15 18:28:15','2012-10-15 18:27:46'),(88,'cssio17','Cássio','Eduardo Gonçalves','cassio_work@yahoo.com.br','pbkdf2_sha256$10000$RsnAK9pkipBi$oXnEiYEHuhrAgljrteruKgCxMhJSZJwbXC9Fk8CqleA=',0,1,0,'2012-10-15 22:59:16','2012-10-15 22:58:50'),(89,'stephanny','Stephanny','kelvyn Bessa','ste.kelvyn@yahoo.com.br','pbkdf2_sha256$10000$sPiZYxHAk6Zr$w796BdqijgtX+0hEZ34L93GmX50Gq5Iqw00gq/bGipo=',0,1,0,'2012-11-04 00:48:15','2012-10-15 23:01:45'),(90,'Danielle Mariano','Danielle','Rodrigues','daniellerodriguesmariano@hotmail.com','pbkdf2_sha256$10000$FRslq5c1ZTSl$+ZJlISZvbHAeRxbicmNzoHTVurEn7XEgr4ng6Zn1mY4=',0,1,0,'2012-11-08 00:46:23','2012-10-16 02:50:59'),(91,'Gui.felizpe','Guilherme','Campos Pereira','guicppp@yahoo.com.br','pbkdf2_sha256$10000$phtwUMya0gWf$gwAKQntLPov7uJ2Ukuo+SjTaJY0Fm2uhjXuZvrpQ2t0=',0,1,0,'2012-10-17 03:32:25','2012-10-16 03:35:56'),(92,'AlefCastro','Álef','Augusto de Castro','a_lef_sk8@hotmail.com','pbkdf2_sha256$10000$M5QNaXHUIkrx$dsaMXbWXn44CDp2qpM2txHd2M7cvquv1iA7z+dhG1ZA=',0,1,0,'2012-11-07 02:41:02','2012-10-16 04:03:37'),(93,'andreaoliveira1972','Andrea','de  Oliveira','andreaoliveira1972@yahoo.com','pbkdf2_sha256$10000$RcWzJeaLlorr$lj8ke2AzpkZL+zLTSOv2CBCCshdko/OWtdsUolLm/fY=',0,1,0,'2012-11-11 15:01:56','2012-10-16 09:19:09'),(94,'BaAlves','Bárbara','Alves dos Santos','barbaraalvessantos@yahoo.com.br','pbkdf2_sha256$10000$WkT9rFu2TA9C$UWEq7BgQMgAyV0jTyvUvcEK+oJhO536r/meM4Kd9HiM=',0,1,0,'2012-11-09 01:38:10','2012-10-16 13:38:26'),(95,'marcos_silva','Marcos','Vinícius da Silva','marcos.v77@hotmail.com','pbkdf2_sha256$10000$cHrfXTTPyYjf$tziGmFuxwUIqbtgMntWGbqyTpNVKUY6v6sYSWRjKG/0=',0,1,0,'2012-11-09 13:37:13','2012-10-16 14:19:04'),(96,'elisadeoliveira','Elisa','de Oliveira','elisadeoliveira07@hotmail.com','pbkdf2_sha256$10000$1Sc92hRnTjmQ$eAtde12SVCeycFeaqzM3pr2RXGR3tfqsvk7yKmXkQhA=',0,1,0,'2012-11-09 16:08:54','2012-10-16 20:28:20'),(97,'ingrid.ramaldes@hotmail.com','Ingrid','Ramaldes Rocha','ingrid.ramaldes@hotmail.com','pbkdf2_sha256$10000$fG41I6hkXh4R$9U+oMjE6t/Rl0mrBrthet5Z5v60fnCZNALlai+Eyea4=',0,1,0,'2012-11-03 21:45:49','2012-10-17 00:45:35'),(98,'gabriel.ramaldes@hotmail.com','Gabriel','Rocha Ramaldes','ingrid.ramaldes@hotmail.com','pbkdf2_sha256$10000$vd7QpMj77EZ1$EoRQSmY6jFhyJf+n9rHmTJzVtMxZ8U5LXs4i2YpV3gA=',0,1,0,'2012-10-17 01:12:48','2012-10-17 01:12:48'),(99,'jessicass','Jéssica','da Silva Soares','jessicass2006@yahoo.com.br','pbkdf2_sha256$10000$50rf0VBVHuDP$ml9GHZQKL53DonWkqskP+A4YPOZhl7GCQq53tp2a2NA=',0,1,0,'2012-11-05 20:07:44','2012-10-17 22:16:55'),(100,'Aninha','Ana','Laura','lauracastroem@hotmail.com','pbkdf2_sha256$10000$tRJxzh6JN03X$wxcnxpoDMFVsMmuAmQAeFcEwNy2xGuCbjhT2Tc+ViXQ=',0,1,0,'2012-10-21 20:39:40','2012-10-18 00:11:23'),(101,'dianamiranda','Diana','Miranda Chaves','dih.meninadiana@yahoo.com.br','pbkdf2_sha256$10000$RSjFYqyWbJqE$DnKjhqgiJ7z+o3zAooRqv2Js9HDRW+PpVN5CmBuEDl0=',0,1,0,'2012-11-10 20:03:09','2012-10-19 18:58:09'),(102,'Sylvia','Sylvia','Veiga G. Guffey','sylviaveigagguffey@hotmail.com','pbkdf2_sha256$10000$KSmeQfD2qopr$xxds2HAhgmoCuVi/Osulx6YPFL02Y/e/9iYKRFpTwdI=',0,1,0,'2012-10-20 18:45:55','2012-10-20 18:45:41'),(103,'ErnaniAugustus','Ernani','Augusto','ernaniaugustus@gmail.com','pbkdf2_sha256$10000$K63ErPkHqQti$NnF15XWXwuHuH0NOlusLnZ9xI+vCPhKSnGtRY1TEpQM=',0,1,0,'2012-11-06 16:35:22','2012-10-20 19:35:00'),(104,'Diego Felipe ','Diego','Felipe de Oliveira Fernandes','diegobh00@hotmail.com','pbkdf2_sha256$10000$NSwSE7wDSCT0$4rB8b/dE9zgJDpcITz425bewHwI/dxu3gq9Jcy4gytY=',0,1,0,'2012-11-01 10:32:21','2012-10-20 23:53:41'),(105,'PedroIVC','Pedro','Ivo','pedro.vilela.costa@hotmail.com','pbkdf2_sha256$10000$bBQgLkRd6EBh$VK7ghCoXzVodJ6DWQNCDKkZMvkLWa9TkIgMHpfUQXXw=',0,1,0,'2012-11-07 15:20:21','2012-10-21 14:26:09'),(106,'Lalá','Larissa','Nathane','laranathane@gmail.com','pbkdf2_sha256$10000$LuSM93SVcFZy$fXQrop2gdYGn81fmBbw3CWWKkusgBy0r55iilo4nRnc=',0,1,0,'2012-11-04 21:49:58','2012-10-22 00:17:01'),(107,'Encontro 2013','Sue','Hellen','suevitor@msn.com','pbkdf2_sha256$10000$bXdiGc1sqRN6$ruMU7tEw/ZSuuZsbjQ5t3fi6qX8YjSAnu32m6hhgds0=',0,1,0,'2012-11-07 01:29:28','2012-10-22 00:54:09'),(108,'Raiza Serena','Raiza','Serena Barbosa Voltan','raizavoltan@gmail.com','pbkdf2_sha256$10000$1DvVW1Kconr0$ao2JujCw5T+BJJJNLoMsR3tKlXOYGG/QAbUtRA7yt5g=',0,1,0,'2012-12-27 16:23:25','2012-10-22 01:02:19'),(109,'vitorbc','Vitor','Balbino','vitor.balbino@hotmail.com','pbkdf2_sha256$10000$XOrALhxye2n2$XoAQ3PcG0t6PlYO8RTzDJ/0C7MkGdsJmab2vaPbx5oQ=',0,1,0,'2012-11-11 22:03:41','2012-10-22 14:45:58'),(110,'rafinha','Rafael','Alves Pinto','motour2008@hotmail.com','pbkdf2_sha256$10000$2dQM7G76d5pi$Bz2GH+LycWuxg8hDnX+idxv9ywOAD3OcqNj0FYnAr64=',0,1,0,'2012-11-03 13:40:42','2012-10-22 15:36:43'),(111,'Jouberth','Jouberth','Maia Oliveira','jouberth.maia@ig.com.br','pbkdf2_sha256$10000$3JOa053wTZCX$o6UYch2qKnUpIP2nkAgAcev72yCtmeO6D0TC63X8O4M=',0,1,0,'2012-11-09 13:31:30','2012-10-23 02:11:41'),(112,'Jefferson','Jefferson','','Bruninhaalbuquerque@yahoo.com.br','pbkdf2_sha256$10000$hQ7aiCO6WyLm$CqBkLm7ShDIRz9kvaX1PKz1hIfh4bj2XR5tOJfwzEV0=',0,1,0,'2012-11-07 15:43:28','2012-10-23 12:43:22'),(113,'JoyceMara','Joyce',' Mara da silva pinheiro','bruninhaalbuquerque@yahoo.com.br','pbkdf2_sha256$10000$5uXDSP0lVwp7$lWkv04q6UhlbPrtqD3YupmRx7gkBjjGHCgWiNYzQnFg=',0,1,0,'2012-11-07 15:42:38','2012-10-23 12:51:47'),(114,'Catherine Lobenwein','Catherine','Lobenwein','luciane@gravadoralobenwein.com.br','pbkdf2_sha256$10000$9orlZZmRC8EL$JMyCvXIg5sXZQQ4fuyRl0beT5G7Ld3IRcb+gaAYpmro=',0,1,0,'2012-11-10 14:58:27','2012-10-23 14:57:18'),(117,'Tim','Tim','','contatos@timevanessa.com.br','pbkdf2_sha256$10000$RDhcdJYrRKu7$EhHB4E6ZxdeH/3FO8F+KmUZwpGHRWgy77cbLoIAfKMs=',0,1,0,'2012-12-13 09:34:26','2012-10-25 01:09:34'),(119,'ludpenoni','Ludmila','Rocha','ludrpenoni@yahoo.com.br','pbkdf2_sha256$10000$AGEGRM2XK3G4$iUUNzN091cfPzS2Mvj7zc8ux7MsqsqCRaY0i7ctf19Y=',0,1,0,'2012-10-25 19:14:00','2012-10-25 18:49:36'),(120,'sandrinha1501','Sandra','Regina Costa de Oliveira','sandrinha_1993@yahoo.com.br','pbkdf2_sha256$10000$9M335vw6NLpQ$Y7fgnPNpm10trUKA9PV1Vm27uEJSZDB0aD73GxulQUw=',0,1,0,'2012-11-02 13:36:34','2012-10-25 23:53:04'),(121,'rafaelsa97','Rafael','Santos','rafaelsa97@gmail.com','pbkdf2_sha256$10000$HVLv0wEDGD7K$48auEkCXIB7QEKMDCiTrsdSi48WH/mwCx9AR65h1p+A=',0,1,0,'2012-10-26 01:12:35','2012-10-26 01:12:15'),(123,'ighouri','Igor','André Houri','houriigorcosta@gmail.com','pbkdf2_sha256$10000$kTfwDDL00EfY$rKFmMIQw0sy0BKgWD9r2QGSZc6CoUYEmiq02e7oZw78=',0,1,0,'2012-10-27 00:17:57','2012-10-27 00:17:42'),(125,'Betania','Betania','Dorna','betaniadorna@hotmail.com','pbkdf2_sha256$10000$rGAd33gZVVVX$7FX3Ktpf823pJSIpSxBdzZCYbQlJntVnCayY5y+6PP8=',0,1,0,'2012-11-17 20:39:49','2012-10-27 00:32:40'),(126,'Fernanda','Fernanda','Camila','ceenanda@gmail.com','pbkdf2_sha256$10000$G4o39DZbGoMH$dHf+E2JePMqRge4wnVOcIr0Ps1gh2JKfvO2Px7D8nKQ=',1,1,0,'2013-01-18 21:41:58','2012-10-27 00:53:26'),(127,'andre.gabs','André','Rocha','andre.gabs@gmail.com','pbkdf2_sha256$10000$tigUwigvWflD$rhik/WY7asI5V/EavrW+rQIBomTdpC6JFIudeomr+b8=',0,1,0,'2012-10-27 11:10:56','2012-10-27 11:10:43'),(130,'froilan','Froilan','Wendes da Silva','froilansilva@hotmail.com','pbkdf2_sha256$10000$K1954Z9W6Irh$RAU/7iiM1VVHsbVA4SpHvRdSKsiv6LRbnKkzyC4KcnQ=',0,1,0,'2012-10-28 00:36:12','2012-10-28 00:35:57'),(132,'yuri_lab@hotmail.com','Yuri','Luciano','yuri_lab@hotmail.com','pbkdf2_sha256$10000$cBpvSQWEPvqr$NdSZWtixPM5Vm8IBfAjbpcgsPG+NYRbWtp8vey+ROJI=',0,1,0,'2012-10-29 19:59:07','2012-10-28 11:22:37'),(133,'sis','Stela','Ishitani Silva','tetelaishitani@hotmail.com','pbkdf2_sha256$10000$13kMnNub7W9P$dtreJX5mF4RJ0SBPTrMX1hr8+DY7x9ATCJs2E/hOlnc=',0,1,0,'2012-10-28 18:31:55','2012-10-28 18:31:44'),(134,'felipetorres','Felipe','Torres de Oliveira','felizpetorres@gmail.com','pbkdf2_sha256$10000$G6fsdN5tbPz5$4Tel+jspxRcOZDI/+XVj7+C2Hub0lsKLDTkmcjDZBYU=',1,1,1,'2013-01-12 12:11:42','2012-10-28 19:19:31'),(135,'Ana','Ana','Paula','anacampossimoes@gmail.com','pbkdf2_sha256$10000$kgYoGLesgOIR$ZcAAemaKee//nvTd3yd39LQjYbUbHT58DYlSOf2BJy0=',0,1,0,'2012-10-28 20:01:44','2012-10-28 19:46:22'),(136,'Francisco','Francisco','Biagio Murta e Di Flora','Chicobmflora@yahoo.com.br','pbkdf2_sha256$10000$ijyvhXAbG3Bi$5yFxToCTjAl0Ewqj5s9Od4NuZlhCcbT4/AIHyVY6NXk=',0,1,0,'2012-11-10 11:53:52','2012-10-28 20:37:18'),(137,'Lucila Khouri','Lucila','Khouri','lucila.khouri@gmail.com','pbkdf2_sha256$10000$xMvE4iEYm1Ev$ZF9vwkV9fntPQVKVciZKNf31pV/92+U7HMFOjLHnv4U=',0,1,0,'2012-11-07 22:04:08','2012-10-29 12:47:36'),(138,'Raynara','Raynara','Ísis Barbosa Voltan','raynaravoltan@hotmail.com','pbkdf2_sha256$10000$teZMZGBtLhKe$UO+X8mkKqFmI0nGBiNmALPpQSKvyz2hXxY+Cqqva15E=',0,1,0,'2012-10-30 16:13:36','2012-10-29 12:56:36'),(139,'adrianamara','Adriana','Mara','adrianamaradeabreu@hotmail.com','pbkdf2_sha256$10000$FCZdqrkI8IFz$OuPGrE7lbxSL2Y2/i27MA+q0AhY78U2STODLAnKx/Ko=',0,1,0,'2012-11-16 17:35:05','2012-10-29 20:48:56'),(140,'Jones','Thiago','Augusto Miranda Novais','filosofo_viver@hotmail.com','pbkdf2_sha256$10000$gMNeyeBxRWbW$+2SFQjgZQsIaga7YZ4lwS9nM+owaGvmAoetsonHBwtY=',0,1,0,'2012-10-30 00:46:43','2012-10-30 00:46:29'),(141,'Asanavia','Augusto','Sanavia Rocha','augustosanavia@hotmail.com','pbkdf2_sha256$10000$ttzofrJoaI0S$bwx+MfGjIrIWUT24vz04Q9a7kwIlXReZQ6XDyNP6Ux0=',0,1,0,'2012-11-07 01:47:44','2012-10-30 10:21:03'),(142,'Maíra','Maíra','Izabel Silva','maira.izabel@yahoo.com.br','pbkdf2_sha256$10000$ASMmzBfU3Uua$d0tTGodsrJnTBuTI64YHk3n4GBvFJB+mpT6VeZiswLE=',0,1,0,'2012-11-01 21:34:24','2012-10-30 13:15:23'),(143,'ceolinpaiva','Alexandre','Ceolin Paiva','ceolinpaiva@gmail.com','pbkdf2_sha256$10000$ZwyhC7kp8H4N$0T0LBJGZ5XeaFTZCW6fWLgLnJaJzjHAiZJtf/0HRTUM=',0,1,0,'2012-10-30 16:59:41','2012-10-30 16:58:52'),(144,'gabi4f','Gabriela','Oliveira Alves','gabioliveira014@gmail.com','pbkdf2_sha256$10000$bTX0LxgSsvJo$sNvyUh5RN+D8JTPDBb0eEm8MwT/IxaXqAca3rjXTkUk=',0,1,0,'2012-10-31 00:07:06','2012-10-31 00:06:53'),(149,'Diego A. Paula','Diego','Aguiar de Paula','diegoapaula22@gmail.com','pbkdf2_sha256$10000$OGlW19adWR4P$yNhI9qIL5ayrjG/D+OxvQM6TY8s1uaUGKhFzniL3cdI=',0,1,0,'2012-10-31 18:00:20','2012-10-31 18:00:05'),(150,'andreluis','André','Luís','anndreluis79@hotmail.com','pbkdf2_sha256$10000$RixRCTb1wlgV$7SIYRKFtvt96JtPHttrdFD/EbvSK9fTGckkyA3FcwWQ=',0,1,0,'2012-11-09 18:57:54','2012-10-31 22:31:22'),(151,'Ayana','Ayana','Caroline','ayanabraga@oi.com.br','pbkdf2_sha256$10000$stgd08nAzjG1$dCfVRLp88t5faTcfCCGGhbMG7VrxxQNGleWJYeuJpOA=',0,1,0,'2012-10-31 23:28:16','2012-10-31 23:27:32'),(152,'Otavio','Otávio','Balbino','otavio.bc@hotmail.com','pbkdf2_sha256$10000$Ql5B0qudVjFf$sLLq0yglsX+rcyc2Ot5eRC23AwoeYdqKfJYEHBZX160=',0,1,0,'2012-11-11 13:25:24','2012-10-31 23:43:51'),(153,'Karine Lacerda','Karine','Mônica Lacerda','karinelacerda11@hotmail.com','pbkdf2_sha256$10000$ydwqxP1i3n1L$TMpFrWtM5sqD9H5Bvk19GN7CC7lqCzV0uyuBglMmY/4=',0,1,0,'2012-11-08 11:20:09','2012-11-01 09:59:29'),(154,'belpmf@yahoo.com.br','Cibele','Franco','belpmf@yahoo.com.br','pbkdf2_sha256$10000$VxPmBi13uTRB$n80+5IbTR1VLpbYJmVgIB9flwFJcE0dKChMBqCaloUg=',0,1,0,'2012-11-01 13:15:58','2012-11-01 13:15:40'),(155,'gabrielsouza','Gabriel','de Oliveira Souza','gabrielosouza1@hotmail.com','pbkdf2_sha256$10000$Tu5SP0AF3lkB$ydSZDsTXgyyuKH12tNbvAWpntWKaHZG7wMQCwAroysI=',0,1,0,'2012-11-01 23:48:32','2012-11-01 23:48:20'),(156,'RickHouri','Ricardo','Houri','rickhouri@hotmail.com','pbkdf2_sha256$10000$4KknmI4NAUEw$gGb7VMmkQz99mYl40GBqyqyFa4G9IRnp5vnm8ZdBMso=',0,1,0,'2012-11-22 22:33:51','2012-11-02 01:02:53'),(157,'Italo Rafael','Italo','Rafael','jojoduedu@yahoo.com.br','pbkdf2_sha256$10000$HDbx6bLcTb8m$Fbj7hB5mf5vvIAMN7OEXgtRX9XtVr0zUoo3gdAM3AaI=',0,1,0,'2012-11-02 02:06:25','2012-11-02 02:06:11'),(158,'victorandrehc','Victor','André Houri','victorandrehc@gmail.com','pbkdf2_sha256$10000$glppXt6KMUFa$xfU6cWfyu6g7K3FqGJyGoSnFWRK8Qp86DzD667YtLz0=',0,1,0,'2012-11-02 11:50:31','2012-11-02 11:50:10'),(159,'nathanmarçal','Nathan','Marçal Lima e Silva','nathan-1993@hotmail.com','pbkdf2_sha256$10000$BHgLDznNbJOm$zzCZnMzcaVqBGrhCXYWXpxvPyUI8BLms+HsfPzmKHug=',0,1,0,'2012-11-02 16:51:54','2012-11-02 16:51:40'),(160,'bruna_bwb@hotmail.com','Bruna','Viana','brunamensageiros@gmail.com','pbkdf2_sha256$10000$iNZfeRJebjol$TcHH0sTVRXqOiYILdFy8/kYOV3jvu6YBJspgyPSadeI=',0,1,0,'2012-11-02 20:55:50','2012-11-02 20:54:29'),(161,'dayanamarindion@hotmail.com','Dayana','Gracielle','dayanamarindion@hotmail.com','pbkdf2_sha256$10000$vXCgpRmnuMdZ$zNhGdy6cWWpKGlGPEKmJtKdCzJwZphZhNqwVTC6Y2so=',0,1,0,'2012-11-02 23:52:04','2012-11-02 23:51:41'),(162,'isi16011994','Raíssa','Leandro Sacramento','rarafofinha2010@hotmail.com','pbkdf2_sha256$10000$7ZzrqoEr15th$W8wNIJ9JXncK6omMts/yNRYoOL+h4JzxEMobSSyE7ls=',0,1,0,'2012-11-03 15:03:09','2012-11-03 14:54:56'),(163,'rafael895','Rafael','Emmanuel Sousa Cunha','rafael8895@hotmail.com','pbkdf2_sha256$10000$oCHGgOX5xK8J$485FptNjW2DJ4/lOoQi+Ob7WlzpNgxPXHc7oifEss3g=',0,1,0,'2013-02-08 18:44:24','2012-11-03 17:50:57'),(164,'clara.pink.bretas@hotmail.com','Ana','Clara','clara.pink.bretas@hotmail.com','pbkdf2_sha256$10000$FMua46d8S7Qk$r0sV1fpcVD5w+9N05Kgv6o1MQfsVOLEVjDAL4VHTmYk=',0,1,0,'2012-11-03 17:59:41','2012-11-03 17:59:41'),(165,'leocpsousa','Leonardo','Coura Pena de Sousa','leocpsousa@gmail.com','pbkdf2_sha256$10000$EYkAabLDvfwL$lXsh94qH/rkGtBhFtXLpUzSnRKWSO/czMLDB26dG0vE=',0,1,0,'2012-11-29 23:33:47','2012-11-03 18:53:44'),(166,'thaisaraujo','Thais','Rodrigues de Araújo','thais_th_araujo@hotmail.com','pbkdf2_sha256$10000$s59yAZH8VZuf$y/aaX8s2o61Ubcb3yJn8EUNEH7aZRl8kdUD7Lert9GE=',0,1,0,'2012-11-10 14:46:04','2012-11-03 19:06:14'),(167,'carol','Ana','Carolina','Caroliveira09@hotmail.com','pbkdf2_sha256$10000$XKGgcYdSju6S$9FBolDdC6gA61mwuv58XL6glON+4KhH/Ryad5LqRq/8=',0,1,0,'2012-11-03 19:56:10','2012-11-03 19:55:49'),(168,'juliababetto','Julia','Babetto','juliababetto2006@hotmail.com','pbkdf2_sha256$10000$YLYt1FjS8j7O$HdDcNbnRRQ4wObZB9sbT7iWP1xfyAc3Sx4hmLIbr8h0=',0,1,0,'2012-12-10 23:12:38','2012-11-03 22:48:10'),(169,'carolkamei','Carolina','Yumi Iceri Kamei','eduicerik@hotmail.com','pbkdf2_sha256$10000$z1vy4aymUm6v$SVKe2H1vu4IGbvvbrtZ07wBkDBjDcpDuqk/S+P47JTM=',0,1,0,'2012-11-06 23:08:23','2012-11-03 23:19:57'),(170,'Livia','Lívia','Bastos','livialimabastos@hotmail.com','pbkdf2_sha256$10000$ChGWDSzfm8wZ$RCcRpL3u1RBocetixCStD4Z/pZk+yMBS5SBcO/VsMB4=',0,1,0,'2012-11-11 16:57:00','2012-11-03 23:44:12'),(172,'Luisabarcelos','Luísa','Barcelos ','luisabarcelosreis@hotmail.com','pbkdf2_sha256$10000$dkTHdwvyGqj6$ZJTmI97gyI/193qcbNrzd9A9nvtXSCh9TeRRXlsi/rM=',0,1,0,'2012-11-10 15:43:57','2012-11-04 14:10:23'),(173,'AlineBarcelos','Aline','Barcelos ','aline.d.oliveira@hotmail.com','pbkdf2_sha256$10000$knzk2xfoEehh$JPJmAE80nxDGlbb9TOe70sAYbvCXMSlbqiJ/SCro4N0=',0,1,0,'2012-11-10 15:49:50','2012-11-04 19:14:49'),(174,'fabiohism','Fábio','Henrique Menezes Bento','binho96@hotmail.com','pbkdf2_sha256$10000$TYnyxuNQDYVW$p0w34Ptdww0VFQBAyGeW6+HovaGMuzKqmH00uuxyjbY=',0,1,0,'2012-11-04 21:52:13','2012-11-04 21:45:18'),(175,'Yasminjr','Yasmin','Reis ','yasminjreis@hotmail.com','pbkdf2_sha256$10000$QleaEzKJ8X34$3/nUkaykKFvtwbtLlFFkj/OCnbnNE9lj0BpeIf8WKmw=',0,1,0,'2012-11-10 15:51:13','2012-11-05 13:13:27'),(176,'Bárbara','Bárbara','Junqueira','babi14reis@hotmail.com','pbkdf2_sha256$10000$BLKU5t9IEbxJ$sVwJIbKqn8olyH138+4qW83VOT7RXM6DJvhAnTsuoaE=',0,1,0,'2012-11-10 15:47:39','2012-11-05 13:14:07'),(177,'_porodrigues','Pedro','Oliveira','p.o.rodrigues@hotmail.com','pbkdf2_sha256$10000$C9a0SmwF0goa$ib2m161ng8yy0nJLjVHv87gJzj++5ht1kQGSC0BzGMs=',0,1,0,'2012-11-18 20:18:46','2012-11-05 21:07:29'),(178,'161296','André','Oliveira','andreof18@yahoo.com.br','pbkdf2_sha256$10000$awNFeIyodvq5$EGoUZPLZG3GY1jEUPpOV/Kgi/+TlCARIrFet7cmy6hg=',0,1,0,'2012-11-06 23:13:00','2012-11-06 15:57:49'),(179,'agabriel','André','Luís da Silva Gabriel','andrelsgabriel@gmail.com','pbkdf2_sha256$10000$DHjxjp1UNEL9$1VRd8MHAAqGvECVTOS2qia+1ZmM3t50YMPYRWsM6R9k=',0,1,0,'2012-11-06 16:08:10','2012-11-06 16:07:51'),(180,'flávio','Flávio','Silva','flavinho92vinicios@gmail.com','pbkdf2_sha256$10000$S4Mx3sozkk7Y$9hWIQ91Bg6JW0Y1r84o4jaP3EfCtY7GaI+fD2/BEKJ8=',0,1,0,'2012-11-07 00:43:32','2012-11-07 00:43:15'),(181,'maricris_sg@hotmail.com','Mariana','Cristina da Silva Gabriel','maricris_sg@hotmail.com','pbkdf2_sha256$10000$lVTSSIYFl4Xi$C3Zs3J72B42HgPob+AfcfqNoQp7UWiVhkNOu+zMe9lQ=',0,1,0,'2012-11-07 02:25:21','2012-11-07 02:25:04'),(182,'renner.gama','Ivan','Renner Lage Ferreira da Gama F','renner.gama@gmail.com','pbkdf2_sha256$10000$mqkrCdy5HpjQ$urKfZqPkSv0lXmDIQMbO+8rwOTX2yfR51NMO+RCmXcc=',0,1,0,'2012-11-07 22:03:14','2012-11-07 10:19:39'),(183,'amanda.barbalho','Amanda','Barbalho','barbalho.amanda@hotmail.com','pbkdf2_sha256$10000$pHsk48W4iplX$VleCsH15kRvZx9dDHr4acTzQjOkH860H4VK9akebg1s=',0,1,0,'2012-11-07 14:31:18','2012-11-07 14:30:23'),(184,'Larissa','Larissa','Barbalho','larissa.barbalho@hotmail.com','pbkdf2_sha256$10000$au0buE4SshNM$cE0/mJjC5HwufRNcIMtrlthi93dxgEVGi4Fyd0lv/EI=',0,1,0,'2012-11-07 14:32:39','2012-11-07 14:32:16'),(185,'Isabela Maria','Isabela','Maria Lopes Silva','isabelamaria_93@hotmail.com','pbkdf2_sha256$10000$g3jHKr2FgQVo$CufIgHLwKAuBikpQ37LlRjY92vP0iL3TZ/HC/ehtIoM=',0,1,0,'2012-11-07 15:10:43','2012-11-07 15:10:30'),(186,'Pedroalbuquerque','Pedro','Albuquerque Teles','Bruninhaalbuquerque@yahoo.com.br','pbkdf2_sha256$10000$ES7IiLfpfy5s$s4FfZ/lJaMbBR8hcSttq12M51OjjGE5MqQR+1u7/lO4=',0,1,0,'2012-11-07 15:46:01','2012-11-07 15:45:50'),(189,'commeb2012nicolle','Nicolle','Avidago','cavidago@yahoo.com.br','pbkdf2_sha256$10000$8qUwrfmTDGlB$v1nB/MtVYpBUj+B3JR9CCkc70EMkbULVrzSLJ/ZewwQ=',0,1,0,'2012-11-07 18:06:41','2012-11-07 18:06:22'),(190,'Barbara Luiza','Bárbara','Luiza de Assis Araujo Ferreira','blaaferreira@hotmail.com','pbkdf2_sha256$10000$dytjyvPQKH0w$V+hOWO64P5OCV0R7dRmDVLIa4Zc86U6PH/a4mdJak9M=',0,1,0,'2012-11-08 23:36:00','2012-11-07 22:54:38'),(191,'bruna canesso','Bruna','Oliveira Froes Canesso','brunacanesso@gmail.com','pbkdf2_sha256$10000$mIY43m0h8KOH$idJUYLCua6zrRveuD2C67P4+L1Gnh74X+qzNq2nMdfY=',0,1,0,'2012-11-08 00:47:08','2012-11-08 00:46:35'),(192,'Augusto Dori','José','Augusto','augustto.costa@hotmail.com','pbkdf2_sha256$10000$xsVeAZNKs4Tm$J7VICR8J281LKBmdChhZ6nwd56dpqOaM8Rt+AqQ9FAs=',0,1,0,'2013-01-02 17:50:16','2012-11-08 17:22:43'),(193,'alienecassia','Aliene','Cássia','alienecassia@hotmail.com','pbkdf2_sha256$10000$Z9s5pfK1PMIs$YaQIHN6TGfvkCDxwmEhY1Nrp2HmcLatuOWeths4z2YA=',0,1,0,'2012-11-08 17:43:30','2012-11-08 17:43:08'),(194,'Scheillabastos ','Scheilla','de Lima Bastos','scheilla_bastos@hotmail.com','pbkdf2_sha256$10000$O4qxglu4fTXN$nhCxtYAjeklLCRd9NujOHZBcQLR5EatJlwAa1fpgtlk=',0,1,0,'2012-11-08 21:01:50','2012-11-08 21:01:35'),(195,'Marialuisa','Maria','Luiza dos Santos Bastos','marialuisa_santos12@hotmail.com','pbkdf2_sha256$10000$oHaKO5eMA1i0$ZmQHiiDeGNo5xRKyIXqkedvpJYjIyUNwPhNZFHgzXG0=',0,1,0,'2012-11-08 21:33:34','2012-11-08 21:33:10'),(196,'amandajg','Amanda','Jacques Gaio','amanda.ajg_ajg@hotmail.com','pbkdf2_sha256$10000$XfGNWGaJAa3m$Y+d4e8Ll3QECXGT2CjVIwEtFVN1Jc8cyZ+fkKUbnoZI=',0,1,0,'2013-02-08 20:52:51','2012-11-09 00:35:27'),(197,'Adriano_araujo','Adriano','Rodrigues de Araújo','adriano_araujo2008@hotmail.com','pbkdf2_sha256$10000$47WmeOI40Fcf$la5eetdGWhCBxaZG8Q4VyfYrqthOcKxgq0cIqdlyzUE=',0,1,0,'2012-11-10 14:41:20','2012-11-09 11:20:39'),(198,'LuisVilaça','Luis','Vilaça','yue_luis@hotmail.com','pbkdf2_sha256$10000$HSeCDm82DuLm$MV34HM6xU+k68Fah9FfRa2bjeWMcoPf28CJu0Z/jto4=',0,1,0,'2012-11-13 11:32:50','2012-11-09 14:16:39'),(199,'saulois','Saulo','Ishitani Silva','primeirosaulo@gmail.com','pbkdf2_sha256$10000$bri4ePiVZOi7$cgFhNS6AB1YkI44R5OhYY9r+9x96kUoMcgPLVng2A14=',0,1,0,'2012-11-09 15:28:34','2012-11-09 15:28:24'),(200,'Luiz Eduardo','Luiz','Eduardo','du.ziul@hotmail.com','pbkdf2_sha256$10000$T1UQka5ylbTD$XX5YCkP/0Lihp6/rOCzO595Hw1CkcF2ZAcLCrFKdpPw=',0,1,0,'2012-11-09 21:26:12','2012-11-09 16:32:42'),(201,'lucas peter','Lucas','Peter Motti Rodrigues','lucaspeter3@hotmail.com','pbkdf2_sha256$10000$xLRQpkRD9ANH$G7I5j5K9Soh5+2GXByldeHKCxkcdqEFYrXOfvzq3DtY=',0,1,0,'2012-11-09 17:10:29','2012-11-09 17:10:16'),(202,'livia raquel','Lívia','Raquel','jojoduedu@yahoo.com.br','pbkdf2_sha256$10000$H9mVeLYYwiWV$JmX6bm8QupDDCjRbnqSW8kGTMMwWKt+i+zpiVScpgh8=',0,1,0,'2012-11-10 15:07:05','2012-11-09 19:45:36'),(203,'elaine.sgomes','Elaine','Gomes','elaine.sgomes2@gmail.com','pbkdf2_sha256$10000$GmeTpbq62pUf$lLQsMW8rJeeq73zEVigAKZdTvu2rYVrbz98KOvJ7XPI=',0,1,0,'2012-11-09 20:23:02','2012-11-09 20:22:49'),(204,'luanateixeira','Luana','Amélia de Abreu Teixeira','luanateixeiira@hotmail.com','pbkdf2_sha256$10000$t3eTrlzU8fxp$rOjN8gvlsg4RpWDGaajhRq+j2M7Fx/fffNx1LJGdrkE=',0,1,0,'2012-12-12 15:26:27','2012-11-09 20:29:11'),(205,'Lucas','Lucas','Augusto Santos de Assis','lucas.asa@hotmail.com','pbkdf2_sha256$10000$7ncx421IppFq$ExmYowKQReaznmCnupuh8Vq+VNU1kYirbeOuU4La9RY=',0,1,0,'2012-11-09 21:29:29','2012-11-09 20:51:29'),(206,'tatianamara','Tatiana','Mara da Silva Gabriel','tatianamara_sg@hotmail.com','pbkdf2_sha256$10000$ewSMG6aG8mSY$pekGp+ocsavnrASrlXIvLvtbni8BSDtxcwZd/0P9V40=',0,1,0,'2012-11-10 00:05:21','2012-11-10 00:05:05'),(207,'ligiabarros','Lígia','Barros','ligiabarrosdeoliveira@hotmail.com','pbkdf2_sha256$10000$T23JbsiE8Qyg$NGglSfo4urnYhSujw1NxflNbeuOcxb3L5rXh7eZYcRY=',0,1,0,'2012-11-12 13:41:33','2012-11-10 01:30:20'),(208,'frankielle','Frankielle','Wendrea da Silva e Souza','franklinmeja@yahoo.com.br','pbkdf2_sha256$10000$QFfBNc8ahtB4$vWlzzXlPM2iT5qeNePnMCDtqOZD4AWkAVhxH0Lb+fcc=',0,1,0,'2012-12-01 20:51:15','2012-11-10 01:35:21'),(209,'Dada','Adailton','Caetano da Silva','glauco.parreiras@hotmail.com','pbkdf2_sha256$10000$TH1Ssuo7uwTi$nYYbePxqzR85bsdvYe6tZtselYVx7LBXPIhaHHZCkRg=',0,1,0,'2012-11-10 22:25:56','2012-11-10 22:25:56'),(210,'ana_mom22@live.com','Ana','Cláudia','ana_mom22@live.com','pbkdf2_sha256$10000$Q8pstRzN1nBi$aSdbfyqD7WdAHJW0vrXo2F60sK03oZr5RqHBt90i9VA=',0,1,0,'2012-11-12 21:45:44','2012-11-11 12:40:25'),(211,'Matheus','Matheus','Rodrigues','ramondiniz10@yahoo.com.br','pbkdf2_sha256$10000$Nrmnkqk5T27F$dE2DdeZh6m2trgKsTjsBUrWpbsFOY2jZTSiL+9/CGx0=',0,1,0,'2012-11-11 15:01:05','2012-11-11 15:01:05'),(212,'marinaestanislau_16@hotmail.co','Marina','Estanislau Machado','marinaestanislau_16@hotmail.com','pbkdf2_sha256$10000$L9LHl4KAcprE$Nnp9Lq4hlK+J4BFemwiaVW0uta0XnEgY0bSEx1Ocd6I=',0,1,0,'2012-11-11 18:33:16','2012-11-11 18:33:00'),(213,'Bruna Shakira','Bruna','Shakira','glaucoinstrutor@hotmail.com','pbkdf2_sha256$10000$8qaJS3ZK6zZZ$2wmOXXur8QDMpE6hXbtQq+c0Wlggzpc5uW0kXJj3Tqk=',0,1,0,'2012-11-12 00:05:16','2012-11-11 22:44:04'),(214,'tulios55','Túlio','Sérvio','tulios55@hotmail.com','pbkdf2_sha256$10000$yfiMKspJxR2I$DUe4iTOZOF5C9WG9xxcWk6bY0eDX+BuXX7ZVta6GAtU=',0,1,0,'2012-11-12 19:41:35','2012-11-12 19:39:21'),(215,'JoanaPimenta','Joana','Pimenta ','pimentajoaninha@hotmail.com','pbkdf2_sha256$10000$aVfPl1x4hDbU$nfXJPMYzIK2KWZaMTNlBLmOHGrgfNUAKlNmVIkMLIG0=',0,1,0,'2012-11-13 20:26:35','2012-11-12 20:15:30'),(216,'stelaine','Stelaine','Barros','stelainebarros@hotmail.com','pbkdf2_sha256$10000$Bd2j5FowLpFQ$e/STTacynUAy9j4K3vfOrH8NZB3IJBJ56e3EPYaH8RE=',0,1,0,'2012-11-13 02:28:04','2012-11-12 21:23:23'),(217,'railan','Railan','Pereira','railanmota@hotmail.com','pbkdf2_sha256$10000$0k8EjRVyOc0M$nBlT9YQ7czasp8NkJz/XG/u22Q+ZFTbr1822E1h3mEo=',0,1,0,'2012-11-16 19:42:44','2012-11-13 19:17:16'),(219,'Sarah Guimaraes','Sarah','Guimarães','enfermeirasarah@ig.com.br','pbkdf2_sha256$10000$MPUqQqYDPzaI$1YALvAHdDZTxocurnKBcwXvriTzWh81Q+OssAMbH45k=',0,1,0,'2012-11-19 14:07:19','2012-11-14 20:57:05'),(220,'nadia','Nádia','Marçal Lima e Silva','yuki_nadi@hotmail.com','pbkdf2_sha256$10000$gcA2ebWydCKI$bqFLnwwrloOqW0kWeFIdAERvgcryoRFTRIsuXyKeEX8=',0,1,0,'2012-11-16 18:30:57','2012-11-16 18:30:33'),(221,'luismara','Luís','Henrique Mara de Andrade','arianemaia8@gmail.com','pbkdf2_sha256$10000$WHciNyEatQRT$rOhEKCGGR6cjpzcB45VIAv5frxTIUqY9/Q3+nYOPoRQ=',0,1,0,'2012-11-17 22:39:49','2012-11-17 22:38:52'),(222,'tbajur','Thiago','Bajur','tbajur@hotmail.com','pbkdf2_sha256$10000$xtdIx5SEQbxr$vKWHj6IJ1aeVouRIH16NsZ+I1Ahq9hQlvuopw/RKJAI=',0,1,0,'2012-11-18 00:00:46','2012-11-18 00:00:33'),(223,'ThalesBajur','Thales','Bajur','thalesbajur@hotmail.com','pbkdf2_sha256$10000$y1Ae3eH2A8yP$pi8efEEf9Cpd9uWX5RwkxwtwGLJBG9Cz4DeSsrUiGM4=',0,1,0,'2012-11-24 12:38:31','2012-11-18 00:05:56'),(224,'Raphaelziviani','Raphael','Araújo de Faria Ziviani','arianemaia8@gmail.com','pbkdf2_sha256$10000$LeUoKiA8s7dk$jZHLbQo8S1QSmtRe+IIcopXRqromGX5qWuAVY53Kmq4=',0,1,0,'2012-11-20 19:31:48','2012-11-20 19:30:31');
/*!40000 ALTER TABLE `auth_user` ENABLE KEYS */;
UNLOCK TABLES;

--
-- Table structure for table `auth_user_groups`
--

DROP TABLE IF EXISTS `auth_user_groups`;
/*!40101 SET @saved_cs_client     = @@character_set_client */;
/*!40101 SET character_set_client = utf8 */;
CREATE TABLE `auth_user_groups` (
  `id` int(11) NOT NULL AUTO_INCREMENT,
  `user_id` int(11) NOT NULL,
  `group_id` int(11) NOT NULL,
  PRIMARY KEY (`id`),
  UNIQUE KEY `user_id` (`user_id`,`group_id`),
  KEY `auth_user_groups_fbfc09f1` (`user_id`),
  KEY `auth_user_groups_bda51c3c` (`group_id`),
  CONSTRAINT `group_id_refs_id_f0ee9890` FOREIGN KEY (`group_id`) REFERENCES `auth_group` (`id`),
  CONSTRAINT `user_id_refs_id_831107f1` FOREIGN KEY (`user_id`) REFERENCES `auth_user` (`id`)
) ENGINE=InnoDB AUTO_INCREMENT=5 DEFAULT CHARSET=latin1;
/*!40101 SET character_set_client = @saved_cs_client */;

--
-- Dumping data for table `auth_user_groups`
--

LOCK TABLES `auth_user_groups` WRITE;
/*!40000 ALTER TABLE `auth_user_groups` DISABLE KEYS */;
INSERT INTO `auth_user_groups` VALUES (3,52,1),(4,73,2),(1,117,1),(2,126,1);
/*!40000 ALTER TABLE `auth_user_groups` ENABLE KEYS */;
UNLOCK TABLES;

--
-- Table structure for table `auth_user_user_permissions`
--

DROP TABLE IF EXISTS `auth_user_user_permissions`;
/*!40101 SET @saved_cs_client     = @@character_set_client */;
/*!40101 SET character_set_client = utf8 */;
CREATE TABLE `auth_user_user_permissions` (
  `id` int(11) NOT NULL AUTO_INCREMENT,
  `user_id` int(11) NOT NULL,
  `permission_id` int(11) NOT NULL,
  PRIMARY KEY (`id`),
  UNIQUE KEY `user_id` (`user_id`,`permission_id`),
  KEY `auth_user_user_permissions_fbfc09f1` (`user_id`),
  KEY `auth_user_user_permissions_1e014c8f` (`permission_id`),
  CONSTRAINT `permission_id_refs_id_67e79cb` FOREIGN KEY (`permission_id`) REFERENCES `auth_permission` (`id`),
  CONSTRAINT `user_id_refs_id_f2045483` FOREIGN KEY (`user_id`) REFERENCES `auth_user` (`id`)
) ENGINE=InnoDB AUTO_INCREMENT=22 DEFAULT CHARSET=latin1;
/*!40101 SET character_set_client = @saved_cs_client */;

--
-- Dumping data for table `auth_user_user_permissions`
--

LOCK TABLES `auth_user_user_permissions` WRITE;
/*!40000 ALTER TABLE `auth_user_user_permissions` DISABLE KEYS */;
INSERT INTO `auth_user_user_permissions` VALUES (20,2,25),(21,2,31),(15,2,32),(16,2,33),(17,2,34),(18,2,35),(19,2,36);
/*!40000 ALTER TABLE `auth_user_user_permissions` ENABLE KEYS */;
UNLOCK TABLES;

--
-- Table structure for table `django_admin_log`
--

DROP TABLE IF EXISTS `django_admin_log`;
/*!40101 SET @saved_cs_client     = @@character_set_client */;
/*!40101 SET character_set_client = utf8 */;
CREATE TABLE `django_admin_log` (
  `id` int(11) NOT NULL AUTO_INCREMENT,
  `action_time` datetime NOT NULL,
  `user_id` int(11) NOT NULL,
  `content_type_id` int(11) DEFAULT NULL,
  `object_id` longtext,
  `object_repr` varchar(200) NOT NULL,
  `action_flag` smallint(5) unsigned NOT NULL,
  `change_message` longtext NOT NULL,
  PRIMARY KEY (`id`),
  KEY `django_admin_log_fbfc09f1` (`user_id`),
  KEY `django_admin_log_e4470c6e` (`content_type_id`),
  CONSTRAINT `content_type_id_refs_id_288599e6` FOREIGN KEY (`content_type_id`) REFERENCES `django_content_type` (`id`),
  CONSTRAINT `user_id_refs_id_c8665aa` FOREIGN KEY (`user_id`) REFERENCES `auth_user` (`id`)
) ENGINE=InnoDB AUTO_INCREMENT=265 DEFAULT CHARSET=latin1;
/*!40101 SET character_set_client = @saved_cs_client */;

--
-- Dumping data for table `django_admin_log`
--

LOCK TABLES `django_admin_log` WRITE;
/*!40000 ALTER TABLE `django_admin_log` DISABLE KEYS */;
INSERT INTO `django_admin_log` VALUES (1,'2012-09-05 05:03:50',1,3,'2','thiago',1,''),(2,'2012-09-05 05:04:45',1,3,'2','thiago',2,'Modificado password, is_staff, is_superuser e user_permissions.'),(3,'2012-09-05 05:05:04',1,3,'2','thiago',2,'Modificado password, first_name, last_name e email.'),(4,'2012-09-05 05:12:09',1,2,'1','Coordenação Geral',1,''),(5,'2012-09-05 05:12:29',1,3,'3','teste_geral',1,''),(6,'2012-09-05 05:12:49',1,3,'3','teste_geral',2,'Modificado password, is_staff e groups.'),(7,'2012-09-05 05:13:45',1,3,'3','teste_geral',3,''),(8,'2012-09-05 14:13:29',1,3,'4','felipe',1,''),(9,'2012-09-05 14:13:53',1,3,'4','felipe',2,'Modificado password, first_name, last_name, email, is_staff e is_superuser.'),(10,'2012-09-05 14:18:23',4,8,'1','Mocidade Espírita \"Os Mensageiros\"',1,''),(11,'2012-09-05 14:20:30',4,3,'5','Hugo',1,''),(12,'2012-09-05 14:28:30',4,3,'5','Hugo',2,'Modificado password, first_name, last_name e email.'),(13,'2012-09-05 17:44:16',4,9,'1','Hugo Alves',1,''),(14,'2012-09-05 23:57:09',2,8,'2','CEAU',1,''),(15,'2012-09-06 02:06:39',2,8,'2','CEAU',3,''),(16,'2012-09-06 19:08:10',2,8,'3','Anália Franco',1,''),(17,'2012-09-06 23:10:48',2,8,'3','Anália Franco',2,'Modificado limite_confraternistas.'),(18,'2012-09-07 02:04:53',2,8,'3','Anália Franco',2,'Modificado limite_confraternistas.'),(19,'2012-09-07 02:05:11',2,8,'3','Anália Franco',2,'Nenhum campo modificado.'),(20,'2012-09-07 02:28:21',2,8,'3','Anália Franco',2,'Modificado limite_confraternistas.'),(21,'2012-09-07 02:57:43',1,11,'4','mouse (Mocidade Espírita \"Os Mensageiros\")',2,'Modificado tamanho_camisa.'),(22,'2012-09-07 03:16:12',2,3,'12','olho',3,''),(23,'2012-09-07 03:16:59',2,8,'3','Anália Franco',2,'Modificado limite_confraternistas.'),(24,'2012-09-07 03:20:58',2,8,'3','Anália Franco',2,'Modificado limite_confraternistas.'),(25,'2012-09-07 03:28:31',2,8,'4','Caravana de Luz',1,''),(26,'2012-09-07 03:42:54',2,3,'14','marcao',3,''),(27,'2012-09-07 03:55:00',2,3,'16','fatima',3,''),(28,'2012-09-10 22:48:36',2,8,'5','Paulo de Tarso',1,''),(29,'2012-09-19 23:22:03',2,8,'6','MEJA',1,''),(30,'2012-09-20 00:43:25',2,8,'6','MEJA',2,'Modificado limite_confraternistas.'),(31,'2012-09-20 00:49:42',2,8,'6','MEJA',2,'Modificado limite_confraternistas.'),(32,'2012-09-20 01:03:24',2,11,'21','talco (MEJA)',3,''),(33,'2012-09-20 01:07:31',2,3,'27','talco',3,''),(34,'2012-09-22 20:51:15',2,8,'4','Caravana de Luz',2,'Modificado limite_confraternistas.'),(35,'2012-09-22 20:52:10',2,11,'24','Thiago Simões (Caravana de Luz)',1,''),(36,'2012-09-22 20:59:16',2,8,'4','Caravana de Luz',2,'Modificado limite_confraternistas.'),(37,'2012-09-22 20:59:43',2,11,'24','Thiago Simões (Caravana de Luz)',3,''),(38,'2012-09-22 21:03:39',2,8,'4','Caravana de Luz',2,'Modificado limite_confraternistas.'),(39,'2012-09-22 21:09:36',2,11,'27','Thiago Simões (Caravana de Luz)',1,''),(40,'2012-09-22 21:10:33',2,11,'27','Thiago Simões (Caravana de Luz)',3,''),(41,'2012-09-29 22:31:31',2,11,'13','Winchester de micro (Mocidade Espírita \"Os Mensageiros\")',3,''),(42,'2012-09-29 22:31:31',2,11,'9','Giba (Mocidade Espírita \"Os Mensageiros\")',3,''),(43,'2012-09-29 22:31:31',2,11,'4','mouse (Mocidade Espírita \"Os Mensageiros\")',3,''),(44,'2012-09-29 22:31:31',2,11,'3','teste (Mocidade Espírita \"Os Mensageiros\")',3,''),(45,'2012-09-29 22:31:31',2,11,'7','teclado (Anália Franco)',3,''),(46,'2012-09-29 22:31:31',2,11,'5','carlos (Anália Franco)',3,''),(47,'2012-09-29 22:31:31',2,11,'2','ana (Anália Franco)',3,''),(48,'2012-09-29 22:31:31',2,11,'1','jao (Anália Franco)',3,''),(49,'2012-09-29 22:31:31',2,11,'26','sabrina (Caravana de Luz)',3,''),(50,'2012-09-29 22:31:31',2,11,'25','batata (Caravana de Luz)',3,''),(51,'2012-09-29 22:31:31',2,11,'12','gabi silva (Caravana de Luz)',3,''),(52,'2012-09-29 22:31:31',2,11,'11','arlem henrique (Caravana de Luz)',3,''),(53,'2012-09-29 22:31:31',2,11,'27','jao (Paulo de Tarso)',3,''),(54,'2012-09-29 22:31:31',2,11,'15','Pedro (Paulo de Tarso)',3,''),(55,'2012-09-29 22:31:31',2,11,'14','Jesus (Paulo de Tarso)',3,''),(56,'2012-09-29 22:31:31',2,11,'23','mesa (MEJA)',3,''),(57,'2012-09-29 22:31:31',2,11,'22','talco (MEJA)',3,''),(58,'2012-09-29 22:31:31',2,11,'20','couve (MEJA)',3,''),(59,'2012-09-29 22:31:31',2,11,'19','Larissa (MEJA)',3,''),(60,'2012-09-29 22:31:31',2,11,'18','Caixa (MEJA)',3,''),(61,'2012-09-29 22:31:31',2,11,'17','Thiago (MEJA)',3,''),(62,'2012-09-29 22:31:31',2,11,'16','Ariane (MEJA)',3,''),(63,'2012-09-29 22:31:53',2,9,'13','Larissa',3,''),(64,'2012-09-29 22:31:53',2,9,'12','Ariane',3,''),(65,'2012-09-29 22:31:53',2,9,'11','Jesus',3,''),(66,'2012-09-29 22:31:53',2,9,'10','gabi silva',3,''),(67,'2012-09-29 22:31:53',2,9,'9','arlem henrique',3,''),(68,'2012-09-29 22:31:53',2,9,'7','Giba',3,''),(69,'2012-09-29 22:31:53',2,9,'5','teclado',3,''),(70,'2012-09-29 22:31:53',2,9,'3','teste',3,''),(71,'2012-09-29 22:31:53',2,9,'2','casa',3,''),(72,'2012-09-29 22:31:53',2,9,'1','Hugo Alves',3,''),(73,'2012-09-29 22:32:08',2,8,'3','Anália Franco',3,''),(74,'2012-09-29 22:32:08',2,8,'4','Caravana de Luz',3,''),(75,'2012-09-29 22:32:08',2,8,'6','MEJA',3,''),(76,'2012-09-29 22:32:08',2,8,'1','Mocidade Espírita \"Os Mensageiros\"',3,''),(77,'2012-09-29 22:32:08',2,8,'5','Paulo de Tarso',3,''),(78,'2012-09-29 22:33:03',2,3,'19','win',3,''),(79,'2012-09-29 22:33:03',2,3,'15','giba',3,''),(80,'2012-09-29 22:33:03',2,3,'5','Hugo',3,''),(81,'2012-09-29 22:33:03',2,3,'8','ana',3,''),(82,'2012-09-29 22:33:03',2,3,'22','Ariane',3,''),(83,'2012-09-29 22:33:03',2,3,'17','arlem',3,''),(84,'2012-09-29 22:33:03',2,3,'30','batata',3,''),(85,'2012-09-29 22:33:03',2,3,'24','Caixa',3,''),(86,'2012-09-29 22:33:03',2,3,'11','carlos',3,''),(87,'2012-09-29 22:33:03',2,3,'6','casa',3,''),(88,'2012-09-29 22:33:03',2,3,'26','couve',3,''),(89,'2012-09-29 22:33:03',2,3,'18','gabi',3,''),(90,'2012-09-29 22:33:03',2,3,'7','jao',3,''),(91,'2012-09-29 22:33:03',2,3,'32','jaoo',3,''),(92,'2012-09-29 22:33:03',2,3,'20','Jesus',3,''),(93,'2012-09-29 22:33:03',2,3,'25','Larissa',3,''),(94,'2012-09-29 22:33:03',2,3,'29','mesa',3,''),(95,'2012-09-29 22:33:03',2,3,'10','mouse',3,''),(96,'2012-09-29 22:33:03',2,3,'21','Pedro',3,''),(97,'2012-09-29 22:33:03',2,3,'31','sabrina',3,''),(98,'2012-09-29 22:33:03',2,3,'28','talco',3,''),(99,'2012-09-29 22:33:03',2,3,'13','teclado',3,''),(100,'2012-09-29 22:33:03',2,3,'9','teste',3,''),(101,'2012-09-29 22:33:03',2,3,'23','Thi',3,''),(102,'2012-09-29 22:34:14',2,3,'2','Thiago',2,'Modificado username e password.'),(103,'2012-09-29 22:35:30',2,8,'7','Anália Franco',1,''),(104,'2012-09-29 22:37:28',2,8,'7','Anália Franco',2,'Modificado nome_casa_espirita.'),(105,'2012-09-29 22:38:05',2,8,'8','Camilo Chaves ',1,''),(106,'2012-09-29 22:38:25',2,8,'9','Caravana de Luz ',1,''),(107,'2012-09-29 22:38:49',2,8,'10','Francisca de Paula Jesus',1,''),(108,'2012-09-29 22:39:07',2,8,'11','Casimiro Cunha ',1,''),(109,'2012-09-29 22:39:25',2,8,'12','CEAU ',1,''),(110,'2012-09-29 22:39:42',2,8,'13','Emmanuel ',1,''),(111,'2012-09-29 22:40:55',2,8,'14','Eurípedes Barsanulfo ',1,''),(112,'2012-09-29 22:41:08',2,8,'15','Fonte de Luz ',1,''),(113,'2012-09-29 22:41:46',2,8,'16','MEFA',1,''),(114,'2012-09-29 22:42:05',2,8,'17','Frei Germano',1,''),(115,'2012-09-29 22:42:20',2,8,'18','Irmão Frederico',1,''),(116,'2012-09-29 22:42:54',2,8,'19','José Campos',1,''),(117,'2012-09-29 22:43:18',2,8,'20','Lúcio de Abreu',1,''),(118,'2012-09-29 22:43:33',2,8,'21','Luz Acima',1,''),(119,'2012-09-29 22:43:53',2,8,'22','Maria de Nazaré',1,''),(120,'2012-09-29 22:45:09',2,8,'23','MEJA',1,''),(121,'2012-09-29 22:45:28',2,8,'24','Novos Horizontes',1,''),(122,'2012-09-29 22:45:39',2,8,'25','Os Mensangeiros',1,''),(123,'2012-09-29 22:46:00',2,8,'26','Paulo de Tarso',1,''),(124,'2012-09-29 22:46:12',2,8,'27','Paz e Harmonia',1,''),(125,'2012-09-29 22:46:30',2,8,'28','Servos de Jesus',1,''),(126,'2012-09-29 22:49:14',2,8,'21','Luz Acima',2,'Modificado nome_casa_espirita e cidade.'),(127,'2012-10-03 03:34:00',2,8,'13','Emmanuel ',2,'Modificado limite_confraternistas.'),(128,'2012-10-05 01:51:52',2,8,'29','DAJ - Noroeste',1,''),(129,'2012-10-06 22:25:10',2,9,'24','Thiago Simões',1,''),(130,'2012-10-09 22:51:41',2,3,'52','Arlen',1,''),(131,'2012-10-09 22:53:02',2,3,'52','Arlen',2,'Modificado password, first_name, last_name, email, is_staff e is_superuser.'),(132,'2012-10-10 22:00:50',1,11,'31','Hugo (Os Mensangeiros)',2,'Modificado autorizado.'),(133,'2012-10-12 00:22:49',2,8,'22','Maria de Nazaré',2,'Modificado limite_confraternistas.'),(134,'2012-10-14 11:28:48',2,11,'43','Andreza Viana Lopes Cardoso (Eurípedes Barsanulfo )',2,'Modificado tamanho_camisa.'),(135,'2012-10-14 13:04:36',2,10,'20','Isento',1,''),(136,'2012-10-14 13:04:39',2,11,'57','Paulo Sérgio (DAJ - Noroeste)',2,'Modificado pagamento_inscricao.'),(137,'2012-10-16 02:19:57',2,8,'30','Evangelho de Cristo',1,''),(138,'2012-10-16 03:08:01',2,11,'77','Ariane Suelen Freitas Silva (MEJA)',1,''),(139,'2012-10-19 01:22:12',2,8,'29','DAJ - Noroeste',2,'Modificado limite_confraternistas.'),(140,'2012-10-21 02:00:28',2,8,'12','CEAU ',2,'Modificado limite_confraternistas.'),(141,'2012-10-21 02:00:59',2,11,'91','Sara Rocha (CEAU )',1,''),(142,'2012-10-21 02:06:45',2,11,'35','Jéssika Rocha dos Santos (Eurípedes Barsanulfo )',2,'Modificado tamanho_camisa.'),(143,'2012-10-21 21:15:31',1,11,'86','Ana Laura (José Campos)',2,'Modificado autorizado.'),(144,'2012-10-22 00:55:55',2,8,'23','MEJA',2,'Modificado limite_confraternistas.'),(145,'2012-10-22 21:18:51',1,11,'84','Gabriel Rocha Ramaldes (Anália Franco)',2,'Modificado autorizado.'),(146,'2012-10-23 00:26:34',2,11,'84','Gabriel Rocha Ramaldes (Anália Franco)',2,'Modificado identidade.'),(147,'2012-10-23 00:26:45',2,11,'84','Gabriel Rocha Ramaldes (Anália Franco)',2,'Modificado identidade.'),(148,'2012-10-23 00:37:20',2,8,'9','Caravana de Luz ',2,'Modificado limite_confraternistas.'),(149,'2012-10-23 00:40:37',2,11,'40','Thiago (Eurípedes Barsanulfo )',2,'Modificado tamanho_camisa.'),(150,'2012-10-23 00:41:15',2,11,'39','Alan (Eurípedes Barsanulfo )',2,'Modificado tamanho_camisa.'),(151,'2012-10-23 00:43:05',2,11,'42','Diulia (Eurípedes Barsanulfo )',2,'Modificado tamanho_camisa.'),(152,'2012-10-23 17:34:01',1,9,'32','Gabriel Poesia',1,''),(153,'2012-10-23 17:42:31',1,9,'32','Gabriel Poesia',3,''),(154,'2012-10-23 17:51:14',1,11,'83','Ingrid Ramaldes Rocha (Anália Franco)',2,'Modificado autorizado.'),(155,'2012-10-23 18:36:38',2,11,'102','Arlen Siqueira (Caravana de Luz )',1,''),(156,'2012-10-23 18:37:00',2,11,'103','Thiago Simões (Caravana de Luz )',1,''),(157,'2012-10-23 19:05:21',2,11,'34','Pedro (Os Mensangeiros)',2,'Modificado tamanho_camisa.'),(158,'2012-10-24 01:30:39',2,8,'19','José Campos',2,'Modificado limite_confraternistas.'),(159,'2012-10-25 00:27:10',2,11,'39','Alan (Eurípedes Barsanulfo )',2,'Modificado tamanho_camisa.'),(160,'2012-10-25 00:30:21',2,11,'49','Mariana (Anália Franco)',2,'Modificado tamanho_camisa.'),(161,'2012-10-25 01:09:34',2,3,'117','Tim',1,''),(162,'2012-10-25 01:09:43',2,3,'117','Tim',2,'Modificado password.'),(163,'2012-10-25 01:10:14',2,3,'117','Tim',2,'Modificado password e email.'),(164,'2012-10-25 01:12:24',2,9,'32','',1,''),(165,'2012-10-25 13:59:49',2,3,'117','Tim',2,'Modificado password, first_name e groups.'),(166,'2012-10-25 14:02:26',2,3,'118','teste',1,''),(167,'2012-10-25 14:03:51',2,3,'118','teste',3,''),(168,'2012-10-25 23:30:33',2,8,'14','Eurípedes Barsanulfo ',2,'Modificado limite_confraternistas.'),(169,'2012-10-25 23:31:05',2,11,'106','Mayara Rocha (Eurípedes Barsanulfo )',1,''),(170,'2012-10-25 23:35:12',2,8,'12','CEAU ',2,'Modificado limite_confraternistas.'),(171,'2012-10-25 23:38:47',2,11,'53','Margarida Neves Bedeschi (MEFA)',2,'Modificado tamanho_camisa.'),(172,'2012-10-27 00:27:57',2,9,'33','casa 1',3,''),(173,'2012-10-27 00:28:13',2,3,'124','casa',3,''),(174,'2012-10-27 00:32:41',2,3,'125','Betania',1,''),(175,'2012-10-27 00:34:06',2,3,'125','Betania',2,'Modificado password, first_name, last_name e email.'),(176,'2012-10-27 00:34:21',2,9,'34','Betania Dorna',1,''),(177,'2012-10-27 00:37:47',2,11,'31','Hugo (Os Mensangeiros)',2,'Modificado tamanho_camisa.'),(178,'2012-10-27 00:44:44',2,8,'29','DAJ - Noroeste',2,'Modificado limite_confraternistas.'),(179,'2012-10-27 00:53:26',2,3,'126','Fernanda',1,''),(180,'2012-10-27 00:53:45',2,3,'126','Fernanda',2,'Modificado password e is_staff.'),(181,'2012-10-27 00:57:39',2,3,'126','Fernanda',2,'Modificado password, first_name, last_name, email e groups.'),(182,'2012-10-27 00:59:25',2,3,'52','Arlen',2,'Modificado password, is_superuser e groups.'),(183,'2012-10-27 01:00:42',2,11,'111','Fernanda Camila (CEAU )',1,''),(184,'2012-10-27 01:40:27',126,11,'111','Fernanda Camila (CEAU )',2,'Modificado identidade, nome_cracha, data_nascimento, sexo, logradouro, bairro, cidade, telefone, contato_urgencia, parentesco_contato_urgencia, telefone_contato_urgencia, telefone2_contato_urgencia, ano_ingresso_mocidade, comebhs_anteriores, alergia e tamanho_camisa.'),(185,'2012-10-27 01:40:37',126,11,'111','Fernanda Camila (CEAU )',2,'Nenhum campo modificado.'),(186,'2012-10-28 14:56:27',2,8,'9','Caravana de Luz ',2,'Modificado limite_confraternistas.'),(187,'2012-10-28 14:58:58',2,8,'22','Maria de Nazaré',2,'Modificado nome.'),(188,'2012-10-28 18:29:11',1,11,'84','Gabriel Rocha Ramaldes (Anália Franco)',2,'Modificado autorizado.'),(189,'2012-10-28 23:57:56',1,11,'67','Julia Cristina Albuquerque Moreira (Servos de Jesus)',2,'Modificado autorizado.'),(190,'2012-10-28 23:58:17',1,11,'62','Gabriel Albuquerque Teles (Servos de Jesus)',2,'Modificado autorizado.'),(191,'2012-10-28 23:58:34',1,11,'88','Sylvia Veiga G. Guffey (Servos de Jesus)',2,'Modificado autorizado.'),(192,'2012-10-29 00:00:12',1,11,'99','Jefferson (Servos de Jesus)',2,'Modificado autorizado.'),(193,'2012-10-29 00:01:10',1,11,'100','Joyce  Mara da silva pinheiro (Servos de Jesus)',2,'Modificado autorizado.'),(194,'2012-10-30 01:05:24',2,8,'7','Anália Franco',2,'Modificado limite_confraternistas.'),(195,'2012-10-31 01:28:14',2,11,'36','Rafael Christian de Matos (Eurípedes Barsanulfo )',2,'Modificado tamanho_camisa.'),(196,'2012-10-31 01:48:50',2,11,'127','teste 1 (DAJ - Noroeste)',3,''),(197,'2012-10-31 01:49:16',2,3,'145','teste',3,''),(198,'2012-10-31 01:49:51',2,11,'42','Diulia (Eurípedes Barsanulfo )',2,'Nenhum campo modificado.'),(199,'2012-10-31 01:55:35',2,3,'146','teste',3,''),(200,'2012-10-31 02:05:10',2,3,'147','teste',3,''),(201,'2012-10-31 23:32:59',1,11,'38','Priscila (Os Mensangeiros)',2,'Modificado comebhs_anteriores.'),(202,'2012-10-31 23:40:49',2,11,'38','Priscila (Os Mensangeiros)',2,'Modificado tamanho_camisa.'),(203,'2012-10-31 23:43:52',2,3,'152','Otavio',1,''),(204,'2012-10-31 23:43:58',2,3,'152','Otavio',2,'Modificado password.'),(205,'2012-10-31 23:44:18',2,11,'134',' (Casimiro Cunha )',1,''),(206,'2012-10-31 23:47:07',2,3,'152','Otavio',2,'Modificado password, first_name, last_name e email.'),(207,'2012-11-01 00:43:32',2,3,'122','saraconfraternista',3,''),(208,'2012-11-03 16:43:20',1,11,'49','Mariana (Anália Franco)',2,'Modificado autorizado.'),(209,'2012-11-03 16:43:47',1,11,'84','Gabriel Rocha Ramaldes (Anália Franco)',2,'Modificado autorizado.'),(210,'2012-11-03 16:44:09',1,11,'97','Rafael Alves Pinto (Anália Franco)',2,'Modificado autorizado.'),(211,'2012-11-03 16:44:22',1,11,'66','Lina Lanna (Anália Franco)',2,'Modificado autorizado.'),(212,'2012-11-03 23:38:10',2,8,'20','Lúcio de Abreu',2,'Modificado limite_confraternistas.'),(213,'2012-11-03 23:44:12',2,3,'170','Livia',1,''),(214,'2012-11-03 23:44:50',2,3,'170','Livia',2,'Modificado password, first_name, last_name e email.'),(215,'2012-11-03 23:45:28',2,9,'35','Lívia Bastos',1,''),(216,'2012-11-03 23:48:05',2,11,'152','Lívia Bastos (Emmanuel )',1,''),(217,'2012-11-04 00:19:49',2,8,'30','Evangelho de Cristo',3,''),(218,'2012-11-04 00:25:13',2,11,'97','Rafael Alves Pinto (Anália Franco)',2,'Modificado autorizado.'),(219,'2012-11-04 00:36:28',2,3,'171','teste',3,''),(220,'2012-11-04 01:05:46',2,8,'11','Casimiro Cunha ',2,'Modificado limite_confraternistas.'),(221,'2012-11-04 01:43:42',2,11,'66','Lina Lanna (Anália Franco)',2,'Modificado autorizado.'),(222,'2012-11-04 01:47:11',2,11,'97','Rafael Alves Pinto (Anália Franco)',2,'Modificado autorizado.'),(223,'2012-11-04 01:47:22',2,11,'66','Lina Lanna (Anália Franco)',2,'Modificado autorizado.'),(224,'2012-11-04 02:04:05',2,11,'143','Dayana Gracielle (DAJ - Noroeste)',3,''),(225,'2012-11-08 11:17:55',2,8,'29','DAJ - Noroeste',2,'Modificado limite_confraternistas.'),(226,'2012-11-10 23:35:28',2,8,'29','DAJ - Noroeste',2,'Modificado limite_confraternistas.'),(227,'2012-11-12 01:21:32',2,8,'11','Casimiro Cunha ',2,'Modificado limite_confraternistas.'),(228,'2012-11-12 01:22:15',2,3,'187','marinasilper@hotmail.com',3,''),(229,'2012-11-12 01:22:25',2,8,'13','Emmanuel ',2,'Modificado limite_confraternistas.'),(230,'2012-11-12 01:22:43',2,8,'17','Frei Germano',2,'Modificado limite_confraternistas.'),(231,'2012-11-12 01:23:00',2,8,'21','Luz Acima',2,'Modificado limite_confraternistas.'),(232,'2012-11-12 01:23:34',2,8,'23','MEJA',2,'Modificado limite_confraternistas.'),(233,'2012-11-12 01:24:48',2,3,'148','petronio',3,''),(234,'2012-11-12 01:25:09',2,8,'26','Paulo de Tarso',2,'Modificado limite_confraternistas.'),(235,'2012-11-12 16:35:52',1,3,'134','felipetorres',2,'Modificado password e is_staff.'),(236,'2012-11-13 11:15:49',2,8,'28','Servos de Jesus',2,'Modificado limite_confraternistas.'),(237,'2012-11-13 19:12:01',2,8,'29','DAJ - Noroeste',2,'Modificado limite_confraternistas.'),(238,'2012-11-15 14:47:09',2,11,'175','Aliene Cássia (DAJ - Noroeste)',2,'Modificado pagamento_inscricao.'),(239,'2012-11-16 15:19:10',126,9,'36','Fernanda Camila',1,''),(240,'2012-11-18 01:10:38',2,11,'144','Raíssa Leandro Sacramento (MEJA)',3,''),(241,'2012-11-18 01:11:01',2,11,'107','Sandra Regina Costa de Oliveira (MEJA)',3,''),(242,'2012-11-18 01:22:57',2,8,'23','MEJA',2,'Modificado limite_confraternistas.'),(243,'2012-11-20 01:55:17',2,11,'54','Richard Gabriel Brum Araujo (Frei Germano)',2,'Modificado pagamento_inscricao.'),(244,'2012-11-22 00:05:44',2,11,'70','Lorene Luiza (MEFA)',2,'Modificado pagamento_inscricao.'),(245,'2012-11-22 00:07:31',2,11,'33','Glauco (MEFA)',3,''),(246,'2012-11-22 23:29:38',2,8,'9','Caravana de Luz ',2,'Modificado limite_confraternistas.'),(247,'2012-11-22 23:31:10',2,8,'12','CEAU ',2,'Modificado limite_confraternistas.'),(248,'2012-11-22 23:32:41',2,3,'218','delcimar_cqc@hotmail.com',3,''),(249,'2012-11-22 23:32:59',2,8,'29','DAJ - Noroeste',2,'Modificado limite_confraternistas.'),(250,'2012-11-22 23:52:56',2,8,'19','José Campos',2,'Modificado limite_confraternistas.'),(251,'2012-11-22 23:53:20',2,8,'16','MEFA',2,'Modificado limite_confraternistas.'),(252,'2012-11-23 00:09:35',2,11,'193','Matheus Rodrigues (Luz Acima)',2,'Modificado pagamento_inscricao.'),(253,'2012-11-23 00:10:35',2,11,'171','Nicolle Avidago (Luz Acima)',2,'Modificado pagamento_inscricao.'),(254,'2012-11-23 00:35:32',2,11,'95','Raiza Serena Barbosa Voltan (Os Mensangeiros)',2,'Modificado pagamento_inscricao.'),(255,'2012-11-28 16:48:39',2,3,'116','luquinhas',3,''),(256,'2012-11-28 16:51:40',2,3,'188','Mariana Ribeiro',3,''),(257,'2012-11-29 23:28:50',2,11,'147','Leonardo Coura Pena de Sousa (MEFA)',2,'Modificado autorizado.'),(258,'2012-11-29 23:37:21',2,11,'147','Leonardo Coura Pena de Sousa (MEFA)',2,'Modificado autorizado.'),(259,'2012-12-02 22:46:23',2,11,'164','Ivan Renner Lage Ferreira da Gama F (DAJ - Noroeste)',2,'Modificado juventude.'),(260,'2012-12-04 01:45:25',2,8,'29','DAJ - Noroeste',2,'Modificado limite_confraternistas.'),(261,'2012-12-04 01:45:39',2,8,'23','MEJA',2,'Modificado limite_confraternistas.'),(262,'2013-01-07 00:16:32',1,3,'134','felipetorres',2,'Modificado password e is_superuser.'),(263,'2013-01-17 18:01:47',1,2,'2','Multimeios',1,''),(264,'2013-01-17 18:44:53',1,3,'73','LiviaBarros',2,'Modificado username, password, is_staff e groups.');
/*!40000 ALTER TABLE `django_admin_log` ENABLE KEYS */;
UNLOCK TABLES;

--
-- Table structure for table `django_content_type`
--

DROP TABLE IF EXISTS `django_content_type`;
/*!40101 SET @saved_cs_client     = @@character_set_client */;
/*!40101 SET character_set_client = utf8 */;
CREATE TABLE `django_content_type` (
  `id` int(11) NOT NULL AUTO_INCREMENT,
  `name` varchar(100) NOT NULL,
  `app_label` varchar(100) NOT NULL,
  `model` varchar(100) NOT NULL,
  PRIMARY KEY (`id`),
  UNIQUE KEY `app_label` (`app_label`,`model`)
) ENGINE=InnoDB AUTO_INCREMENT=13 DEFAULT CHARSET=latin1;
/*!40101 SET character_set_client = @saved_cs_client */;

--
-- Dumping data for table `django_content_type`
--

LOCK TABLES `django_content_type` WRITE;
/*!40000 ALTER TABLE `django_content_type` DISABLE KEYS */;
INSERT INTO `django_content_type` VALUES (1,'permission','auth','permission'),(2,'group','auth','group'),(3,'user','auth','user'),(4,'content type','contenttypes','contenttype'),(5,'session','sessions','session'),(6,'site','sites','site'),(7,'log entry','admin','logentry'),(8,'Juventude Espírita','inscricao','juventudeespirita'),(9,'coordenador','inscricao','coordenador'),(10,'pagamento','inscricao','pagamento'),(11,'confraternista','inscricao','confraternista'),(12,'codigo cadastro','inscricao','codigocadastro');
/*!40000 ALTER TABLE `django_content_type` ENABLE KEYS */;
UNLOCK TABLES;

--
-- Table structure for table `django_session`
--

DROP TABLE IF EXISTS `django_session`;
/*!40101 SET @saved_cs_client     = @@character_set_client */;
/*!40101 SET character_set_client = utf8 */;
CREATE TABLE `django_session` (
  `session_key` varchar(40) NOT NULL,
  `session_data` longtext NOT NULL,
  `expire_date` datetime NOT NULL,
  PRIMARY KEY (`session_key`),
  KEY `django_session_c25c2c28` (`expire_date`)
) ENGINE=InnoDB DEFAULT CHARSET=latin1;
/*!40101 SET character_set_client = @saved_cs_client */;

--
-- Dumping data for table `django_session`
--

LOCK TABLES `django_session` WRITE;
/*!40000 ALTER TABLE `django_session` DISABLE KEYS */;
INSERT INTO `django_session` VALUES ('001b82db0f23881af70c823e5d82fc8b','MTVlODkzYWVkZTg4YzY2MDU1MjA3MmJlYjg0MzdmOGMyZTU3ZWNmMTqAAn1xAShVEl9hdXRoX3Vz\nZXJfYmFja2VuZHECVSlkamFuZ28uY29udHJpYi5hdXRoLmJhY2tlbmRzLk1vZGVsQmFja2VuZHED\nVQ1fYXV0aF91c2VyX2lkcQSKAQJ1Lg==\n','2013-05-11 18:37:09'),('006b4f08dd6df283a711a7c5196f82ad','ZGQ0ZDI1YjMyMTE5YTdmODM0MTA1NzQ5ZWE0NjY4MjQ2NGYzODUxNTqAAn1xAVUKdGVzdGNvb2tp\nZXECVQZ3b3JrZWRxA3Mu\n','2013-09-08 07:12:36'),('008a0d2c8800b2f2cbfebbb4a7cacb48','YzAwYTFjYzU0ODYwN2I4NzhjNjkwOWY2NWFkZGMxYTBiZDM1ZDY0YzqAAn1xAShVEl9hdXRoX3Vz\nZXJfYmFja2VuZHECVSlkamFuZ28uY29udHJpYi5hdXRoLmJhY2tlbmRzLk1vZGVsQmFja2VuZHED\nVQ1fYXV0aF91c2VyX2lkcQSKASZ1Lg==\n','2012-10-24 15:19:36'),('00f5ec7b16a01c913987af1f337b3367','ZGQ0ZDI1YjMyMTE5YTdmODM0MTA1NzQ5ZWE0NjY4MjQ2NGYzODUxNTqAAn1xAVUKdGVzdGNvb2tp\nZXECVQZ3b3JrZWRxA3Mu\n','2013-09-05 20:13:40'),('01bf1b5bdd6c7dd58faeefa221828e9f','ZmY4ZDlkNGM0NDBkNmViOGRkYTViMjQ3OGZhMTEyNDQ3YTc5YWNmYzqAAn1xAShVEl9hdXRoX3Vz\nZXJfYmFja2VuZHECVSlkamFuZ28uY29udHJpYi5hdXRoLmJhY2tlbmRzLk1vZGVsQmFja2VuZHED\nVQ1fYXV0aF91c2VyX2lkcQSKASd1Lg==\n','2012-11-09 21:54:59'),('0281531a475ad682dab8e568731bc0d9','MmI5MTNiMWViMzYyZjlkNDdhMTQ2MjBiZjViNWRkYTY4OWI1NTY4NTqAAn1xAShVEl9hdXRoX3Vz\nZXJfYmFja2VuZHECVSlkamFuZ28uY29udHJpYi5hdXRoLmJhY2tlbmRzLk1vZGVsQmFja2VuZHED\nVQ1fYXV0aF91c2VyX2lkcQSKAqoAdS4=\n','2012-11-22 20:34:52'),('028a18227750fb6f5d13f2f484a1c11b','YzQxMjA4ZWE0NzI3NmM1MWRjZTI0MzljZDczNDU3MDkzYTJkOTc3NTqAAn1xAShVEl9hdXRoX3Vz\nZXJfYmFja2VuZHECVSlkamFuZ28uY29udHJpYi5hdXRoLmJhY2tlbmRzLk1vZGVsQmFja2VuZHED\nVQ1fYXV0aF91c2VyX2lkcQSKAW51Lg==\n','2012-11-17 09:57:03'),('02b7805909d9fb675cc457d583d5a490','YjViZjhhODU5ZDMwODE4NjMyOThiMjhlNmI4MjlhNTc3NzcxMThlZjqAAn1xAShVEl9hdXRoX3Vz\nZXJfYmFja2VuZHECVSlkamFuZ28uY29udHJpYi5hdXRoLmJhY2tlbmRzLk1vZGVsQmFja2VuZHED\nVQpjYXJ0X3RvdGFscQRjZGVjaW1hbApEZWNpbWFsCnEFVQU0MC4wMIVScQZVDV9hdXRoX3VzZXJf\naWRxB4oBNlUEY2FydHEIXXEJY2RqYW5nby5kYi5tb2RlbHMuYmFzZQptb2RlbF91bnBpY2tsZQpx\nCmNpbnNjcmljYW8ubW9kZWxzCkNvbmZyYXRlcm5pc3RhCnELXWNkamFuZ28uZGIubW9kZWxzLmJh\nc2UKc2ltcGxlX2NsYXNzX2ZhY3RvcnkKcQyHUnENfXEOKFUHYWxlcmdpYXEPTlUPdXNvX21lZGlj\nYW1lbnRvcRBOVRtwYXJlbnRlc2NvX2NvbnRhdG9fdXJnZW5jaWFxEVgEAAAATcOjZXESVQ5kaWV0\nYV9lc3BlY2lhbHETTlUGX3N0YXRlcRRjZGphbmdvLmRiLm1vZGVscy5iYXNlCk1vZGVsU3RhdGUK\ncRUpgXEWfXEXKFUGYWRkaW5ncRiJVQJkYnEZVQdkZWZhdWx0cRp1YlUPZGF0YV9uYXNjaW1lbnRv\ncRtjZGF0ZXRpbWUKZGF0ZQpxHFUEB8gIEYVScR1VCnVzdWFyaW9faWRxHooBWFUKYXV0b3JpemFk\nb3EfiFUManV2ZW50dWRlX2lkcSCKAQ5VAmlkcSGKAUpVGXRlbGVmb25lX2NvbnRhdG9fdXJnZW5j\naWFxIlgOAAAAKDMxKSAzMzg2LTQzMDhxI1UadGVsZWZvbmUyX2NvbnRhdG9fdXJnZW5jaWFxJFgO\nAAAAKDMxKSA5MTAzLTkwNjhxJVUVdm9sdW50YXJpb19tYW51dGVuY2FvcSZOVRVhbm9faW5ncmVz\nc29fbW9jaWRhZGVxJ4oC1AdVDnRhbWFuaG9fY2FtaXNhcShYAQAAAE1VCHRlbGVmb25lcSlYDgAA\nACgzMSkgMzM4Ni00MzA4cSpVEGNvbnRhdG9fdXJnZW5jaWFxK1g3AAAAcml0YSBkZSBjYXNzaWEg\ncGludG8gZ29uw6dhbHZlcyBnZXJzb24gZ29uw6dhbHZlcyBmaWxob3EsVQZiYWlycm9xLVgGAAAA\nQ0FCQU5BcS5VCmxvZ3JhZG91cm9xL1gIAAAAYmV0ZWwgNDFxMFULbm9tZV9jcmFjaGFxMVgOAAAA\nQ2Fzc2lvIEVkdWFyZG9xMlUEc2V4b3EzWAEAAABNVQZjaWRhZGVxNFgOAAAAQkVMTyBIT1JJWk9O\nVEVxNVUKaWRlbnRpZGFkZXE2WAoAAABNRzEzNjgxMDE3cTdVFnBhZ2FtZW50b19pbnNjcmljYW9f\naWRxOE5VEmNvbWViaHNfYW50ZXJpb3Jlc3E5WBEAAAAyNSwyNiwyNywyOCwyOSwzMHE6dWJhdS4=\n','2012-11-23 21:42:23'),('02d47cabd01daca01dd61812fa5b017a','MjFmYzIyOGQxZTdjZjY0ZWUxNjVkZmZlNDE0NzY3NTU5YWI3MDgxZjqAAn1xAShVEl9hdXRoX3Vz\nZXJfYmFja2VuZHECVSlkamFuZ28uY29udHJpYi5hdXRoLmJhY2tlbmRzLk1vZGVsQmFja2VuZHED\nVQ1fYXV0aF91c2VyX2lkcQSKAUJ1Lg==\n','2012-11-25 15:59:59'),('02df540b7e077f962c58d102c81eab1e','ZDQxYmMyM2NkZDRiZDM2MTljZDZjMzI2MTNhMmEyMGE0NTQ4YzM3ZDqAAn1xAShVEl9hdXRoX3Vz\nZXJfYmFja2VuZHECVSlkamFuZ28uY29udHJpYi5hdXRoLmJhY2tlbmRzLk1vZGVsQmFja2VuZHED\nVQ1fYXV0aF91c2VyX2lkcQSKAsQAdS4=\n','2012-11-23 00:36:10'),('0324cb138bfaf914e38864d6af35fa74','ZGQ0ZDI1YjMyMTE5YTdmODM0MTA1NzQ5ZWE0NjY4MjQ2NGYzODUxNTqAAn1xAVUKdGVzdGNvb2tp\nZXECVQZ3b3JrZWRxA3Mu\n','2012-11-23 00:44:56'),('03c2dec528fe2ca125c53332904ff31e','ZGQ0ZDI1YjMyMTE5YTdmODM0MTA1NzQ5ZWE0NjY4MjQ2NGYzODUxNTqAAn1xAVUKdGVzdGNvb2tp\nZXECVQZ3b3JrZWRxA3Mu\n','2013-09-07 06:12:24'),('03e293ae8f654cf4f3fc54888e3647ba','ZGQ0ZDI1YjMyMTE5YTdmODM0MTA1NzQ5ZWE0NjY4MjQ2NGYzODUxNTqAAn1xAVUKdGVzdGNvb2tp\nZXECVQZ3b3JrZWRxA3Mu\n','2012-11-16 13:05:44'),('04080baaa8e2b75fd4fdf9f31e3cf854','NzA0MTdiYjVkOTg1ZmE0YzM5Yjc2ZWZjYmRhYTE4OWQ5NmJkZTI5NDqAAn1xAShVEl9hdXRoX3Vz\nZXJfYmFja2VuZHECVSlkamFuZ28uY29udHJpYi5hdXRoLmJhY2tlbmRzLk1vZGVsQmFja2VuZHED\nVQ1fYXV0aF91c2VyX2lkcQSKAX91Lg==\n','2012-11-10 11:10:56'),('04c0e091e7417eec95f6093073188556','YWEyNGZhMzQ0ZGYxNWQ0ZTE0ODAxMWFmNWU4MzdlNDI1YmVhZDJkZjqAAn1xAShVEl9hdXRoX3Vz\nZXJfYmFja2VuZHECVSlkamFuZ28uY29udHJpYi5hdXRoLmJhY2tlbmRzLk1vZGVsQmFja2VuZHED\nVQ1fYXV0aF91c2VyX2lkcQSKASp1Lg==\n','2012-10-18 01:55:36'),('04d91223f3f7a7531c567ad876a288dd','ZGQ0ZDI1YjMyMTE5YTdmODM0MTA1NzQ5ZWE0NjY4MjQ2NGYzODUxNTqAAn1xAVUKdGVzdGNvb2tp\nZXECVQZ3b3JrZWRxA3Mu\n','2013-09-06 22:13:31'),('05992b92966eface5147d46c60eb84c3','ZGQ0ZDI1YjMyMTE5YTdmODM0MTA1NzQ5ZWE0NjY4MjQ2NGYzODUxNTqAAn1xAVUKdGVzdGNvb2tp\nZXECVQZ3b3JrZWRxA3Mu\n','2013-09-06 07:15:56'),('060d99c63e1d054a017d4cee85699a62','ZTZhZWYyMjZlNzUxYmM4NjRkYjAzMmEyMjc5NDY3ZmU4NDMyZDE3NTqAAn1xAShVEl9hdXRoX3Vz\nZXJfYmFja2VuZHECVSlkamFuZ28uY29udHJpYi5hdXRoLmJhY2tlbmRzLk1vZGVsQmFja2VuZHED\nVQ1fYXV0aF91c2VyX2lkcQSKAp4AdS4=\n','2012-11-16 11:50:31'),('067a46aa3387d34fff14d88e0a8def44','ZGQ0ZDI1YjMyMTE5YTdmODM0MTA1NzQ5ZWE0NjY4MjQ2NGYzODUxNTqAAn1xAVUKdGVzdGNvb2tp\nZXECVQZ3b3JrZWRxA3Mu\n','2013-09-08 05:12:47'),('06a51e11224fc5e52894ee74ad14203d','MTVlODkzYWVkZTg4YzY2MDU1MjA3MmJlYjg0MzdmOGMyZTU3ZWNmMTqAAn1xAShVEl9hdXRoX3Vz\nZXJfYmFja2VuZHECVSlkamFuZ28uY29udHJpYi5hdXRoLmJhY2tlbmRzLk1vZGVsQmFja2VuZHED\nVQ1fYXV0aF91c2VyX2lkcQSKAQJ1Lg==\n','2013-01-11 14:58:39'),('06a744f618cf4951e650de857b31615d','ZGQ0ZDI1YjMyMTE5YTdmODM0MTA1NzQ5ZWE0NjY4MjQ2NGYzODUxNTqAAn1xAVUKdGVzdGNvb2tp\nZXECVQZ3b3JrZWRxA3Mu\n','2013-09-04 06:15:43'),('07addb4fcc1ac2159ca695eb869fd9f4','OWM1ZWVlMjc5NmYzN2FmZDUxZTFjYjVkNGFkZDA2MWQ1NWQ0ZmRkZDqAAn1xAShVEl9hdXRoX3Vz\nZXJfYmFja2VuZHECVSlkamFuZ28uY29udHJpYi5hdXRoLmJhY2tlbmRzLk1vZGVsQmFja2VuZHED\nVQ1fYXV0aF91c2VyX2lkcQSKAtgAdS4=\n','2012-11-27 02:28:04'),('07ae495a0cc5c64df2dade442404fa8d','MTFhODg0ZjljNGI1Y2Q4OGQ0YzFlYjdiOWQ1YmM5OGI0ODMxMzYzYzqAAn1xAShVEl9hdXRoX3Vz\nZXJfYmFja2VuZHECVSlkamFuZ28uY29udHJpYi5hdXRoLmJhY2tlbmRzLk1vZGVsQmFja2VuZHED\nVQpjYXJ0X3RvdGFscQRjZGVjaW1hbApEZWNpbWFsCnEFVQYxNTAuMDCFUnEGVQ1fYXV0aF91c2Vy\nX2lkcQeKAX1VBGNhcnRxCF1xCShjZGphbmdvLmRiLm1vZGVscy5iYXNlCm1vZGVsX3VucGlja2xl\nCnEKY2luc2NyaWNhby5tb2RlbHMKQ29uZnJhdGVybmlzdGEKcQtdY2RqYW5nby5kYi5tb2RlbHMu\nYmFzZQpzaW1wbGVfY2xhc3NfZmFjdG9yeQpxDIdScQ19cQ4oVQdhbGVyZ2lhcQ9OVQ91c29fbWVk\naWNhbWVudG9xEE5VG3BhcmVudGVzY29fY29udGF0b191cmdlbmNpYXERWAQAAABNw6NlcRJVDmRp\nZXRhX2VzcGVjaWFscRNOVQZfc3RhdGVxFGNkamFuZ28uZGIubW9kZWxzLmJhc2UKTW9kZWxTdGF0\nZQpxFSmBcRZ9cRcoVQZhZGRpbmdxGIlVAmRicRlVB2RlZmF1bHRxGnViVQ9kYXRhX25hc2NpbWVu\ndG9xG2NkYXRldGltZQpkYXRlCnEcVQQHyAYUhVJxHVUEc2V4b3EeWAEAAABNVQp1c3VhcmlvX2lk\ncR+KAo0AVQphdXRvcml6YWRvcSCIVQxqdXZlbnR1ZGVfaWRxIYoBCFUCaWRxIooBe1UZdGVsZWZv\nbmVfY29udGF0b191cmdlbmNpYXEjWA4AAAAoMzEpIDkxMzAtNjE3M3EkVRp0ZWxlZm9uZTJfY29u\ndGF0b191cmdlbmNpYXElWA4AAAAoMzEpIDMzMzItMTY3M3EmVRV2b2x1bnRhcmlvX21hbnV0ZW5j\nYW9xJ4hVFWFub19pbmdyZXNzb19tb2NpZGFkZXEoigLWB1UIdGVsZWZvbmVxKVgOAAAAKDMxKSA4\nNjMxLTE2NzNxKlUQY29udGF0b191cmdlbmNpYXErWBEAAABNYXJnYXJldGggU2FuYXZpYXEsVQZi\nYWlycm9xLVgFAAAAUHJhZG9xLlUKbG9ncmFkb3Vyb3EvWBcAAABSdWEgcnViaSwgMzgwLCBhcHRv\nIDQwMnEwVQ50YW1hbmhvX2NhbWlzYXExWAEAAABNVQtub21lX2NyYWNoYXEyWA8AAABBdWd1c3Rv\nIFNhbmF2aWFxM1UGY2lkYWRlcTRYDgAAAEJlbG8gSG9yaXpvbnRlcTVVCmlkZW50aWRhZGVxNlgI\nAAAAMTQzMjE1OTdxN1UWcGFnYW1lbnRvX2luc2NyaWNhb19pZHE4TlUSY29tZWJoc19hbnRlcmlv\ncmVzcTlYCAAAADI4LDI5LDMwcTp1YmgKaAtdaAyHUnE7fXE8KFUHYWxlcmdpYXE9TlUPdXNvX21l\nZGljYW1lbnRvcT5OVRtwYXJlbnRlc2NvX2NvbnRhdG9fdXJnZW5jaWFxP1gKAAAAUGFpIGUgTcOj\nZXFAVQ5kaWV0YV9lc3BlY2lhbHFBTlUGX3N0YXRlcUJoFSmBcUN9cUQoVQZhZGRpbmdxRYlVAmRi\ncUZVB2RlZmF1bHRxR3ViVQ9kYXRhX25hc2NpbWVudG9xSGgcVQQHyQoHhVJxSVUEc2V4b3FKWAEA\nAABGVQp1c3VhcmlvX2lkcUuKArcAVQphdXRvcml6YWRvcUyIVQxqdXZlbnR1ZGVfaWRxTYoBCFUC\naWRxTooCpQBVGXRlbGVmb25lX2NvbnRhdG9fdXJnZW5jaWFxT1gOAAAAKDMxKSA4NTQwLTMyMDFx\nUFUadGVsZWZvbmUyX2NvbnRhdG9fdXJnZW5jaWFxUVgOAAAAKDMxKSA4Nzc4LTEwMzRxUlUVdm9s\ndW50YXJpb19tYW51dGVuY2FvcVOIVRVhbm9faW5ncmVzc29fbW9jaWRhZGVxVIoC2AdVCHRlbGVm\nb25lcVVYDgAAACgzMSkgMzA4Mi0yMjM5cVZVEGNvbnRhdG9fdXJnZW5jaWFxV1gRAAAARXJuYW5p\nIG91IEPDoXNzaWFxWFUGYmFpcnJvcVlYCAAAAEdvacOibmlhcVpVCmxvZ3JhZG91cm9xW1gXAAAA\nUnVhIE1hcmlhIEpvYW5hIFRhdmFyZXNxXFUOdGFtYW5ob19jYW1pc2FxXU5VC25vbWVfY3JhY2hh\ncV5YBgAAAEFtYW5kYXFfVQZjaWRhZGVxYFgOAAAAQmVsbyBIb3Jpem9udGVxYVUKaWRlbnRpZGFk\nZXFiWAoAAAAxNy42NTYuOTcxcWNVFnBhZ2FtZW50b19pbnNjcmljYW9faWRxZE5VEmNvbWViaHNf\nYW50ZXJpb3Jlc3FlWAgAAAAyOCwyOSwzMHFmdWJoCmgLXWgMh1JxZ31xaChVB2FsZXJnaWFxaU5V\nD3Vzb19tZWRpY2FtZW50b3FqTlUbcGFyZW50ZXNjb19jb250YXRvX3VyZ2VuY2lhcWtYAwAAAFBh\naXFsVQ5kaWV0YV9lc3BlY2lhbHFtTlUGX3N0YXRlcW5oFSmBcW99cXAoVQZhZGRpbmdxcYlVAmRi\ncXJVB2RlZmF1bHRxc3ViVQ9kYXRhX25hc2NpbWVudG9xdGgcVQQHyQoHhVJxdVUEc2V4b3F2WAEA\nAABGVQp1c3VhcmlvX2lkcXeKArgAVQphdXRvcml6YWRvcXiIVQxqdXZlbnR1ZGVfaWRxeYoBCFUC\naWRxeooCpgBVGXRlbGVmb25lX2NvbnRhdG9fdXJnZW5jaWFxe1gOAAAAKDMxKSA4NTQwLTMyMDFx\nfFUadGVsZWZvbmUyX2NvbnRhdG9fdXJnZW5jaWFxfVgOAAAAKDMxKSAzMDgyLTIyMzlxflUVdm9s\ndW50YXJpb19tYW51dGVuY2FvcX+IVRVhbm9faW5ncmVzc29fbW9jaWRhZGVxgIoC2AdVCHRlbGVm\nb25lcYFYDgAAACgzMSkgMzA4Mi0yMjM5cYJVEGNvbnRhdG9fdXJnZW5jaWFxg1gGAAAARXJuYW5p\ncYRVBmJhaXJyb3GFWAgAAABHb2nDom5pYXGGVQpsb2dyYWRvdXJvcYdYFwAAAFJ1YSBNYXJpYSBK\nb2FuYSBUYXZhcmVzcYhVDnRhbWFuaG9fY2FtaXNhcYlYAQAAAFBVC25vbWVfY3JhY2hhcYpYEAAA\nAExhcmlzc2EgQmFyYmFsaG9xi1UGY2lkYWRlcYxYDgAAAEJlbG8gSG9yaXpvbnRlcY1VCmlkZW50\naWRhZGVxjlgKAAAATUcxNzY1Njk0NnGPVRZwYWdhbWVudG9faW5zY3JpY2FvX2lkcZBOVRJjb21l\nYmhzX2FudGVyaW9yZXNxkVgIAAAAMjgsMjksMzBxknViaApoC11oDIdScZN9cZQoVQdhbGVyZ2lh\ncZVYFgAAAERpcGlyb25hIGUgcGFyYWNldGFtb2xxllUPdXNvX21lZGljYW1lbnRvcZdOVRtwYXJl\nbnRlc2NvX2NvbnRhdG9fdXJnZW5jaWFxmFgEAAAATcOjZXGZVQ5kaWV0YV9lc3BlY2lhbHGaTlUG\nX3N0YXRlcZtoFSmBcZx9cZ0oVQZhZGRpbmdxnolVAmRicZ9VB2RlZmF1bHRxoHViVQ9kYXRhX25h\nc2NpbWVudG9xoWgcVQQHyQQZhVJxolUKdXN1YXJpb19pZHGjigK5AFUKYXV0b3JpemFkb3GkiFUM\nanV2ZW50dWRlX2lkcaWKAQhVAmlkcaaKAqcAVRl0ZWxlZm9uZV9jb250YXRvX3VyZ2VuY2lhcadY\nDgAAACgzMSkgODY5MS0xNTY3cahVGnRlbGVmb25lMl9jb250YXRvX3VyZ2VuY2lhcalYDgAAACgz\nMSkgMjUxNi0yMzQzcapVFXZvbHVudGFyaW9fbWFudXRlbmNhb3GriFUVYW5vX2luZ3Jlc3NvX21v\nY2lkYWRlcayKAtYHVQ50YW1hbmhvX2NhbWlzYXGtWAEAAABQVQh0ZWxlZm9uZXGuWA4AAAAoMzEp\nIDg2ODktMTU2N3GvVRBjb250YXRvX3VyZ2VuY2lhcbBYBwAAAEZyYW5jaXNxsVUGYmFpcnJvcbJY\nDwAAAEphcmRpbSBBbcOpcmljYXGzVQpsb2dyYWRvdXJvcbRYEgAAAFJ1YSBTYW50b3MgNjg5LzIw\nM3G1VQtub21lX2NyYWNoYXG2WAcAAABJc2FiZWxhcbdVBHNleG9xuFgBAAAARlUGY2lkYWRlcblY\nDgAAAEJlbG8gSG9yaXpvbnRlcbpVCmlkZW50aWRhZGVxu1gNAAAATUctMTYuOTExLjAxMXG8VRZw\nYWdhbWVudG9faW5zY3JpY2FvX2lkcb1OVRJjb21lYmhzX2FudGVyaW9yZXNxvlgLAAAAMzAsMjks\nMjgsMjdxv3ViZXUu\n','2012-11-24 12:24:42'),('07d918511e781535171c61b1b05f9f96','ZGQ0ZDI1YjMyMTE5YTdmODM0MTA1NzQ5ZWE0NjY4MjQ2NGYzODUxNTqAAn1xAVUKdGVzdGNvb2tp\nZXECVQZ3b3JrZWRxA3Mu\n','2012-12-02 20:17:22'),('07f153eef71633b506143d5fd9f16554','ZGQ0ZDI1YjMyMTE5YTdmODM0MTA1NzQ5ZWE0NjY4MjQ2NGYzODUxNTqAAn1xAVUKdGVzdGNvb2tp\nZXECVQZ3b3JrZWRxA3Mu\n','2013-09-07 04:13:16'),('08f5f5afac693c1b8dcbe0b090b0a378','ZGQ0ZDI1YjMyMTE5YTdmODM0MTA1NzQ5ZWE0NjY4MjQ2NGYzODUxNTqAAn1xAVUKdGVzdGNvb2tp\nZXECVQZ3b3JrZWRxA3Mu\n','2012-10-19 02:54:08'),('098ba2658fe57af2f8eb3349dca977ba','ZGQ0ZDI1YjMyMTE5YTdmODM0MTA1NzQ5ZWE0NjY4MjQ2NGYzODUxNTqAAn1xAVUKdGVzdGNvb2tp\nZXECVQZ3b3JrZWRxA3Mu\n','2012-09-29 22:38:17'),('09f0dc8e579542facdee98f318176889','ZTgwYTAyZDJmMmQ5OWY2ZjExODU1MzA1ZDI3NzVjNjQ3ZmY3ZGJiNDqAAn1xAShVEl9hdXRoX3Vz\nZXJfYmFja2VuZHECVSlkamFuZ28uY29udHJpYi5hdXRoLmJhY2tlbmRzLk1vZGVsQmFja2VuZHED\nVQ1fYXV0aF91c2VyX2lkcQSKAVV1Lg==\n','2012-11-19 16:29:52'),('0a28adef8cd58a1d15c705d8e53e370f','MjRkZWQwNTFjMWQ3YjIzYWRiMjY5YWQzMWIyZDZkN2VkODA1YWY1NDqAAn1xAShVEl9hdXRoX3Vz\nZXJfYmFja2VuZHECVSlkamFuZ28uY29udHJpYi5hdXRoLmJhY2tlbmRzLk1vZGVsQmFja2VuZHED\nVQ1fYXV0aF91c2VyX2lkcQSKAt8AdS4=\n','2012-12-08 12:38:31'),('0af6fbfb00564cc4a24116cd527a1645','NzY3ZDYzMDhjZmE4YmRhMTQ1ZDBiYmY5Njk4NWI2OTE2ZDUwYmMzYzqAAn1xAShVEl9hdXRoX3Vz\nZXJfYmFja2VuZHECVSlkamFuZ28uY29udHJpYi5hdXRoLmJhY2tlbmRzLk1vZGVsQmFja2VuZHED\nVQ1fYXV0aF91c2VyX2lkcQSKAWx1Lg==\n','2012-11-16 13:56:18'),('0b29d201422f6b9c7c81a739644feb7c','ZGQ0ZDI1YjMyMTE5YTdmODM0MTA1NzQ5ZWE0NjY4MjQ2NGYzODUxNTqAAn1xAVUKdGVzdGNvb2tp\nZXECVQZ3b3JrZWRxA3Mu\n','2013-09-06 11:14:32'),('0b570e57c4a161db234b7e8635cef220','ZGQ0ZDI1YjMyMTE5YTdmODM0MTA1NzQ5ZWE0NjY4MjQ2NGYzODUxNTqAAn1xAVUKdGVzdGNvb2tp\nZXECVQZ3b3JrZWRxA3Mu\n','2012-10-27 18:21:18'),('0bd6de9cd4ff5e217fcee1807f5f2334','ZGQ0ZDI1YjMyMTE5YTdmODM0MTA1NzQ5ZWE0NjY4MjQ2NGYzODUxNTqAAn1xAVUKdGVzdGNvb2tp\nZXECVQZ3b3JrZWRxA3Mu\n','2012-11-05 22:33:31'),('0bec4175afaf31fb041cea104e4cf1b4','ZGQ0ZDI1YjMyMTE5YTdmODM0MTA1NzQ5ZWE0NjY4MjQ2NGYzODUxNTqAAn1xAVUKdGVzdGNvb2tp\nZXECVQZ3b3JrZWRxA3Mu\n','2013-09-06 21:12:41'),('0cd1ff549ec711a317160124ea0c6e8f','ZmY4ZDlkNGM0NDBkNmViOGRkYTViMjQ3OGZhMTEyNDQ3YTc5YWNmYzqAAn1xAShVEl9hdXRoX3Vz\nZXJfYmFja2VuZHECVSlkamFuZ28uY29udHJpYi5hdXRoLmJhY2tlbmRzLk1vZGVsQmFja2VuZHED\nVQ1fYXV0aF91c2VyX2lkcQSKASd1Lg==\n','2012-11-24 10:30:47'),('0ceb0fba781fe26b809e018deb21ca2a','MmI5MTNiMWViMzYyZjlkNDdhMTQ2MjBiZjViNWRkYTY4OWI1NTY4NTqAAn1xAShVEl9hdXRoX3Vz\nZXJfYmFja2VuZHECVSlkamFuZ28uY29udHJpYi5hdXRoLmJhY2tlbmRzLk1vZGVsQmFja2VuZHED\nVQ1fYXV0aF91c2VyX2lkcQSKAqoAdS4=\n','2012-11-21 16:37:54'),('0d57426a487f97eb988c42e6728080fe','MTVlODkzYWVkZTg4YzY2MDU1MjA3MmJlYjg0MzdmOGMyZTU3ZWNmMTqAAn1xAShVEl9hdXRoX3Vz\nZXJfYmFja2VuZHECVSlkamFuZ28uY29udHJpYi5hdXRoLmJhY2tlbmRzLk1vZGVsQmFja2VuZHED\nVQ1fYXV0aF91c2VyX2lkcQSKAQJ1Lg==\n','2012-11-22 00:54:46'),('0e5e013666ae8db338d5f81852cfc804','ZGQ0ZDI1YjMyMTE5YTdmODM0MTA1NzQ5ZWE0NjY4MjQ2NGYzODUxNTqAAn1xAVUKdGVzdGNvb2tp\nZXECVQZ3b3JrZWRxA3Mu\n','2013-09-05 22:13:26'),('0efbfac6d1f2226f44bf9a7107c3ff22','MDgwZDkwZWQ3Nzk0MjdhMGNmOWNlMjg1ZDM1MTNiYTcxOGM2ODJhMDqAAn1xAShVEl9hdXRoX3Vz\nZXJfYmFja2VuZHECVSlkamFuZ28uY29udHJpYi5hdXRoLmJhY2tlbmRzLk1vZGVsQmFja2VuZHED\nVQ1fYXV0aF91c2VyX2lkcQSKASF1Lg==\n','2012-10-13 23:42:20'),('0f405e3932d7d4eb8dcaba4da737b8cb','M2RkYjQwMGM3ZDZhNzMyNDlkZDlhMzNlNmFkZTcwMGVkNDlhZGQwYjqAAn1xAShVEl9hdXRoX3Vz\nZXJfYmFja2VuZHECVSlkamFuZ28uY29udHJpYi5hdXRoLmJhY2tlbmRzLk1vZGVsQmFja2VuZHED\nVQ1fYXV0aF91c2VyX2lkcQSKAswAdS4=\n','2012-12-26 15:26:27'),('1018ff16ef92d6b7eec993006ad65f8c','ZjkxMTY2YWNjMDkxYjdkMDJiODQ2OGNkNjg5N2M5NDdlZGU2NTI2MDqAAn1xAShVEl9hdXRoX3Vz\nZXJfYmFja2VuZHECVSlkamFuZ28uY29udHJpYi5hdXRoLmJhY2tlbmRzLk1vZGVsQmFja2VuZHED\nVQ1fYXV0aF91c2VyX2lkcQSKAo4AdS4=\n','2012-11-15 21:34:24'),('10601134a367c502011f7c0a85a34a04','ZGQ0ZDI1YjMyMTE5YTdmODM0MTA1NzQ5ZWE0NjY4MjQ2NGYzODUxNTqAAn1xAVUKdGVzdGNvb2tp\nZXECVQZ3b3JrZWRxA3Mu\n','2012-11-15 21:13:08'),('106654221eb62f380643c7ec848c11dd','MzNkOWM4Y2NiYWNiNjQ5NGIyNzIzN2E3MDc2NTA1Mjc4NzZhOWI3YjqAAn1xAShVEl9hdXRoX3Vz\nZXJfYmFja2VuZHECVSlkamFuZ28uY29udHJpYi5hdXRoLmJhY2tlbmRzLk1vZGVsQmFja2VuZHED\nVQ1fYXV0aF91c2VyX2lkcQSKAoQAdS4=\n','2012-11-12 19:59:07'),('108aa5fd77c9082752c3b3d74573079a','ZGQ0ZDI1YjMyMTE5YTdmODM0MTA1NzQ5ZWE0NjY4MjQ2NGYzODUxNTqAAn1xAVUKdGVzdGNvb2tp\nZXECVQZ3b3JrZWRxA3Mu\n','2013-09-04 15:14:32'),('109a91d218f16194bc9fd3d65142c0d8','ZGE0MzVkYzgwMzM0YTYyMWRlMTk1NmI3MzllMzVkZDNlNzI4NzhlNTqAAn1xAShVEl9hdXRoX3Vz\nZXJfYmFja2VuZHECVSlkamFuZ28uY29udHJpYi5hdXRoLmJhY2tlbmRzLk1vZGVsQmFja2VuZHED\nVQ1fYXV0aF91c2VyX2lkcQSKAVJ1Lg==\n','2012-11-23 17:56:41'),('10a11b79f8f9de5fc18b2bf5f5be30b8','ZGQ0ZDI1YjMyMTE5YTdmODM0MTA1NzQ5ZWE0NjY4MjQ2NGYzODUxNTqAAn1xAVUKdGVzdGNvb2tp\nZXECVQZ3b3JrZWRxA3Mu\n','2012-12-09 01:00:28'),('10d49c2a27c4cc29611059a9529f8652','ZGQ0ZDI1YjMyMTE5YTdmODM0MTA1NzQ5ZWE0NjY4MjQ2NGYzODUxNTqAAn1xAVUKdGVzdGNvb2tp\nZXECVQZ3b3JrZWRxA3Mu\n','2012-11-15 13:22:38'),('1128cbd1b87e90c22602fa15c72e62bd','Y2IwNTViMDMxYjEyNWRjODZlMjUwODI2MmU5YTdiNzI3YjY5YWQxZTqAAn1xAS4=\n','2012-11-16 14:19:04'),('1149935e89f3b7aee79ef3a48e46b865','Y2NmNTQ2Nzk2MGZiMjA2NmUwYTQzN2JlODc1MDg5MDZkNzExZGJlODqAAn1xAShVEl9hdXRoX3Vz\nZXJfYmFja2VuZHECVSlkamFuZ28uY29udHJpYi5hdXRoLmJhY2tlbmRzLk1vZGVsQmFja2VuZHED\nVQ1fYXV0aF91c2VyX2lkcQSKASh1Lg==\n','2012-10-17 13:14:34'),('11893d0d34b10fef83be935b484f2fad','Y2IwNTViMDMxYjEyNWRjODZlMjUwODI2MmU5YTdiNzI3YjY5YWQxZTqAAn1xAS4=\n','2012-11-30 15:33:16'),('11915f62f2b6929bc52e85ec2a4cc470','ODNkZmM3OGY1YzNlYWIzYWJjZGVkZGYwN2FjZDMwNjQzYTVhZWU5MzqAAn1xAShVEl9hdXRoX3Vz\nZXJfYmFja2VuZHECVSlkamFuZ28uY29udHJpYi5hdXRoLmJhY2tlbmRzLk1vZGVsQmFja2VuZHED\nVQ1fYXV0aF91c2VyX2lkcQSKAUl1Lg==\n','2012-11-11 23:59:40'),('11ea8b4a8f19e81b82e2e57cb14277fa','ZGQ0ZDI1YjMyMTE5YTdmODM0MTA1NzQ5ZWE0NjY4MjQ2NGYzODUxNTqAAn1xAVUKdGVzdGNvb2tp\nZXECVQZ3b3JrZWRxA3Mu\n','2012-11-21 16:24:52'),('1439443c8f86f0136c9654d79abbb525','ODBjY2QxOTQ2NGRkYTVlNzM2NTQ1NmNmYzZmNDBjZDY1ZTA4YzZjNzqAAn1xAShVEl9hdXRoX3Vz\nZXJfYmFja2VuZHECVSlkamFuZ28uY29udHJpYi5hdXRoLmJhY2tlbmRzLk1vZGVsQmFja2VuZHED\nVQ1fYXV0aF91c2VyX2lkcQSKAscAdS4=\n','2012-11-23 15:28:34'),('146d4cf6e04479cc94fc84dc4adc4efb','NzlmZmMwOTk0ZTI3Y2E5ZGQ4NmE1ZDYyYmUzNDY3OGIyZjkwNWYxMzqAAn1xAShVEl9hdXRoX3Vz\nZXJfYmFja2VuZHECVSlkamFuZ28uY29udHJpYi5hdXRoLmJhY2tlbmRzLk1vZGVsQmFja2VuZHED\nVQ1fYXV0aF91c2VyX2lkcQSKATt1Lg==\n','2012-11-21 15:20:29'),('14845e8c86ebbb5aa48ae4a2f610408e','MWMyZTE4YzNhN2Q2M2RjNGIwYjljNmQyNzE5ZWJjMGM5YWU2OGRmMjqAAn1xAShVEl9hdXRoX3Vz\nZXJfYmFja2VuZHECVSlkamFuZ28uY29udHJpYi5hdXRoLmJhY2tlbmRzLk1vZGVsQmFja2VuZHED\nVQ1fYXV0aF91c2VyX2lkcQSKAXh1Lg==\n','2012-11-08 23:53:24'),('14b656d723f0b16e2c355d3ce09c868f','ZGQ0ZDI1YjMyMTE5YTdmODM0MTA1NzQ5ZWE0NjY4MjQ2NGYzODUxNTqAAn1xAVUKdGVzdGNvb2tp\nZXECVQZ3b3JrZWRxA3Mu\n','2013-09-06 14:14:02'),('14dfcb084f6455eb76c2a533253b3432','ZGQ0ZDI1YjMyMTE5YTdmODM0MTA1NzQ5ZWE0NjY4MjQ2NGYzODUxNTqAAn1xAVUKdGVzdGNvb2tp\nZXECVQZ3b3JrZWRxA3Mu\n','2012-10-28 22:38:11'),('15bc47789c71f5db74d3f822daebd37d','ZWE0M2FkMmI5MTk5ZjExNjc3OWNiNmJjMTQwMTBiY2ZlMzVkNDk0ODqAAn1xAShVBGNhcnRxAl1x\nA1UKY2FydF90b3RhbHEESwBVDV9hdXRoX3VzZXJfaWRxBYoBJ1USX2F1dGhfdXNlcl9iYWNrZW5k\ncQZVKWRqYW5nby5jb250cmliLmF1dGguYmFja2VuZHMuTW9kZWxCYWNrZW5kcQd1Lg==\n','2012-11-25 22:34:00'),('1616b691ae924ab7f7f95df7aeed1de5','YWEyNGZhMzQ0ZGYxNWQ0ZTE0ODAxMWFmNWU4MzdlNDI1YmVhZDJkZjqAAn1xAShVEl9hdXRoX3Vz\nZXJfYmFja2VuZHECVSlkamFuZ28uY29udHJpYi5hdXRoLmJhY2tlbmRzLk1vZGVsQmFja2VuZHED\nVQ1fYXV0aF91c2VyX2lkcQSKASp1Lg==\n','2012-10-21 23:22:15'),('169a601a35b56310abefccc5f6fc9212','ZGQ0ZDI1YjMyMTE5YTdmODM0MTA1NzQ5ZWE0NjY4MjQ2NGYzODUxNTqAAn1xAVUKdGVzdGNvb2tp\nZXECVQZ3b3JrZWRxA3Mu\n','2013-09-08 07:12:39'),('16bba1e188adaf59c986540db091e4b1','MjQ0OGU3YzU3NTJmMzVhYTZkMzllNGFiNTgxZjEzNWRhNTgxNGNhYzqAAn1xAShVEl9hdXRoX3Vz\nZXJfYmFja2VuZHECVSlkamFuZ28uY29udHJpYi5hdXRoLmJhY2tlbmRzLk1vZGVsQmFja2VuZHED\nVQpjYXJ0X3RvdGFscQRjZGVjaW1hbApEZWNpbWFsCnEFVQQwLjAzhVJxBlUNX2F1dGhfdXNlcl9p\nZHEHigEJVQRjYXJ0cQhdcQkoY2RqYW5nby5kYi5tb2RlbHMuYmFzZQptb2RlbF91bnBpY2tsZQpx\nCmNpbnNjcmljYW8ubW9kZWxzCkNvbmZyYXRlcm5pc3RhCnELXWNkamFuZ28uZGIubW9kZWxzLmJh\nc2UKc2ltcGxlX2NsYXNzX2ZhY3RvcnkKcQyHUnENfXEOKFUHYWxlcmdpYXEPTlUPdXNvX21lZGlj\nYW1lbnRvcRBOVRtwYXJlbnRlc2NvX2NvbnRhdG9fdXJnZW5jaWFxEVgIAAAAYXJlb2lzbnRxElUO\nZGlldGFfZXNwZWNpYWxxE05VBl9zdGF0ZXEUY2RqYW5nby5kYi5tb2RlbHMuYmFzZQpNb2RlbFN0\nYXRlCnEVKYFxFn1xFyhVBmFkZGluZ3EYiVUCZGJxGVUHZGVmYXVsdHEadWJVD2RhdGFfbmFzY2lt\nZW50b3EbY2RhdGV0aW1lCmRhdGUKcRxVBAfJCxCFUnEdVQRzZXhvcR5YAQAAAE1VCnVzdWFyaW9f\naWRxH4oBCVUKYXV0b3JpemFkb3EgiFUManV2ZW50dWRlX2lkcSGKAQFVAmlkcSKKAQNVGXRlbGVm\nb25lX2NvbnRhdG9fdXJnZW5jaWFxI1gOAAAAKDIzKSA0Nzg5LTIzNDdxJFUadGVsZWZvbmUyX2Nv\nbnRhdG9fdXJnZW5jaWFxJVgOAAAAKDI4KSA5MzQ3LTk4MzJxJlUVdm9sdW50YXJpb19tYW51dGVu\nY2FvcSeIVRVhbm9faW5ncmVzc29fbW9jaWRhZGVxKIoC1QdVCHRlbGVmb25lcSlYDgAAACgyMykg\nODk0Ny04OTMycSpVEGNvbnRhdG9fdXJnZW5jaWFxK1gIAAAAYXJlb2lzdG5xLFUGYmFpcnJvcS1Y\nDAAAAENpZGFkZSBWZWxoYXEuVQpsb2dyYWRvdXJvcS9YEgAAAFJ1YSBKb3PDqSBTaXF1ZWlyYXEw\nVQ50YW1hbmhvX2NhbWlzYXExTlULbm9tZV9jcmFjaGFxMlgFAAAAVGVzdGVxM1UGY2lkYWRlcTRY\nDgAAAEJlbG8gSG9yaXpvbnRlcTVVCmlkZW50aWRhZGVxNlgKAAAATUcxNTUzMzI2M3E3VRZwYWdh\nbWVudG9faW5zY3JpY2FvX2lkcTiKAQdVEmNvbWViaHNfYW50ZXJpb3Jlc3E5WEcAAAAxLDIsMyw0\nLDUsNiw3LDgsOSwxMCwxMSwxMiwxMywxNCwxNSwxNiwxNywxOCwxOSwyMCwyMSwyMiwyMywyNCwy\nNSwyNiwyN3E6dWJoCmgLXWgMh1JxO31xPChVB2FsZXJnaWFxPVgAAAAAVQ91c29fbWVkaWNhbWVu\ndG9xPlgAAAAAVRtwYXJlbnRlc2NvX2NvbnRhdG9fdXJnZW5jaWFxP1gDAAAAcGFpcUBVDmRpZXRh\nX2VzcGVjaWFscUFYAAAAAFUGX3N0YXRlcUJoFSmBcUN9cUQoVQZhZGRpbmdxRYlVAmRicUZVB2Rl\nZmF1bHRxR3ViVQ9kYXRhX25hc2NpbWVudG9xSGgcVQQH0AEBhVJxSVUKdXN1YXJpb19pZHFKigEK\nVQphdXRvcml6YWRvcUuIVQxqdXZlbnR1ZGVfaWRxTIoBAVUCaWRxTYoBBFUZdGVsZWZvbmVfY29u\ndGF0b191cmdlbmNpYXFOWA4AAAAoMTMpIDIxMzEtMzEyMXFPVRp0ZWxlZm9uZTJfY29udGF0b191\ncmdlbmNpYXFQWA4AAAAoMzIpIDEzMjEtMzIxM3FRVRV2b2x1bnRhcmlvX21hbnV0ZW5jYW9xUolV\nFWFub19pbmdyZXNzb19tb2NpZGFkZXFTigLVB1UOdGFtYW5ob19jYW1pc2FxVFgBAAAATVUIdGVs\nZWZvbmVxVVgOAAAAKDEzKSAyMTMyLTEyMzFxVlUQY29udGF0b191cmdlbmNpYXFXWAIAAABwYXFY\nVQZiYWlycm9xWVgIAAAAa2hramhramhxWlUKbG9ncmFkb3Vyb3FbWAMAAABramhxXFULbm9tZV9j\ncmFjaGFxXVgFAAAAbW91c2VxXlUEc2V4b3FfWAEAAABNVQZjaWRhZGVxYFgJAAAAa2poa2poa2po\ncWFVCmlkZW50aWRhZGVxYlgJAAAAMzIxMzIxMzIxcWNVFnBhZ2FtZW50b19pbnNjcmljYW9faWRx\nZIoBB1USY29tZWJoc19hbnRlcmlvcmVzcWVYAgAAADI1cWZ1YmV1Lg==\n','2012-10-05 00:53:33'),('16fb450002e7f41421f8d07af9f51184','ZGQ0ZDI1YjMyMTE5YTdmODM0MTA1NzQ5ZWE0NjY4MjQ2NGYzODUxNTqAAn1xAVUKdGVzdGNvb2tp\nZXECVQZ3b3JrZWRxA3Mu\n','2012-10-31 01:46:30'),('176d4606ea29ae6e4304e1beb3f70107','Y2NmNTQ2Nzk2MGZiMjA2NmUwYTQzN2JlODc1MDg5MDZkNzExZGJlODqAAn1xAShVEl9hdXRoX3Vz\nZXJfYmFja2VuZHECVSlkamFuZ28uY29udHJpYi5hdXRoLmJhY2tlbmRzLk1vZGVsQmFja2VuZHED\nVQ1fYXV0aF91c2VyX2lkcQSKASh1Lg==\n','2012-11-24 21:05:22'),('196c1168d32cef5553edd96763be5889','MWI1NWFiZWFiY2ZhMGU5ZWExZjliZWNmZTIyY2YwZWUwYzdiMzcwMzqAAn1xAShVEl9hdXRoX3Vz\nZXJfYmFja2VuZHECVSlkamFuZ28uY29udHJpYi5hdXRoLmJhY2tlbmRzLk1vZGVsQmFja2VuZHED\nVQ1fYXV0aF91c2VyX2lkcQSKAqEAdS4=\n','2012-11-16 23:52:04'),('19c0987fdcfc8bd7f37c92da32fb2ad7','ZGQ0ZDI1YjMyMTE5YTdmODM0MTA1NzQ5ZWE0NjY4MjQ2NGYzODUxNTqAAn1xAVUKdGVzdGNvb2tp\nZXECVQZ3b3JrZWRxA3Mu\n','2012-12-04 20:15:48'),('1a1723fb3bdec9c29b61d2ddffa8bc4d','ZGQ0ZDI1YjMyMTE5YTdmODM0MTA1NzQ5ZWE0NjY4MjQ2NGYzODUxNTqAAn1xAVUKdGVzdGNvb2tp\nZXECVQZ3b3JrZWRxA3Mu\n','2012-11-16 12:05:19'),('1a8d534f4ba734e40f788784910a142d','ZGQ0ZDI1YjMyMTE5YTdmODM0MTA1NzQ5ZWE0NjY4MjQ2NGYzODUxNTqAAn1xAVUKdGVzdGNvb2tp\nZXECVQZ3b3JrZWRxA3Mu\n','2013-09-07 16:13:09'),('1b0f45df599c83d72c30b305e881c503','ZGQ0ZDI1YjMyMTE5YTdmODM0MTA1NzQ5ZWE0NjY4MjQ2NGYzODUxNTqAAn1xAVUKdGVzdGNvb2tp\nZXECVQZ3b3JrZWRxA3Mu\n','2012-11-03 17:47:16'),('1b78dbc3252fd1c222a7b4aaccf27ab6','ODNkZmM3OGY1YzNlYWIzYWJjZGVkZGYwN2FjZDMwNjQzYTVhZWU5MzqAAn1xAShVEl9hdXRoX3Vz\nZXJfYmFja2VuZHECVSlkamFuZ28uY29udHJpYi5hdXRoLmJhY2tlbmRzLk1vZGVsQmFja2VuZHED\nVQ1fYXV0aF91c2VyX2lkcQSKAUl1Lg==\n','2013-02-02 20:00:14'),('1b835df859227ad91ed1080624feaa61','ZGQ0ZDI1YjMyMTE5YTdmODM0MTA1NzQ5ZWE0NjY4MjQ2NGYzODUxNTqAAn1xAVUKdGVzdGNvb2tp\nZXECVQZ3b3JrZWRxA3Mu\n','2013-02-22 22:36:54'),('1c540557ae6064b90e603cbfce76e251','NTNiNTJmOWUwZWViMGQ4NzZiNzQwYjAzMzMxZjI0Nzc5YmMzMDhkZDqAAn1xAShVEl9hdXRoX3Vz\nZXJfYmFja2VuZHECVSlkamFuZ28uY29udHJpYi5hdXRoLmJhY2tlbmRzLk1vZGVsQmFja2VuZHED\nVQ1fYXV0aF91c2VyX2lkcQSKAXV1Lg==\n','2012-11-08 09:55:10'),('1c6b1bc293119899c0174837302f29ae','ZGQ0ZDI1YjMyMTE5YTdmODM0MTA1NzQ5ZWE0NjY4MjQ2NGYzODUxNTqAAn1xAVUKdGVzdGNvb2tp\nZXECVQZ3b3JrZWRxA3Mu\n','2012-10-28 22:31:42'),('1d306ebac839ddb80d19c296476d7fdf','ZGQ0ZDI1YjMyMTE5YTdmODM0MTA1NzQ5ZWE0NjY4MjQ2NGYzODUxNTqAAn1xAVUKdGVzdGNvb2tp\nZXECVQZ3b3JrZWRxA3Mu\n','2013-09-06 01:15:28'),('1da4520eeca691796f84f387666c3a1a','ZGQ0ZDI1YjMyMTE5YTdmODM0MTA1NzQ5ZWE0NjY4MjQ2NGYzODUxNTqAAn1xAVUKdGVzdGNvb2tp\nZXECVQZ3b3JrZWRxA3Mu\n','2013-09-08 23:49:44'),('20f6c97315d647c47cc5c906eb53d6d0','NzM3MzljZTI2ZTU2NTllMmUwYjI2NDNhMzFmZjI2Mzk4ODBjNzhmZDqAAn1xAShVEl9hdXRoX3Vz\nZXJfYmFja2VuZHECVSlkamFuZ28uY29udHJpYi5hdXRoLmJhY2tlbmRzLk1vZGVsQmFja2VuZHED\nVQ1fYXV0aF91c2VyX2lkcQSKAp8AdS4=\n','2012-11-16 16:51:54'),('2139238fbae5befed152ea7fe487fffc','MTVlODkzYWVkZTg4YzY2MDU1MjA3MmJlYjg0MzdmOGMyZTU3ZWNmMTqAAn1xAShVEl9hdXRoX3Vz\nZXJfYmFja2VuZHECVSlkamFuZ28uY29udHJpYi5hdXRoLmJhY2tlbmRzLk1vZGVsQmFja2VuZHED\nVQ1fYXV0aF91c2VyX2lkcQSKAQJ1Lg==\n','2013-01-20 16:05:39'),('21538d0f39868ee4bb3a7604201492bc','ZDIxMzliNGFhMWZkMzE3MzI3NjcyNGNiNDUwM2RlMDA1YzY4OWM1ZjqAAn1xAShVEl9hdXRoX3Vz\nZXJfYmFja2VuZHECVSlkamFuZ28uY29udHJpYi5hdXRoLmJhY2tlbmRzLk1vZGVsQmFja2VuZHED\nVQ1fYXV0aF91c2VyX2lkcQSKAsIAdS4=\n','2012-11-22 21:01:50'),('216821f3e6dd5154027b23a544b81939','ZGQ0ZDI1YjMyMTE5YTdmODM0MTA1NzQ5ZWE0NjY4MjQ2NGYzODUxNTqAAn1xAVUKdGVzdGNvb2tp\nZXECVQZ3b3JrZWRxA3Mu\n','2012-11-21 22:27:15'),('2206adcb60979a1ebbcd785ee2fd7133','MjQ5OTNjNTA3NzI2ZGRjNjZlNTllNGU3OWZmMTAxMTViOWFlZTcwZjqAAn1xAShVEl9hdXRoX3Vz\nZXJfYmFja2VuZHECVSlkamFuZ28uY29udHJpYi5hdXRoLmJhY2tlbmRzLk1vZGVsQmFja2VuZHED\nVQ1fYXV0aF91c2VyX2lkcQSKAWl1Lg==\n','2012-11-04 14:26:15'),('2226ff3135f7898683467db6aba52f27','ZGQ0ZDI1YjMyMTE5YTdmODM0MTA1NzQ5ZWE0NjY4MjQ2NGYzODUxNTqAAn1xAVUKdGVzdGNvb2tp\nZXECVQZ3b3JrZWRxA3Mu\n','2013-09-07 21:13:40'),('2238210f8cd01edc7d91396f2d5fd6f4','ZGQ0ZDI1YjMyMTE5YTdmODM0MTA1NzQ5ZWE0NjY4MjQ2NGYzODUxNTqAAn1xAVUKdGVzdGNvb2tp\nZXECVQZ3b3JrZWRxA3Mu\n','2012-11-14 22:54:34'),('22857d48f7ae8aed3e2df051621f03b3','ZGQ0ZDI1YjMyMTE5YTdmODM0MTA1NzQ5ZWE0NjY4MjQ2NGYzODUxNTqAAn1xAVUKdGVzdGNvb2tp\nZXECVQZ3b3JrZWRxA3Mu\n','2013-02-26 14:20:03'),('22a4702eca75f008da9e4690d3d6e549','YjM3YzM5ODJkNzNiNDIzYTU2ZWFkYWUwZjJkM2YyMjU1OWNhMTc4NTqAAn1xAShVEl9hdXRoX3Vz\nZXJfYmFja2VuZHECVSlkamFuZ28uY29udHJpYi5hdXRoLmJhY2tlbmRzLk1vZGVsQmFja2VuZHED\nVQ1fYXV0aF91c2VyX2lkcQSKAX11Lg==\n','2012-11-13 15:35:27'),('22e3e3f21d605462c9d1d92b8a2a40dc','ZGQ0ZDI1YjMyMTE5YTdmODM0MTA1NzQ5ZWE0NjY4MjQ2NGYzODUxNTqAAn1xAVUKdGVzdGNvb2tp\nZXECVQZ3b3JrZWRxA3Mu\n','2012-11-21 22:22:48'),('2369e769c40168cfe95cdec61ae42d59','ZGQ0ZDI1YjMyMTE5YTdmODM0MTA1NzQ5ZWE0NjY4MjQ2NGYzODUxNTqAAn1xAVUKdGVzdGNvb2tp\nZXECVQZ3b3JrZWRxA3Mu\n','2012-11-25 14:58:39'),('23f304628cafebb729cb98cf4557c52e','ZGQ0ZDI1YjMyMTE5YTdmODM0MTA1NzQ5ZWE0NjY4MjQ2NGYzODUxNTqAAn1xAVUKdGVzdGNvb2tp\nZXECVQZ3b3JrZWRxA3Mu\n','2012-10-29 21:06:31'),('24cff82a89cbdef51b5338c9e8f5c976','YzIyZTM0YmZjNmJiMmMxNTJiYmY1ZDY1Zjc0NTZkMzY0YmQ1Zjc0NTqAAn1xAShVEl9hdXRoX3Vz\nZXJfYmFja2VuZHECVSlkamFuZ28uY29udHJpYi5hdXRoLmJhY2tlbmRzLk1vZGVsQmFja2VuZHED\nVQ1fYXV0aF91c2VyX2lkcQSKAr4AdS4=\n','2012-11-21 22:54:55'),('2626285511a6bb56b3b2dd99f4bfc4a7','ZGQ0ZDI1YjMyMTE5YTdmODM0MTA1NzQ5ZWE0NjY4MjQ2NGYzODUxNTqAAn1xAVUKdGVzdGNvb2tp\nZXECVQZ3b3JrZWRxA3Mu\n','2013-09-06 18:12:33'),('26513017ca66d1ec8305035cb16dbc99','ZmY4ZDlkNGM0NDBkNmViOGRkYTViMjQ3OGZhMTEyNDQ3YTc5YWNmYzqAAn1xAShVEl9hdXRoX3Vz\nZXJfYmFja2VuZHECVSlkamFuZ28uY29udHJpYi5hdXRoLmJhY2tlbmRzLk1vZGVsQmFja2VuZHED\nVQ1fYXV0aF91c2VyX2lkcQSKASd1Lg==\n','2012-10-22 20:52:33'),('27cf25f4af21bfc6b438d2cdecee6ad7','ZGQ0ZDI1YjMyMTE5YTdmODM0MTA1NzQ5ZWE0NjY4MjQ2NGYzODUxNTqAAn1xAVUKdGVzdGNvb2tp\nZXECVQZ3b3JrZWRxA3Mu\n','2012-10-23 23:09:06'),('28ed49607c757c3de1a4cc7c75aab2c8','MTUzMDRhZTEyYjIxMmQxMzQ4M2JhMDAyOTBlN2IxYTZkMjAxM2VlOTqAAn1xAShVEl9hdXRoX3Vz\nZXJfYmFja2VuZHECVSlkamFuZ28uY29udHJpYi5hdXRoLmJhY2tlbmRzLk1vZGVsQmFja2VuZHED\nVQ1fYXV0aF91c2VyX2lkcQSKAoIAdS4=\n','2012-11-11 00:36:12'),('2911eb5b9e50e39077b9b533f599d2c4','ZGQ0ZDI1YjMyMTE5YTdmODM0MTA1NzQ5ZWE0NjY4MjQ2NGYzODUxNTqAAn1xAVUKdGVzdGNvb2tp\nZXECVQZ3b3JrZWRxA3Mu\n','2012-11-08 19:16:57'),('298c0a720f7007f46313ec6312e1b988','ZGQ0ZDI1YjMyMTE5YTdmODM0MTA1NzQ5ZWE0NjY4MjQ2NGYzODUxNTqAAn1xAVUKdGVzdGNvb2tp\nZXECVQZ3b3JrZWRxA3Mu\n','2012-11-23 15:00:23'),('2a5c0d0475450aa99a2d91412bd8161a','ZGQ0ZDI1YjMyMTE5YTdmODM0MTA1NzQ5ZWE0NjY4MjQ2NGYzODUxNTqAAn1xAVUKdGVzdGNvb2tp\nZXECVQZ3b3JrZWRxA3Mu\n','2012-09-25 23:09:19'),('2a632d081aab4db8cca0c21795f2b317','YWU1NmNkNDlmMDI5OGVmYzAyNWE1ZjhjMWY1ZjkzNmMyZDgwNzJiNTqAAn1xAShVEl9hdXRoX3Vz\nZXJfYmFja2VuZHECVSlkamFuZ28uY29udHJpYi5hdXRoLmJhY2tlbmRzLk1vZGVsQmFja2VuZHED\nVQ1fYXV0aF91c2VyX2lkcQSKAXt1Lg==\n','2012-11-10 00:17:57'),('2aa5077e2068ece4580e02ecfcfec105','ZGQ0ZDI1YjMyMTE5YTdmODM0MTA1NzQ5ZWE0NjY4MjQ2NGYzODUxNTqAAn1xAVUKdGVzdGNvb2tp\nZXECVQZ3b3JrZWRxA3Mu\n','2012-11-25 13:20:35'),('2b78d06cfd21e193ac2e93d362b68b56','ZGQ0ZDI1YjMyMTE5YTdmODM0MTA1NzQ5ZWE0NjY4MjQ2NGYzODUxNTqAAn1xAVUKdGVzdGNvb2tp\nZXECVQZ3b3JrZWRxA3Mu\n','2013-09-07 18:12:39'),('2b8ffdfe0de7d60e675f8e7ed00c1f3a','ZGQ0ZDI1YjMyMTE5YTdmODM0MTA1NzQ5ZWE0NjY4MjQ2NGYzODUxNTqAAn1xAVUKdGVzdGNvb2tp\nZXECVQZ3b3JrZWRxA3Mu\n','2012-09-21 05:32:15'),('2bec1fa559f3a02c07951f7b7b1b6a8c','ZmZiNWRhNDk4ZWY5YmI0MDlmMWUwYTczNjVhNjVjMDUwMmRjZjZiNDqAAn1xAShVEl9hdXRoX3Vz\nZXJfYmFja2VuZHECVSlkamFuZ28uY29udHJpYi5hdXRoLmJhY2tlbmRzLk1vZGVsQmFja2VuZHED\nVQ1fYXV0aF91c2VyX2lkcQSKAVN1Lg==\n','2012-12-07 13:27:43'),('2c08cf9806b7eb42f8d899c4cd69e072','ZGQ0ZDI1YjMyMTE5YTdmODM0MTA1NzQ5ZWE0NjY4MjQ2NGYzODUxNTqAAn1xAVUKdGVzdGNvb2tp\nZXECVQZ3b3JrZWRxA3Mu\n','2012-11-12 02:32:20'),('2c32b9356b66e46fcbe5d0772ffcbcf8','ZGQ0ZDI1YjMyMTE5YTdmODM0MTA1NzQ5ZWE0NjY4MjQ2NGYzODUxNTqAAn1xAVUKdGVzdGNvb2tp\nZXECVQZ3b3JrZWRxA3Mu\n','2013-09-04 14:14:55'),('2d11c8ec2cf1338be907211fa231b456','ZGQ0ZDI1YjMyMTE5YTdmODM0MTA1NzQ5ZWE0NjY4MjQ2NGYzODUxNTqAAn1xAVUKdGVzdGNvb2tp\nZXECVQZ3b3JrZWRxA3Mu\n','2012-10-28 19:29:05'),('2d2ae13729d64296529d9b34f94da9f4','MjNhMjQ5NjFhMzQ0YzU3Yzk2YTcxNjczM2MwODdhOGJmODc0NGY2ZTqAAn1xAShVEl9hdXRoX3Vz\nZXJfYmFja2VuZHECVSlkamFuZ28uY29udHJpYi5hdXRoLmJhY2tlbmRzLk1vZGVsQmFja2VuZHED\nVQpjYXJ0X3RvdGFscQRjZGVjaW1hbApEZWNpbWFsCnEFVQYyODAuMDCFUnEGVQ1fYXV0aF91c2Vy\nX2lkcQeKAXVVBGNhcnRxCF1xCShjZGphbmdvLmRiLm1vZGVscy5iYXNlCm1vZGVsX3VucGlja2xl\nCnEKY2luc2NyaWNhby5tb2RlbHMKQ29uZnJhdGVybmlzdGEKcQtdY2RqYW5nby5kYi5tb2RlbHMu\nYmFzZQpzaW1wbGVfY2xhc3NfZmFjdG9yeQpxDIdScQ19cQ4oVQdhbGVyZ2lhcQ9OVQ91c29fbWVk\naWNhbWVudG9xEE5VG3BhcmVudGVzY29fY29udGF0b191cmdlbmNpYXERWAMAAABtYWVxElUOZGll\ndGFfZXNwZWNpYWxxE05VBl9zdGF0ZXEUY2RqYW5nby5kYi5tb2RlbHMuYmFzZQpNb2RlbFN0YXRl\nCnEVKYFxFn1xFyhVBmFkZGluZ3EYiVUCZGJxGVUHZGVmYXVsdHEadWJVD2RhdGFfbmFzY2ltZW50\nb3EbY2RhdGV0aW1lCmRhdGUKcRxVBAfNBBaFUnEdVQRzZXhvcR5YAQAAAE1VCnVzdWFyaW9faWRx\nH4oCggBVCmF1dG9yaXphZG9xIIhVDGp1dmVudHVkZV9pZHEhigEWVQJpZHEiigFxVRl0ZWxlZm9u\nZV9jb250YXRvX3VyZ2VuY2lhcSNYDgAAACgzMSkgOTMwMS0wOTAzcSRVGnRlbGVmb25lMl9jb250\nYXRvX3VyZ2VuY2lhcSVYDgAAACgzMSkgMzQ2Mi04OTk2cSZVFXZvbHVudGFyaW9fbWFudXRlbmNh\nb3EniFUVYW5vX2luZ3Jlc3NvX21vY2lkYWRlcSiKAs0HVQh0ZWxlZm9uZXEpWA4AAAAoMzEpIDM0\nMjgtNTE3OXEqVRBjb250YXRvX3VyZ2VuY2lhcStYBQAAAG5ldXNhcSxVBmJhaXJyb3EtWAsAAABz\nYW50byBhbmRyZXEuVQpsb2dyYWRvdXJvcS9YBAAAAGNhc2FxMFUOdGFtYW5ob19jYW1pc2FxMVgB\nAAAATVULbm9tZV9jcmFjaGFxMlgRAAAAZnJvaWxhbiB3ZXN0YnJvb2txM1UGY2lkYWRlcTRYDgAA\nAGJlbG8gaG9yaXpvbnRlcTVVCmlkZW50aWRhZGVxNlgAAAAAVRZwYWdhbWVudG9faW5zY3JpY2Fv\nX2lkcTdOVRJjb21lYmhzX2FudGVyaW9yZXNxOFgCAAAAMDBxOXViaApoC11oDIdScTp9cTsoVQdh\nbGVyZ2lhcTxOVQ91c29fbWVkaWNhbWVudG9xPU5VG3BhcmVudGVzY29fY29udGF0b191cmdlbmNp\nYXE+WAMAAABQYWlxP1UOZGlldGFfZXNwZWNpYWxxQE5VBl9zdGF0ZXFBaBUpgXFCfXFDKFUGYWRk\naW5ncUSJVQJkYnFFVQdkZWZhdWx0cUZ1YlUPZGF0YV9uYXNjaW1lbnRvcUdoHFUEB8wMEIVScUhV\nBHNleG9xSVgBAAAATVUKdXN1YXJpb19pZHFKigKoAFUKYXV0b3JpemFkb3FLiFUManV2ZW50dWRl\nX2lkcUyKARZVAmlkcU2KApYAVRl0ZWxlZm9uZV9jb250YXRvX3VyZ2VuY2lhcU5YDgAAACgzMSkg\nODgyMS0wNTc2cU9VGnRlbGVmb25lMl9jb250YXRvX3VyZ2VuY2lhcVBYDgAAACgzMSkgOTY4NC02\nNDQxcVFVFXZvbHVudGFyaW9fbWFudXRlbmNhb3FSiFUVYW5vX2luZ3Jlc3NvX21vY2lkYWRlcVOK\nAQNVCHRlbGVmb25lcVRYDgAAACgzMSkgMzQxMy04OTQxcVVVEGNvbnRhdG9fdXJnZW5jaWFxVlga\nAAAAV2FsdGVyIEFudMO0bmlvIGRvcyBTYW50b3NxV1UGYmFpcnJvcVhYDwAAAGFsaXBpbyBkZSBt\nZWxvIHFZVQpsb2dyYWRvdXJvcVpYHAAAAHJ1YSBjbGVtZW50ZSBiYXJyZXRvIGNhc2EgNCBxW1UO\ndGFtYW5ob19jYW1pc2FxXFgBAAAAUFULbm9tZV9jcmFjaGFxXVgPAAAASsO6bGlhIEJhYsOqdHRv\ncV5VBmNpZGFkZXFfWA4AAABiZWxvIGhvcml6b250ZXFgVQppZGVudGlkYWRlcWFYDQAAAE1HLTE5\nLTMxNi0wMzRxYlUWcGFnYW1lbnRvX2luc2NyaWNhb19pZHFjTlUSY29tZWJoc19hbnRlcmlvcmVz\ncWRYAgAAADMwcWV1YmgKaAtdaAyHUnFmfXFnKFUHYWxlcmdpYXFoTlUPdXNvX21lZGljYW1lbnRv\ncWlOVRtwYXJlbnRlc2NvX2NvbnRhdG9fdXJnZW5jaWFxalgDAAAAUGFpcWtVDmRpZXRhX2VzcGVj\naWFscWxOVQZfc3RhdGVxbWgVKYFxbn1xbyhVBmFkZGluZ3FwiVUCZGJxcVUHZGVmYXVsdHFydWJV\nD2RhdGFfbmFzY2ltZW50b3FzaBxVBAfMARqFUnF0VQRzZXhvcXVYAQAAAEZVCnVzdWFyaW9faWRx\ndooCqQBVCmF1dG9yaXphZG9xd4hVDGp1dmVudHVkZV9pZHF4igEWVQJpZHF5igKXAFUZdGVsZWZv\nbmVfY29udGF0b191cmdlbmNpYXF6WA4AAAAoMzEpIDkxNzMtODI2N3F7VRp0ZWxlZm9uZTJfY29u\ndGF0b191cmdlbmNpYXF8WA4AAAAoMzEpIDk0NzgtMjE2OHF9VRV2b2x1bnRhcmlvX21hbnV0ZW5j\nYW9xfohVFWFub19pbmdyZXNzb19tb2NpZGFkZXF/igLaB1UIdGVsZWZvbmVxgFgOAAAAKDMxKSAz\nMzYxLTAyOThxgVUQY29udGF0b191cmdlbmNpYXGCWAYAAABDYXJsb3Nxg1UGYmFpcnJvcYRYCAAA\nAEFtYXpvbmFzcYVVCmxvZ3JhZG91cm9xhlgLAAAAUnVhIE1hcmFjw6Fxh1UOdGFtYW5ob19jYW1p\nc2FxiFgBAAAAR1ULbm9tZV9jcmFjaGFxiVgLAAAAQ2Fyb2wgS2FtZWlxilUGY2lkYWRlcYtYCAAA\nAENvbnRhZ2VtcYxVCmlkZW50aWRhZGVxjVgPAAAATUcgLSAxNy45MzguNzU4cY5VFnBhZ2FtZW50\nb19pbnNjcmljYW9faWRxj05VEmNvbWViaHNfYW50ZXJpb3Jlc3GQTnViaApoC11oDIdScZF9cZIo\nVQdhbGVyZ2lhcZNOVQ91c29fbWVkaWNhbWVudG9xlE5VG3BhcmVudGVzY29fY29udGF0b191cmdl\nbmNpYXGVWAQAAABNw6NlcZZVDmRpZXRhX2VzcGVjaWFscZdOVQZfc3RhdGVxmGgVKYFxmX1xmihV\nBmFkZGluZ3GbiVUCZGJxnFUHZGVmYXVsdHGddWJVD2RhdGFfbmFzY2ltZW50b3GeaBxVBAfHCwiF\nUnGfVQRzZXhvcaBYAQAAAE1VCnVzdWFyaW9faWRxoYoCswBVCmF1dG9yaXphZG9xoohVDGp1dmVu\ndHVkZV9pZHGjigEWVQJpZHGkigKhAFUZdGVsZWZvbmVfY29udGF0b191cmdlbmNpYXGlWA4AAAAo\nMzEpIDM2NDYtMTIxM3GmVRp0ZWxlZm9uZTJfY29udGF0b191cmdlbmNpYXGnWA4AAAAoMzEpIDkx\nMTItODA3MHGoVRV2b2x1bnRhcmlvX21hbnV0ZW5jYW9xqYhVFWFub19pbmdyZXNzb19tb2NpZGFk\nZXGqigLVB1UIdGVsZWZvbmVxq1gOAAAAKDMxKSA4MzIwLTExOTZxrFUQY29udGF0b191cmdlbmNp\nYXGtWCYAAABBbmEgTWFmYWxkYSBNYXJjb2xpbm8gZGEgU2lsdmEgR2FicmllbHGuVQZiYWlycm9x\nr1gJAAAAVmVyYSBDcnV6cbBVCmxvZ3JhZG91cm9xsVgQAAAAcnVhIEl0YW1pcmltLCA5MXGyVQ50\nYW1hbmhvX2NhbWlzYXGzTlULbm9tZV9jcmFjaGFxtFgMAAAAQW5kcsOpIEx1w61zcbVVBmNpZGFk\nZXG2WA4AAABCZWxvIEhvcml6b250ZXG3VQppZGVudGlkYWRlcbhYCwAAAE1HLTE3MjcxODk5cblV\nFnBhZ2FtZW50b19pbnNjcmljYW9faWRxuk5VEmNvbWViaHNfYW50ZXJpb3Jlc3G7WAsAAAAyNiwy\nNywyOSwzMHG8dWJoCmgLXWgMh1JxvX1xvihVB2FsZXJnaWFxv05VD3Vzb19tZWRpY2FtZW50b3HA\nTlUbcGFyZW50ZXNjb19jb250YXRvX3VyZ2VuY2lhccFYBAAAAE3Do2VxwlUOZGlldGFfZXNwZWNp\nYWxxw05VBl9zdGF0ZXHEaBUpgXHFfXHGKFUGYWRkaW5ncceJVQJkYnHIVQdkZWZhdWx0ccl1YlUP\nZGF0YV9uYXNjaW1lbnRvccpoHFUEB8kBGoVScctVBHNleG9xzFgBAAAARlUKdXN1YXJpb19pZHHN\nigK1AFUKYXV0b3JpemFkb3HOiFUManV2ZW50dWRlX2lkcc+KARZVAmlkcdCKAqMAVRl0ZWxlZm9u\nZV9jb250YXRvX3VyZ2VuY2lhcdFYDgAAACgzMSkgOTExMi04MDcwcdJVGnRlbGVmb25lMl9jb250\nYXRvX3VyZ2VuY2lhcdNYDgAAACgzMSkgMzY0Ni0xMjEzcdRVFXZvbHVudGFyaW9fbWFudXRlbmNh\nb3HViFUVYW5vX2luZ3Jlc3NvX21vY2lkYWRlcdaKAtMHVQh0ZWxlZm9uZXHXWA4AAAAoMzEpIDky\nMzYtNjUwN3HYVRBjb250YXRvX3VyZ2VuY2lhcdlYCwAAAEFuYSBNYWZhbGRhcdpVBmJhaXJyb3Hb\nWAkAAABWZXJhIENydXpx3FUKbG9ncmFkb3Vyb3HdWA8AAABSOiBJdGFtaXJpbSwgOTFx3lUOdGFt\nYW5ob19jYW1pc2Fx305VC25vbWVfY3JhY2hhceBYEAAAAE1hcmlhbmEgQ3Jpc3RpbmFx4VUGY2lk\nYWRlceJYDgAAAEJlbG8gSG9yaXpvbnRlceNVCmlkZW50aWRhZGVx5FgNAAAAbWctMTcuMjcxLjkw\nNnHlVRZwYWdhbWVudG9faW5zY3JpY2FvX2lkceZOVRJjb21lYmhzX2FudGVyaW9yZXNx51gOAAAA\nMjYsMjcsMjgsMjksMzBx6HViaApoC11oDIdScel9ceooVQdhbGVyZ2lhcetOVQ91c29fbWVkaWNh\nbWVudG9x7E5VG3BhcmVudGVzY29fY29udGF0b191cmdlbmNpYXHtWAMAAABNYWVx7lUOZGlldGFf\nZXNwZWNpYWxx705VBl9zdGF0ZXHwaBUpgXHxfXHyKFUGYWRkaW5ncfOJVQJkYnH0VQdkZWZhdWx0\ncfV1YlUPZGF0YV9uYXNjaW1lbnRvcfZoHFUEB8cIFYVScfdVBHNleG9x+FgBAAAARlUKdXN1YXJp\nb19pZHH5igK+AFUKYXV0b3JpemFkb3H6iFUManV2ZW50dWRlX2lkcfuKARZVAmlkcfyKAqwAVRl0\nZWxlZm9uZV9jb250YXRvX3VyZ2VuY2lhcf1YDgAAACgzMSkgODQ5OS05NTkwcf5VGnRlbGVmb25l\nMl9jb250YXRvX3VyZ2VuY2lhcf9YDgAAACgzMSkgODQ5OS05NTkwcgABAABVFXZvbHVudGFyaW9f\nbWFudXRlbmNhb3IBAQAATlUVYW5vX2luZ3Jlc3NvX21vY2lkYWRlcgIBAACKAtgHVQh0ZWxlZm9u\nZXIDAQAAWAoAAAAzMTg0OTk5NTkwcgQBAABVEGNvbnRhdG9fdXJnZW5jaWFyBQEAAFgKAAAASmFj\ncXVlbGluZXIGAQAAVQZiYWlycm9yBwEAAFgPAAAAamFyZGltIGFsdm9yYWRhcggBAABVCmxvZ3Jh\nZG91cm9yCQEAAFgOAAAARmxvciBkYXMgQWxtYXNyCgEAAFUOdGFtYW5ob19jYW1pc2FyCwEAAE5V\nC25vbWVfY3JhY2hhcgwBAABYDQAAAEJhcmJhcmEgTHVpemFyDQEAAFUGY2lkYWRlcg4BAABYDgAA\nAEJlbG8gSG9yaXpvbnRlcg8BAABVCmlkZW50aWRhZGVyEAEAAFgKAAAAbWcxNjQ5NDE4N3IRAQAA\nVRZwYWdhbWVudG9faW5zY3JpY2FvX2lkchIBAACKArcAVRJjb21lYmhzX2FudGVyaW9yZXNyEwEA\nAE51YmgKaAtdaAyHUnIUAQAAfXIVAQAAKFUHYWxlcmdpYXIWAQAATlUPdXNvX21lZGljYW1lbnRv\nchcBAABOVRtwYXJlbnRlc2NvX2NvbnRhdG9fdXJnZW5jaWFyGAEAAFgEAAAATcOjZXIZAQAAVQ5k\naWV0YV9lc3BlY2lhbHIaAQAATlUGX3N0YXRlchsBAABoFSmBchwBAAB9ch0BAAAoVQZhZGRpbmdy\nHgEAAIlVAmRich8BAABVB2RlZmF1bHRyIAEAAHViVQ9kYXRhX25hc2NpbWVudG9yIQEAAGgcVQQH\nzgIXhVJyIgEAAFUEc2V4b3IjAQAAWAEAAABGVQp1c3VhcmlvX2lkciQBAACKAswAVQphdXRvcml6\nYWRvciUBAACIVQxqdXZlbnR1ZGVfaWRyJgEAAIoBFlUCaWRyJwEAAIoCugBVGXRlbGVmb25lX2Nv\nbnRhdG9fdXJnZW5jaWFyKAEAAFgOAAAAKDMxKSA4NzE5LTk3OTByKQEAAFUadGVsZWZvbmUyX2Nv\nbnRhdG9fdXJnZW5jaWFyKgEAAFgOAAAAKDMxKSA4NzE5LTAyOTByKwEAAFUVdm9sdW50YXJpb19t\nYW51dGVuY2FvciwBAACIVRVhbm9faW5ncmVzc29fbW9jaWRhZGVyLQEAAIoC2AdVCHRlbGVmb25l\nci4BAABYDgAAACgzMSkgMzQ2NC03NDQ0ci8BAABVEGNvbnRhdG9fdXJnZW5jaWFyMAEAAFgIAAAA\nQ3Jpc3RpbmFyMQEAAFUGYmFpcnJvcjIBAABYDQAAAENhcmxvcyBQcmF0ZXNyMwEAAFUKbG9ncmFk\nb3Vyb3I0AQAAWBwAAABSdWEgSXRhbWJhY3VyaSwgMTM5L2FwdG8gMzAzcjUBAABVDnRhbWFuaG9f\nY2FtaXNhcjYBAABYAQAAAFBVC25vbWVfY3JhY2hhcjcBAABYFwAAAEx1YW5hIGRlIEFicmV1IFRl\naXhlaXJhcjgBAABVBmNpZGFkZXI5AQAAWA4AAABCZWxvIEhvcml6b250ZXI6AQAAVQppZGVudGlk\nYWRlcjsBAABYCwAAAE1HLTE5OTM1MTYycjwBAABVFnBhZ2FtZW50b19pbnNjcmljYW9faWRyPQEA\nAE5VEmNvbWViaHNfYW50ZXJpb3Jlc3I+AQAATnViaApoC11oDIdScj8BAAB9ckABAAAoVQdhbGVy\nZ2lhckEBAABOVQ91c29fbWVkaWNhbWVudG9yQgEAAE5VG3BhcmVudGVzY29fY29udGF0b191cmdl\nbmNpYXJDAQAAWBAAAABTaWx2aW8gRmVsaXNtaW5vckQBAABVDmRpZXRhX2VzcGVjaWFsckUBAABO\nVQZfc3RhdGVyRgEAAGgVKYFyRwEAAH1ySAEAAChVBmFkZGluZ3JJAQAAiVUCZGJySgEAAFUHZGVm\nYXVsdHJLAQAAdWJVD2RhdGFfbmFzY2ltZW50b3JMAQAAaBxVBAfNAQeFUnJNAQAAVQp1c3Vhcmlv\nX2lkck4BAACKAs4AVQphdXRvcml6YWRvck8BAACIVQxqdXZlbnR1ZGVfaWRyUAEAAIoBFlUCaWRy\nUQEAAIoCvABVGXRlbGVmb25lX2NvbnRhdG9fdXJnZW5jaWFyUgEAAFgOAAAAKDMxKSAzMDM3LTI3\nODhyUwEAAFUadGVsZWZvbmUyX2NvbnRhdG9fdXJnZW5jaWFyVAEAAFgOAAAAKDMxKSA5MTEyLTgw\nNzByVQEAAFUVdm9sdW50YXJpb19tYW51dGVuY2FvclYBAACIVRVhbm9faW5ncmVzc29fbW9jaWRh\nZGVyVwEAAIoC0wdVDnRhbWFuaG9fY2FtaXNhclgBAABOVQh0ZWxlZm9uZXJZAQAAWA4AAAAoMzEp\nIDM2NDYtMTIxNnJaAQAAVRBjb250YXRvX3VyZ2VuY2lhclsBAABYCwAAAEFuYSBNYWZhbGRhclwB\nAABVBmJhaXJyb3JdAQAAWAkAAABWZXJhIENydXpyXgEAAFUKbG9ncmFkb3Vyb3JfAQAAWA8AAABS\nOiBJdGFtaXJpbSwgOTFyYAEAAFULbm9tZV9jcmFjaGFyYQEAAFgHAAAAVGF0aWFuYXJiAQAAVQRz\nZXhvcmMBAABYAQAAAEZVBmNpZGFkZXJkAQAAWA4AAABCZWxvIEhvcml6b250ZXJlAQAAVQppZGVu\ndGlkYWRlcmYBAABYCAAAADE3NzMzMzYwcmcBAABVFnBhZ2FtZW50b19pbnNjcmljYW9faWRyaAEA\nAE5VEmNvbWViaHNfYW50ZXJpb3Jlc3JpAQAAWAIAAAAwMHJqAQAAdWJldS4=\n','2012-11-25 14:36:26'),('2db88a1cd3e58ab04925f101fb5c85b3','ZGQ0ZDI1YjMyMTE5YTdmODM0MTA1NzQ5ZWE0NjY4MjQ2NGYzODUxNTqAAn1xAVUKdGVzdGNvb2tp\nZXECVQZ3b3JrZWRxA3Mu\n','2013-05-26 23:50:22'),('2e15b4387170633a6352465700b79a7b','ZGQ0ZDI1YjMyMTE5YTdmODM0MTA1NzQ5ZWE0NjY4MjQ2NGYzODUxNTqAAn1xAVUKdGVzdGNvb2tp\nZXECVQZ3b3JrZWRxA3Mu\n','2012-11-24 15:11:21'),('2e4cb148acd42282f263dc5bf2ba41de','ZGQ0ZDI1YjMyMTE5YTdmODM0MTA1NzQ5ZWE0NjY4MjQ2NGYzODUxNTqAAn1xAVUKdGVzdGNvb2tp\nZXECVQZ3b3JrZWRxA3Mu\n','2013-01-31 14:13:26'),('2e760a142865efd8263342f5977b9e0a','ZGQ0ZDI1YjMyMTE5YTdmODM0MTA1NzQ5ZWE0NjY4MjQ2NGYzODUxNTqAAn1xAVUKdGVzdGNvb2tp\nZXECVQZ3b3JrZWRxA3Mu\n','2012-10-28 22:29:00'),('2ee08b96847ff05ac16d0179c4b2faec','ZGQ0ZDI1YjMyMTE5YTdmODM0MTA1NzQ5ZWE0NjY4MjQ2NGYzODUxNTqAAn1xAVUKdGVzdGNvb2tp\nZXECVQZ3b3JrZWRxA3Mu\n','2012-11-25 23:03:08'),('2ff4bb3e9e7e4a42239035bcb3fdbd59','ZGQ0ZDI1YjMyMTE5YTdmODM0MTA1NzQ5ZWE0NjY4MjQ2NGYzODUxNTqAAn1xAVUKdGVzdGNvb2tp\nZXECVQZ3b3JrZWRxA3Mu\n','2012-11-16 20:58:52'),('30aabfb4ff6225b7d980e270bb39578b','NDMwY2RhYTUzNmM4MzU2N2QzZmIxYmViNGEyOGQyZTE1ZTcyZmM4YzqAAn1xAShVEl9hdXRoX3Vz\nZXJfYmFja2VuZHECVSlkamFuZ28uY29udHJpYi5hdXRoLmJhY2tlbmRzLk1vZGVsQmFja2VuZHED\nVQ1fYXV0aF91c2VyX2lkcQSKATF1Lg==\n','2012-10-23 16:59:26'),('30f7e3f1a8a350373ee5da5c0ddacdc3','ZGQ0ZDI1YjMyMTE5YTdmODM0MTA1NzQ5ZWE0NjY4MjQ2NGYzODUxNTqAAn1xAVUKdGVzdGNvb2tp\nZXECVQZ3b3JrZWRxA3Mu\n','2013-09-06 06:16:32'),('315703006c72d0415432c45c8956fa87','MDYxYWUyM2U0OTc4M2UyMjRhY2FiYzllY2EyN2M4MDBmZDNhZWE0ZjqAAn1xAShVEl9hdXRoX3Vz\nZXJfYmFja2VuZHECVSlkamFuZ28uY29udHJpYi5hdXRoLmJhY2tlbmRzLk1vZGVsQmFja2VuZHED\nVQ1fYXV0aF91c2VyX2lkcQSKAqUAdS4=\n','2012-11-23 20:14:24'),('31d67098dccd760e96452d661194fe8d','MzA1NDk5Y2FkZmZkODNiZjIwMDYzZDVkM2UwMWQ0MmEzNThhYjkyYjqAAn1xAShVEl9hdXRoX3Vz\nZXJfYmFja2VuZHECVSlkamFuZ28uY29udHJpYi5hdXRoLmJhY2tlbmRzLk1vZGVsQmFja2VuZHED\nVQ1fYXV0aF91c2VyX2lkcQSKAosAdS4=\n','2012-11-30 17:35:05'),('31dfa89d9110e08416f0b9318863303e','ZGQ0ZDI1YjMyMTE5YTdmODM0MTA1NzQ5ZWE0NjY4MjQ2NGYzODUxNTqAAn1xAVUKdGVzdGNvb2tp\nZXECVQZ3b3JrZWRxA3Mu\n','2012-11-25 15:18:07'),('323d39139d3576fbc09002e3a3bac431','ZGQ0ZDI1YjMyMTE5YTdmODM0MTA1NzQ5ZWE0NjY4MjQ2NGYzODUxNTqAAn1xAVUKdGVzdGNvb2tp\nZXECVQZ3b3JrZWRxA3Mu\n','2013-09-05 19:16:54'),('32709cf0367ad6234fc771fb965afa23','ZDI5NDkzMDhlYjk4MTQ2MDRmNzNhZmVkZjRjY2FhZDQ1YTY1NDZkYzqAAn1xAShVEl9hdXRoX3Vz\nZXJfYmFja2VuZHECVSlkamFuZ28uY29udHJpYi5hdXRoLmJhY2tlbmRzLk1vZGVsQmFja2VuZHED\nVQ1fYXV0aF91c2VyX2lkcQSKAs0AdS4=\n','2012-11-23 21:29:29'),('32a3fc3a22d996e6d2d65efd1ab8f4ae','MTVlODkzYWVkZTg4YzY2MDU1MjA3MmJlYjg0MzdmOGMyZTU3ZWNmMTqAAn1xAShVEl9hdXRoX3Vz\nZXJfYmFja2VuZHECVSlkamFuZ28uY29udHJpYi5hdXRoLmJhY2tlbmRzLk1vZGVsQmFja2VuZHED\nVQ1fYXV0aF91c2VyX2lkcQSKAQJ1Lg==\n','2012-12-12 16:46:02'),('32b59bea22b7e7a16b0c3475925e5fd2','ZGQ0ZDI1YjMyMTE5YTdmODM0MTA1NzQ5ZWE0NjY4MjQ2NGYzODUxNTqAAn1xAVUKdGVzdGNvb2tp\nZXECVQZ3b3JrZWRxA3Mu\n','2012-11-27 11:49:25'),('333fcbc9e129b90b183e36a20e4dff3b','ZGQ0ZDI1YjMyMTE5YTdmODM0MTA1NzQ5ZWE0NjY4MjQ2NGYzODUxNTqAAn1xAVUKdGVzdGNvb2tp\nZXECVQZ3b3JrZWRxA3Mu\n','2012-11-03 19:35:02'),('33697d686fdad6718ec852804f224ad3','ZGQ0ZDI1YjMyMTE5YTdmODM0MTA1NzQ5ZWE0NjY4MjQ2NGYzODUxNTqAAn1xAVUKdGVzdGNvb2tp\nZXECVQZ3b3JrZWRxA3Mu\n','2013-09-06 15:12:37'),('3403025cd4d957ea20816173f1fe9b83','NjMwOTZiZDcwOWRmYTJiNDc2NWQzOWVlMWU3NTAxNmZkZWU5ZGRhYTqAAn1xAShVEl9hdXRoX3Vz\nZXJfYmFja2VuZHECVSlkamFuZ28uY29udHJpYi5hdXRoLmJhY2tlbmRzLk1vZGVsQmFja2VuZHED\nVQ1fYXV0aF91c2VyX2lkcQSKAoYAdS4=\n','2013-01-21 00:19:21'),('3554bb64105d4f9f1a14e3c82051f8ca','ZGQ0ZDI1YjMyMTE5YTdmODM0MTA1NzQ5ZWE0NjY4MjQ2NGYzODUxNTqAAn1xAVUKdGVzdGNvb2tp\nZXECVQZ3b3JrZWRxA3Mu\n','2012-10-24 23:47:42'),('359052982a7459f9080e0c2343fb80be','MmUyNjNkMGUyNmRiZWJiNDY5MDM0OTRkZmIxMWE1YWY1Mzk2YTViNjqAAn1xAShVEl9hdXRoX3Vz\nZXJfYmFja2VuZHECVSlkamFuZ28uY29udHJpYi5hdXRoLmJhY2tlbmRzLk1vZGVsQmFja2VuZHED\nVQ1fYXV0aF91c2VyX2lkcQSKATB1Lg==\n','2012-10-23 16:51:00'),('35eb03fcbe931b9ba907673de3c51b8e','ZGQ0ZDI1YjMyMTE5YTdmODM0MTA1NzQ5ZWE0NjY4MjQ2NGYzODUxNTqAAn1xAVUKdGVzdGNvb2tp\nZXECVQZ3b3JrZWRxA3Mu\n','2013-09-04 09:13:35'),('35f579c1c74961380444fc9bfec323f8','YjQ4YzNhNTdjNzU3MTRjMjIzYmQ5OWUzMWI0N2E2MTE1NDcxMDQ3YzqAAn1xAShVEl9hdXRoX3Vz\nZXJfYmFja2VuZHECVSlkamFuZ28uY29udHJpYi5hdXRoLmJhY2tlbmRzLk1vZGVsQmFja2VuZHED\nVQ1fYXV0aF91c2VyX2lkcQSKASV1Lg==\n','2012-11-08 18:53:19'),('361ba90f5fff6a9f9372dd63d23778c4','Y2NmNTQ2Nzk2MGZiMjA2NmUwYTQzN2JlODc1MDg5MDZkNzExZGJlODqAAn1xAShVEl9hdXRoX3Vz\nZXJfYmFja2VuZHECVSlkamFuZ28uY29udHJpYi5hdXRoLmJhY2tlbmRzLk1vZGVsQmFja2VuZHED\nVQ1fYXV0aF91c2VyX2lkcQSKASh1Lg==\n','2012-11-08 16:15:03'),('36838e1323196a2e810292b5c1ac751e','ZmZiNWRhNDk4ZWY5YmI0MDlmMWUwYTczNjVhNjVjMDUwMmRjZjZiNDqAAn1xAShVEl9hdXRoX3Vz\nZXJfYmFja2VuZHECVSlkamFuZ28uY29udHJpYi5hdXRoLmJhY2tlbmRzLk1vZGVsQmFja2VuZHED\nVQ1fYXV0aF91c2VyX2lkcQSKAVN1Lg==\n','2013-02-18 16:23:35'),('36b0b753460ccf53917ff3102fbe707d','ZmZlZGYzMjkyZjdkM2VlNjhhNTRmZDkxOGY0ZDQwZWY0OWVjZTAzMzqAAn1xAShVEl9hdXRoX3Vz\nZXJfYmFja2VuZHECVSlkamFuZ28uY29udHJpYi5hdXRoLmJhY2tlbmRzLk1vZGVsQmFja2VuZHED\nVQ1fYXV0aF91c2VyX2lkcQSKAQF1Lg==\n','2013-01-21 00:15:35'),('372a8ba79f7bbf7cbdd231a9b26791de','ZDQxYmMyM2NkZDRiZDM2MTljZDZjMzI2MTNhMmEyMGE0NTQ4YzM3ZDqAAn1xAShVEl9hdXRoX3Vz\nZXJfYmFja2VuZHECVSlkamFuZ28uY29udHJpYi5hdXRoLmJhY2tlbmRzLk1vZGVsQmFja2VuZHED\nVQ1fYXV0aF91c2VyX2lkcQSKAsQAdS4=\n','2012-11-27 10:26:22'),('376fe2b1340f85a32591fd904ed48365','ZGQ0ZDI1YjMyMTE5YTdmODM0MTA1NzQ5ZWE0NjY4MjQ2NGYzODUxNTqAAn1xAVUKdGVzdGNvb2tp\nZXECVQZ3b3JrZWRxA3Mu\n','2012-10-28 22:27:10'),('384ea1f3803b4e3de743d1e5cfbeea08','NTNhYzU5YWMwMDg2MDQ2MjY4MmUwNjdjZjI3ZDBmY2VlMzAzNzcyODqAAn1xAShVEl9hdXRoX3Vz\nZXJfYmFja2VuZHECVSlkamFuZ28uY29udHJpYi5hdXRoLmJhY2tlbmRzLk1vZGVsQmFja2VuZHED\nVQ1fYXV0aF91c2VyX2lkcQSKAtkAdS4=\n','2012-11-27 19:17:26'),('3933619bd26db6d96af3469633dba092','NWU5Zjc4NmI5ZmM2Y2M2YTk4Y2JjNWVkMzdkNWQyZGEzYjM0Yjk3NzqAAn1xAShVBGNhcnRxAl1x\nA1UKY2FydF90b3RhbHEESwBVDV9hdXRoX3VzZXJfaWRxBYoBKlUSX2F1dGhfdXNlcl9iYWNrZW5k\ncQZVKWRqYW5nby5jb250cmliLmF1dGguYmFja2VuZHMuTW9kZWxCYWNrZW5kcQd1Lg==\n','2012-12-03 22:42:24'),('393fd4f5d05c37c3b1e89d2d2d771fa3','ZGQ0ZDI1YjMyMTE5YTdmODM0MTA1NzQ5ZWE0NjY4MjQ2NGYzODUxNTqAAn1xAVUKdGVzdGNvb2tp\nZXECVQZ3b3JrZWRxA3Mu\n','2013-09-06 07:15:55'),('397ec8d81ca230ed29fc4ce751732ad7','ZGQ0ZDI1YjMyMTE5YTdmODM0MTA1NzQ5ZWE0NjY4MjQ2NGYzODUxNTqAAn1xAVUKdGVzdGNvb2tp\nZXECVQZ3b3JrZWRxA3Mu\n','2012-10-28 22:34:03'),('3985e4640c7e609a2886dfe2a22d2504','ZGQ0ZDI1YjMyMTE5YTdmODM0MTA1NzQ5ZWE0NjY4MjQ2NGYzODUxNTqAAn1xAVUKdGVzdGNvb2tp\nZXECVQZ3b3JrZWRxA3Mu\n','2013-09-06 03:14:59'),('39a5fe9f3a157870fa7a0f312f14bf2c','ZGQ0ZDI1YjMyMTE5YTdmODM0MTA1NzQ5ZWE0NjY4MjQ2NGYzODUxNTqAAn1xAVUKdGVzdGNvb2tp\nZXECVQZ3b3JrZWRxA3Mu\n','2013-06-03 13:06:40'),('39ed91c909baa4822d04d4e695111a9e','ZDYxMDM2NTE4ZDNkODJlNmE3OTFmZWE2NjRhNGI2ODI1NjFlMmUzZjqAAn1xAShVEl9hdXRoX3Vz\nZXJfYmFja2VuZHECVSlkamFuZ28uY29udHJpYi5hdXRoLmJhY2tlbmRzLk1vZGVsQmFja2VuZHED\nVQ1fYXV0aF91c2VyX2lkcQSKAVl1Lg==\n','2012-11-18 00:48:15'),('3a1bf5c1f571c8f8268910b9c4ad73d0','ZGQ0ZDI1YjMyMTE5YTdmODM0MTA1NzQ5ZWE0NjY4MjQ2NGYzODUxNTqAAn1xAVUKdGVzdGNvb2tp\nZXECVQZ3b3JrZWRxA3Mu\n','2013-09-07 11:13:40'),('3a5d188fcf240c6c9c90f47f3ff98aa7','ZGQ0ZDI1YjMyMTE5YTdmODM0MTA1NzQ5ZWE0NjY4MjQ2NGYzODUxNTqAAn1xAVUKdGVzdGNvb2tp\nZXECVQZ3b3JrZWRxA3Mu\n','2012-11-21 17:25:31'),('3abc46ed01ae348062acf5d58a62f039','ZGQ0ZDI1YjMyMTE5YTdmODM0MTA1NzQ5ZWE0NjY4MjQ2NGYzODUxNTqAAn1xAVUKdGVzdGNvb2tp\nZXECVQZ3b3JrZWRxA3Mu\n','2012-11-24 15:56:18'),('3c2da95ee2edf5c95b8eb87a86f657ee','ZGQ0ZDI1YjMyMTE5YTdmODM0MTA1NzQ5ZWE0NjY4MjQ2NGYzODUxNTqAAn1xAVUKdGVzdGNvb2tp\nZXECVQZ3b3JrZWRxA3Mu\n','2013-09-07 05:12:03'),('3c5cc639b830c2c8a9c4c4c855bc2e9a','ZmZiNWRhNDk4ZWY5YmI0MDlmMWUwYTczNjVhNjVjMDUwMmRjZjZiNDqAAn1xAShVEl9hdXRoX3Vz\nZXJfYmFja2VuZHECVSlkamFuZ28uY29udHJpYi5hdXRoLmJhY2tlbmRzLk1vZGVsQmFja2VuZHED\nVQ1fYXV0aF91c2VyX2lkcQSKAVN1Lg==\n','2012-12-01 20:22:21'),('3cb46eae02513e8b6f8e35c9076de997','ZmZlMTgzNmFiODNjMGQ3YzA5MzcyNWZkMTkwNTY4YmM5YzZiYWJiZTqAAn1xAShVEl9hdXRoX3Vz\nZXJfYmFja2VuZHECVSlkamFuZ28uY29udHJpYi5hdXRoLmJhY2tlbmRzLk1vZGVsQmFja2VuZHED\nVQ1fYXV0aF91c2VyX2lkcQSKAVR1Lg==\n','2012-10-29 16:05:26'),('3d25e3b9ce02b8a1756248285e623c5e','ZGQ0ZDI1YjMyMTE5YTdmODM0MTA1NzQ5ZWE0NjY4MjQ2NGYzODUxNTqAAn1xAVUKdGVzdGNvb2tp\nZXECVQZ3b3JrZWRxA3Mu\n','2012-10-28 22:37:49'),('3d3cf37ebc6b4f772a9e2b509e0ab0e5','ZGQ0ZDI1YjMyMTE5YTdmODM0MTA1NzQ5ZWE0NjY4MjQ2NGYzODUxNTqAAn1xAVUKdGVzdGNvb2tp\nZXECVQZ3b3JrZWRxA3Mu\n','2012-12-04 15:47:51'),('3d90340ef21d34518804691daff8b5e2','ZGQ0ZDI1YjMyMTE5YTdmODM0MTA1NzQ5ZWE0NjY4MjQ2NGYzODUxNTqAAn1xAVUKdGVzdGNvb2tp\nZXECVQZ3b3JrZWRxA3Mu\n','2012-10-26 22:24:18'),('3f937dc5eb5182595c06b3176b72be3b','ZGQ0ZDI1YjMyMTE5YTdmODM0MTA1NzQ5ZWE0NjY4MjQ2NGYzODUxNTqAAn1xAVUKdGVzdGNvb2tp\nZXECVQZ3b3JrZWRxA3Mu\n','2013-09-06 13:12:45'),('3feba7c53f78d819e8c29dd1e31a40f9','ZGQ0ZDI1YjMyMTE5YTdmODM0MTA1NzQ5ZWE0NjY4MjQ2NGYzODUxNTqAAn1xAVUKdGVzdGNvb2tp\nZXECVQZ3b3JrZWRxA3Mu\n','2013-07-18 01:46:18'),('40f2649176e32c6a9d4da26d1b367511','MjQ2N2M1MWEzNjA1YmRiN2UzNTc1MDgyZmRlZDhhMWEwYjk0ODE2MTqAAn1xAShVEl9hdXRoX3Vz\nZXJfYmFja2VuZHECVSlkamFuZ28uY29udHJpYi5hdXRoLmJhY2tlbmRzLk1vZGVsQmFja2VuZHED\nVQ1fYXV0aF91c2VyX2lkcQSKAS91Lg==\n','2012-10-23 00:10:52'),('4112e002e378e1d28be047792c7e875b','MTg3NTFlYzA4OTIzMmQ5YjI3ODdiYTQyMzlkOWIzNjk0YzMxOGQzOTqAAn1xAShVEl9hdXRoX3Vz\nZXJfYmFja2VuZHECVSlkamFuZ28uY29udHJpYi5hdXRoLmJhY2tlbmRzLk1vZGVsQmFja2VuZHED\nVQ1fYXV0aF91c2VyX2lkcQSKATJ1Lg==\n','2012-10-23 20:58:18'),('4169438c15f1d69cc51c0517e858226e','NzdiYzhkYjJjMGUzYzBmZGZmMGQ1NDg4MjI5MTc3MGE1Njc4ODQyZDqAAn1xAShVEl9hdXRoX3Vz\nZXJfYmFja2VuZHECVSlkamFuZ28uY29udHJpYi5hdXRoLmJhY2tlbmRzLk1vZGVsQmFja2VuZHED\nVQ1fYXV0aF91c2VyX2lkcQSKAVt1Lg==\n','2012-10-31 03:32:25'),('424c3ef54bc07b19822ac5e4f02de984','ZGQ0ZDI1YjMyMTE5YTdmODM0MTA1NzQ5ZWE0NjY4MjQ2NGYzODUxNTqAAn1xAVUKdGVzdGNvb2tp\nZXECVQZ3b3JrZWRxA3Mu\n','2013-09-07 08:13:41'),('42a6235059796981879fee581831f34a','ZDQxYmMyM2NkZDRiZDM2MTljZDZjMzI2MTNhMmEyMGE0NTQ4YzM3ZDqAAn1xAShVEl9hdXRoX3Vz\nZXJfYmFja2VuZHECVSlkamFuZ28uY29udHJpYi5hdXRoLmJhY2tlbmRzLk1vZGVsQmFja2VuZHED\nVQ1fYXV0aF91c2VyX2lkcQSKAsQAdS4=\n','2012-12-11 12:08:18'),('436a591fad08206aa4d18faee4b7a8a4','MjM4MjM1NWFiYjY3ZGIwNDVjMTYyZmVkMzExOTAyNzZiYzdiZjZlNjqAAn1xAShVEl9hdXRoX3Vz\nZXJfYmFja2VuZHECVSlkamFuZ28uY29udHJpYi5hdXRoLmJhY2tlbmRzLk1vZGVsQmFja2VuZHED\nVQ1fYXV0aF91c2VyX2lkcQSKAowAdS4=\n','2012-11-13 00:46:43'),('43956743c957b963b5b2d3c54bcdf369','MDJhODM3NDRiMGU1MTMzZTRjZWY4MGE0OTNjOTM1YjFiN2Y1YmJjMjqAAn1xAShVEl9hdXRoX3Vz\nZXJfYmFja2VuZHECVSlkamFuZ28uY29udHJpYi5hdXRoLmJhY2tlbmRzLk1vZGVsQmFja2VuZHED\nVQ1fYXV0aF91c2VyX2lkcQSKAU91Lg==\n','2012-10-28 22:34:43'),('441252c16c1348ec2cf45aa16baa63ea','ZGQ0ZDI1YjMyMTE5YTdmODM0MTA1NzQ5ZWE0NjY4MjQ2NGYzODUxNTqAAn1xAVUKdGVzdGNvb2tp\nZXECVQZ3b3JrZWRxA3Mu\n','2012-10-30 19:51:55'),('4436af937c3030909a2afb1dd5ad2e9c','ZGQ0ZDI1YjMyMTE5YTdmODM0MTA1NzQ5ZWE0NjY4MjQ2NGYzODUxNTqAAn1xAVUKdGVzdGNvb2tp\nZXECVQZ3b3JrZWRxA3Mu\n','2013-09-06 17:12:18'),('444c1d907f738236ad9e5fa20657f1b6','ZGQ0ZDI1YjMyMTE5YTdmODM0MTA1NzQ5ZWE0NjY4MjQ2NGYzODUxNTqAAn1xAVUKdGVzdGNvb2tp\nZXECVQZ3b3JrZWRxA3Mu\n','2012-11-23 01:40:06'),('4493e00efc9f6ff5d736cd1b58ce5802','ZGQ0ZDI1YjMyMTE5YTdmODM0MTA1NzQ5ZWE0NjY4MjQ2NGYzODUxNTqAAn1xAVUKdGVzdGNvb2tp\nZXECVQZ3b3JrZWRxA3Mu\n','2012-10-29 01:20:14'),('44ddcd88f2ba16026aa05b5b85395e55','ZGQ0ZDI1YjMyMTE5YTdmODM0MTA1NzQ5ZWE0NjY4MjQ2NGYzODUxNTqAAn1xAVUKdGVzdGNvb2tp\nZXECVQZ3b3JrZWRxA3Mu\n','2013-09-06 23:12:11'),('459db12f1542a18995b43b579ea3a7e1','ZGQ0ZDI1YjMyMTE5YTdmODM0MTA1NzQ5ZWE0NjY4MjQ2NGYzODUxNTqAAn1xAVUKdGVzdGNvb2tp\nZXECVQZ3b3JrZWRxA3Mu\n','2012-11-21 17:23:21'),('460d31a46f8f4151f8a41911706062aa','NzlmZmMwOTk0ZTI3Y2E5ZGQ4NmE1ZDYyYmUzNDY3OGIyZjkwNWYxMzqAAn1xAShVEl9hdXRoX3Vz\nZXJfYmFja2VuZHECVSlkamFuZ28uY29udHJpYi5hdXRoLmJhY2tlbmRzLk1vZGVsQmFja2VuZHED\nVQ1fYXV0aF91c2VyX2lkcQSKATt1Lg==\n','2012-10-24 15:08:10'),('465da33bb856b5de6f07bd776a1a3f64','ZGQ0ZDI1YjMyMTE5YTdmODM0MTA1NzQ5ZWE0NjY4MjQ2NGYzODUxNTqAAn1xAVUKdGVzdGNvb2tp\nZXECVQZ3b3JrZWRxA3Mu\n','2013-09-05 23:11:55'),('46f62a76e645784a4d37c457140a7004','ZGQ0ZDI1YjMyMTE5YTdmODM0MTA1NzQ5ZWE0NjY4MjQ2NGYzODUxNTqAAn1xAVUKdGVzdGNvb2tp\nZXECVQZ3b3JrZWRxA3Mu\n','2012-11-28 20:27:28'),('46fc7f8a0857241aec9cb32bb039a75c','ZGQ0ZDI1YjMyMTE5YTdmODM0MTA1NzQ5ZWE0NjY4MjQ2NGYzODUxNTqAAn1xAVUKdGVzdGNvb2tp\nZXECVQZ3b3JrZWRxA3Mu\n','2013-09-04 13:12:59'),('47058080650999eb0c3f4e390c7a9e29','NTgxNGUyOTBkMDM0N2NhZjU4YWE1MDZiYzEyYWM1OWNkNmU3YjNjNjqAAn1xAShVEl9hdXRoX3Vz\nZXJfYmFja2VuZHECVSlkamFuZ28uY29udHJpYi5hdXRoLmJhY2tlbmRzLk1vZGVsQmFja2VuZHED\nVQ1fYXV0aF91c2VyX2lkcQSKAUB1Lg==\n','2012-10-26 00:32:14'),('470c150b4eecc7f2513346fbc250180f','ZGQ0ZDI1YjMyMTE5YTdmODM0MTA1NzQ5ZWE0NjY4MjQ2NGYzODUxNTqAAn1xAVUKdGVzdGNvb2tp\nZXECVQZ3b3JrZWRxA3Mu\n','2012-10-26 13:05:59'),('471c2b14027c2b02dd3d6d71e36b6835','ZGQ0ZDI1YjMyMTE5YTdmODM0MTA1NzQ5ZWE0NjY4MjQ2NGYzODUxNTqAAn1xAVUKdGVzdGNvb2tp\nZXECVQZ3b3JrZWRxA3Mu\n','2013-05-19 16:58:46'),('47ad7050cc19e9d78b852693b3cc4a87','NjQ4MmVmMTMzNWViZGYxZDQyYzcxYTY2MTI0MmU5MGFmOTIyOWU2MDqAAn1xAShVEl9hdXRoX3Vz\nZXJfYmFja2VuZHECVSlkamFuZ28uY29udHJpYi5hdXRoLmJhY2tlbmRzLk1vZGVsQmFja2VuZHED\nVQ1fYXV0aF91c2VyX2lkcQSKAVx1Lg==\n','2012-10-30 04:03:59'),('47c97ce5e1b52fcca4aa1bde8d617d38','ZGQ0ZDI1YjMyMTE5YTdmODM0MTA1NzQ5ZWE0NjY4MjQ2NGYzODUxNTqAAn1xAVUKdGVzdGNvb2tp\nZXECVQZ3b3JrZWRxA3Mu\n','2012-11-21 15:16:40'),('47f51c7c55a22b4123e651c703b09e3b','ZGQ0ZDI1YjMyMTE5YTdmODM0MTA1NzQ5ZWE0NjY4MjQ2NGYzODUxNTqAAn1xAVUKdGVzdGNvb2tp\nZXECVQZ3b3JrZWRxA3Mu\n','2012-11-20 23:23:53'),('485910405ccdf0c6de6c0ee3a86f1ee9','ZjNlODc3YmExOWM5MmJhZjhkYzI1OGU1MGEyYmJiYThkMThhYWQ2YzqAAn1xAShVEl9hdXRoX3Vz\nZXJfYmFja2VuZHECVSlkamFuZ28uY29udHJpYi5hdXRoLmJhY2tlbmRzLk1vZGVsQmFja2VuZHED\nVQ1fYXV0aF91c2VyX2lkcQSKAUx1Lg==\n','2012-10-28 17:50:34'),('487b3eea54ea60cefc36c67d145a8bcd','NjNiNmQyNGZlZmRiYjQxNDY5ZDhiYzk1MTdiNTU2OTU3Y2VmMzljYjqAAn1xAShVEl9hdXRoX3Vz\nZXJfYmFja2VuZHECVSlkamFuZ28uY29udHJpYi5hdXRoLmJhY2tlbmRzLk1vZGVsQmFja2VuZHED\nVQ1fYXV0aF91c2VyX2lkcQSKAo0AdS4=\n','2012-11-13 10:21:16'),('493b28e3621e64860483392005c6263d','MDQzMmEyMDUxNTEyZjAzZGM2ODY5NjFlYTY5MTNjZjY1ZDllM2Q3ZDqAAn1xAShVEl9hdXRoX3Vz\nZXJfYmFja2VuZHECVSlkamFuZ28uY29udHJpYi5hdXRoLmJhY2tlbmRzLk1vZGVsQmFja2VuZHED\nVQ1fYXV0aF91c2VyX2lkcQSKAV11Lg==\n','2012-10-30 09:19:37'),('4981f234c0b9368696694f0e7603353f','ZGQ0ZDI1YjMyMTE5YTdmODM0MTA1NzQ5ZWE0NjY4MjQ2NGYzODUxNTqAAn1xAVUKdGVzdGNvb2tp\nZXECVQZ3b3JrZWRxA3Mu\n','2013-09-06 05:16:14'),('4994774d7b7c4d0c5214a12ecb8ef2b6','ZGQ0ZDI1YjMyMTE5YTdmODM0MTA1NzQ5ZWE0NjY4MjQ2NGYzODUxNTqAAn1xAVUKdGVzdGNvb2tp\nZXECVQZ3b3JrZWRxA3Mu\n','2012-11-24 02:28:11'),('49a91ec6ccf4d2c5ac7d752364d75877','ZGQ0ZDI1YjMyMTE5YTdmODM0MTA1NzQ5ZWE0NjY4MjQ2NGYzODUxNTqAAn1xAVUKdGVzdGNvb2tp\nZXECVQZ3b3JrZWRxA3Mu\n','2013-09-06 23:12:12'),('4a489982ce6bf915d106be31fa926753','NmZlOTVjMjJmOTI0OWFlOTlhZTgxYTIxMWEwN2FkZWRhNzEwNzVkMjqAAn1xAShVEl9hdXRoX3Vz\nZXJfYmFja2VuZHECVSlkamFuZ28uY29udHJpYi5hdXRoLmJhY2tlbmRzLk1vZGVsQmFja2VuZHED\nVQ1fYXV0aF91c2VyX2lkcQSKArMAdS4=\n','2012-11-20 16:08:10'),('4a4f1924b1dac691b61c062d6c19b381','ZGQ0ZDI1YjMyMTE5YTdmODM0MTA1NzQ5ZWE0NjY4MjQ2NGYzODUxNTqAAn1xAVUKdGVzdGNvb2tp\nZXECVQZ3b3JrZWRxA3Mu\n','2013-09-07 12:12:04'),('4a5db0b9d2164bffd21f07ff18214352','NTMwOWYyZmQ3NzMxMTYzM2Y3Mjc5MjM5NDg4ZDAxY2EyZWQzMzk1OTqAAn1xAShVEl9hdXRoX3Vz\nZXJfYmFja2VuZHECVSlkamFuZ28uY29udHJpYi5hdXRoLmJhY2tlbmRzLk1vZGVsQmFja2VuZHED\nVQ1fYXV0aF91c2VyX2lkcQSKAS11Lg==\n','2012-11-22 18:26:46'),('4a922b0e4e7d0fe51931bdba484da67d','ZGQ0ZDI1YjMyMTE5YTdmODM0MTA1NzQ5ZWE0NjY4MjQ2NGYzODUxNTqAAn1xAVUKdGVzdGNvb2tp\nZXECVQZ3b3JrZWRxA3Mu\n','2013-01-26 12:11:22'),('4b0995611d13526e3b3461353f0ccae9','MDJhODM3NDRiMGU1MTMzZTRjZWY4MGE0OTNjOTM1YjFiN2Y1YmJjMjqAAn1xAShVEl9hdXRoX3Vz\nZXJfYmFja2VuZHECVSlkamFuZ28uY29udHJpYi5hdXRoLmJhY2tlbmRzLk1vZGVsQmFja2VuZHED\nVQ1fYXV0aF91c2VyX2lkcQSKAU91Lg==\n','2012-10-31 01:07:27'),('4b22ea07c897e8e2dba9dbcb1ecf3f1c','ZmZlZGYzMjkyZjdkM2VlNjhhNTRmZDkxOGY0ZDQwZWY0OWVjZTAzMzqAAn1xAShVEl9hdXRoX3Vz\nZXJfYmFja2VuZHECVSlkamFuZ28uY29udHJpYi5hdXRoLmJhY2tlbmRzLk1vZGVsQmFja2VuZHED\nVQ1fYXV0aF91c2VyX2lkcQSKAQF1Lg==\n','2013-07-24 23:30:16'),('4b63a1c880226f51f1a06c939f80267c','ZGQ0ZDI1YjMyMTE5YTdmODM0MTA1NzQ5ZWE0NjY4MjQ2NGYzODUxNTqAAn1xAVUKdGVzdGNvb2tp\nZXECVQZ3b3JrZWRxA3Mu\n','2013-09-06 14:14:02'),('4c6e08dce23a53df9746ef4863e53a04','MjE1NTI0YjI3ZDExMjJkZTk2YWI3YzE1MGQ1MmU4ZDk5NjJiZjkzZjqAAn1xAShVEl9hdXRoX3Vz\nZXJfYmFja2VuZHECVSlkamFuZ28uY29udHJpYi5hdXRoLmJhY2tlbmRzLk1vZGVsQmFja2VuZHED\nVQ1fYXV0aF91c2VyX2lkcQSKAtwAdS4=\n','2012-11-30 18:30:57'),('4ca7c45199ad013fd458c37022b5066b','ZGQ0ZDI1YjMyMTE5YTdmODM0MTA1NzQ5ZWE0NjY4MjQ2NGYzODUxNTqAAn1xAVUKdGVzdGNvb2tp\nZXECVQZ3b3JrZWRxA3Mu\n','2012-09-23 12:33:45'),('4dd377e4fbbe52d5c55b3c148fc2d8c9','NDJlMjE3YjRkYzdjMWI0ZjY1MmU1NDczYTIxY2MzMWZhNjIxY2I3MzqAAn1xAShVDV9hdXRoX3Vz\nZXJfaWRxAooBZVUSX2F1dGhfdXNlcl9iYWNrZW5kcQNVKWRqYW5nby5jb250cmliLmF1dGguYmFj\na2VuZHMuTW9kZWxCYWNrZW5kcQR1Lg==\n','2012-11-02 19:09:32'),('4de8772c03eef1d4d4845dccb66c214b','ZGQ0ZDI1YjMyMTE5YTdmODM0MTA1NzQ5ZWE0NjY4MjQ2NGYzODUxNTqAAn1xAVUKdGVzdGNvb2tp\nZXECVQZ3b3JrZWRxA3Mu\n','2012-10-29 18:40:15'),('4df697458fba14d435e0a70fd73a6298','ZGQ0ZDI1YjMyMTE5YTdmODM0MTA1NzQ5ZWE0NjY4MjQ2NGYzODUxNTqAAn1xAVUKdGVzdGNvb2tp\nZXECVQZ3b3JrZWRxA3Mu\n','2012-11-24 14:33:31'),('4df6a914c969d417518f1ec9a71cfb0f','ZGQ0ZDI1YjMyMTE5YTdmODM0MTA1NzQ5ZWE0NjY4MjQ2NGYzODUxNTqAAn1xAVUKdGVzdGNvb2tp\nZXECVQZ3b3JrZWRxA3Mu\n','2012-11-21 14:50:38'),('4e303916f30c8cc1fa0074e817dec827','ZGQ0ZDI1YjMyMTE5YTdmODM0MTA1NzQ5ZWE0NjY4MjQ2NGYzODUxNTqAAn1xAVUKdGVzdGNvb2tp\nZXECVQZ3b3JrZWRxA3Mu\n','2013-09-06 11:14:31'),('4e5c53fa9fee2188937368541ab6bfeb','MTVkZWQ0OTVmODRiODNmY2VhOTdlNmE2ZjBjODU3NmU0NzYxMmQ0MDqAAn1xAShVEl9hdXRoX3Vz\nZXJfYmFja2VuZHECVSlkamFuZ28uY29udHJpYi5hdXRoLmJhY2tlbmRzLk1vZGVsQmFja2VuZHED\nVQ1fYXV0aF91c2VyX2lkcQSKAVd1Lg==\n','2012-10-29 18:28:15'),('4e97d213b7548f1c5af11b42f71df099','ZGQ0ZDI1YjMyMTE5YTdmODM0MTA1NzQ5ZWE0NjY4MjQ2NGYzODUxNTqAAn1xAVUKdGVzdGNvb2tp\nZXECVQZ3b3JrZWRxA3Mu\n','2013-09-07 01:12:56'),('4f98f087031b0663b316f850c4061a11','NTMwOWYyZmQ3NzMxMTYzM2Y3Mjc5MjM5NDg4ZDAxY2EyZWQzMzk1OTqAAn1xAShVEl9hdXRoX3Vz\nZXJfYmFja2VuZHECVSlkamFuZ28uY29udHJpYi5hdXRoLmJhY2tlbmRzLk1vZGVsQmFja2VuZHED\nVQ1fYXV0aF91c2VyX2lkcQSKAS11Lg==\n','2012-10-30 17:03:16'),('50ea484588563bffbbd610037cbe8d76','OTUyNTczOTYzZTgxMTIyMWVjY2ZhYmNlNzg4YWM5ZTRlNzVkYmQyZDqAAn1xAShVEl9hdXRoX3Vz\nZXJfYmFja2VuZHECVSlkamFuZ28uY29udHJpYi5hdXRoLmJhY2tlbmRzLk1vZGVsQmFja2VuZHED\nVQ1fYXV0aF91c2VyX2lkcQSKAqgAdS4=\n','2012-12-24 23:12:38'),('50f7b97b41fae4ebc901a8c5ee1dd178','YmNkMGNiYjA5NTRmOGUxODZhMWI4ZjYxNTVmNTE4MjFhNDQ0MDZjZTqAAn1xAShVEl9hdXRoX3Vz\nZXJfYmFja2VuZHECVSlkamFuZ28uY29udHJpYi5hdXRoLmJhY2tlbmRzLk1vZGVsQmFja2VuZHED\nVQ1fYXV0aF91c2VyX2lkcQSKAsAAdS4=\n','2012-12-03 13:11:45'),('50f7df5ae3f1bb59093c04665edab6d5','MmI5MTNiMWViMzYyZjlkNDdhMTQ2MjBiZjViNWRkYTY4OWI1NTY4NTqAAn1xAShVEl9hdXRoX3Vz\nZXJfYmFja2VuZHECVSlkamFuZ28uY29udHJpYi5hdXRoLmJhY2tlbmRzLk1vZGVsQmFja2VuZHED\nVQ1fYXV0aF91c2VyX2lkcQSKAqoAdS4=\n','2012-11-25 16:57:00'),('5131e0c0a69a0c8489a6acf56491f9fc','ZGQ0ZDI1YjMyMTE5YTdmODM0MTA1NzQ5ZWE0NjY4MjQ2NGYzODUxNTqAAn1xAVUKdGVzdGNvb2tp\nZXECVQZ3b3JrZWRxA3Mu\n','2013-09-04 07:12:47'),('51565140590a8950bdd25f14ab541211','MTVlODkzYWVkZTg4YzY2MDU1MjA3MmJlYjg0MzdmOGMyZTU3ZWNmMTqAAn1xAShVEl9hdXRoX3Vz\nZXJfYmFja2VuZHECVSlkamFuZ28uY29udHJpYi5hdXRoLmJhY2tlbmRzLk1vZGVsQmFja2VuZHED\nVQ1fYXV0aF91c2VyX2lkcQSKAQJ1Lg==\n','2012-10-15 17:41:40'),('518e312cc709dead418d02ada4af00ab','ZGQ0ZDI1YjMyMTE5YTdmODM0MTA1NzQ5ZWE0NjY4MjQ2NGYzODUxNTqAAn1xAVUKdGVzdGNvb2tp\nZXECVQZ3b3JrZWRxA3Mu\n','2012-10-29 19:42:28'),('519241cae745261a3d04f8e8fb2394fa','ZGQ0ZDI1YjMyMTE5YTdmODM0MTA1NzQ5ZWE0NjY4MjQ2NGYzODUxNTqAAn1xAVUKdGVzdGNvb2tp\nZXECVQZ3b3JrZWRxA3Mu\n','2012-11-26 01:06:32'),('52560819621fd43f584748a73c64121e','ZGQ0ZDI1YjMyMTE5YTdmODM0MTA1NzQ5ZWE0NjY4MjQ2NGYzODUxNTqAAn1xAVUKdGVzdGNvb2tp\nZXECVQZ3b3JrZWRxA3Mu\n','2013-09-05 21:12:40'),('52596cfab70fabdccd05490af2cfe079','ZGQ0ZDI1YjMyMTE5YTdmODM0MTA1NzQ5ZWE0NjY4MjQ2NGYzODUxNTqAAn1xAVUKdGVzdGNvb2tp\nZXECVQZ3b3JrZWRxA3Mu\n','2012-11-05 17:26:42'),('5265b2071b2e44e59107b92e6df1ca36','MjBjZjgwODg5MzcxOTdhYTI5MTJmMTIxMDkzMTE4M2NjZWJjMDIwYzqAAn1xAShVEl9hdXRoX3Vz\nZXJfYmFja2VuZHECVSlkamFuZ28uY29udHJpYi5hdXRoLmJhY2tlbmRzLk1vZGVsQmFja2VuZHED\nVQ1fYXV0aF91c2VyX2lkcQSKAq8AdS4=\n','2012-11-19 13:14:13'),('52789fe31193a68ecab5fd275d33ed66','NTMxNmYxYmJmNTIwMTZkZWM0MjRjYjdlZTY1ZjFkYzcyYmIzMDEyZDqAAn1xAShVEl9hdXRoX3Vz\nZXJfYmFja2VuZHECVSlkamFuZ28uY29udHJpYi5hdXRoLmJhY2tlbmRzLk1vZGVsQmFja2VuZHED\nVQ1fYXV0aF91c2VyX2lkcQSKAq0AdS4=\n','2012-11-24 11:46:34'),('52d01e34141bcb6fb0707e6a86872785','ZGQ0ZDI1YjMyMTE5YTdmODM0MTA1NzQ5ZWE0NjY4MjQ2NGYzODUxNTqAAn1xAVUKdGVzdGNvb2tp\nZXECVQZ3b3JrZWRxA3Mu\n','2012-11-17 11:58:13'),('52e3b05b028c1c75bc4f35bafcece39e','YmNkMGNiYjA5NTRmOGUxODZhMWI4ZjYxNTVmNTE4MjFhNDQ0MDZjZTqAAn1xAShVEl9hdXRoX3Vz\nZXJfYmFja2VuZHECVSlkamFuZ28uY29udHJpYi5hdXRoLmJhY2tlbmRzLk1vZGVsQmFja2VuZHED\nVQ1fYXV0aF91c2VyX2lkcQSKAsAAdS4=\n','2013-01-16 17:50:16'),('537c7fa0f7aa713fe3316aa4eea67955','NjcxNWJlMGYwOGQyMjkzMjliNGRkNjA3MTcyNGFhMjg5MjNhYmViMzqAAn1xAShVEl9hdXRoX3Vz\nZXJfYmFja2VuZHECVSlkamFuZ28uY29udHJpYi5hdXRoLmJhY2tlbmRzLk1vZGVsQmFja2VuZHED\nVQ1fYXV0aF91c2VyX2lkcQSKASJ1Lg==\n','2012-11-26 19:18:10'),('53f04f49b6158a43272c3a5d8280fad0','ZGQ0ZDI1YjMyMTE5YTdmODM0MTA1NzQ5ZWE0NjY4MjQ2NGYzODUxNTqAAn1xAVUKdGVzdGNvb2tp\nZXECVQZ3b3JrZWRxA3Mu\n','2012-11-06 17:47:21'),('5458bdec3be74adbaa79405c26007a04','ZGQ0ZDI1YjMyMTE5YTdmODM0MTA1NzQ5ZWE0NjY4MjQ2NGYzODUxNTqAAn1xAVUKdGVzdGNvb2tp\nZXECVQZ3b3JrZWRxA3Mu\n','2013-09-04 08:13:24'),('548fb2a5ea1da8ef07c73e43e232aaae','ZGQ0ZDI1YjMyMTE5YTdmODM0MTA1NzQ5ZWE0NjY4MjQ2NGYzODUxNTqAAn1xAVUKdGVzdGNvb2tp\nZXECVQZ3b3JrZWRxA3Mu\n','2013-09-04 16:12:46'),('54cd7d67f074b2cf7b317c37507efa24','ZDdkM2YzMzBkZWNmNzkzMWY2MGQ4NDkyYzkzMWE2NzU5YTUzZjdjZDqAAn1xAShVEl9hdXRoX3Vz\nZXJfYmFja2VuZHECVSlkamFuZ28uY29udHJpYi5hdXRoLmJhY2tlbmRzLk1vZGVsQmFja2VuZHED\nVQ1fYXV0aF91c2VyX2lkcQSKAt4AdS4=\n','2012-12-02 00:00:46'),('553e5c6ad663b130b557d8fc561af3d0','MmI5MTNiMWViMzYyZjlkNDdhMTQ2MjBiZjViNWRkYTY4OWI1NTY4NTqAAn1xAShVEl9hdXRoX3Vz\nZXJfYmFja2VuZHECVSlkamFuZ28uY29udHJpYi5hdXRoLmJhY2tlbmRzLk1vZGVsQmFja2VuZHED\nVQ1fYXV0aF91c2VyX2lkcQSKAqoAdS4=\n','2012-11-23 19:08:39'),('559ddbf72356b3787e034098b5a28934','ZGQ0ZDI1YjMyMTE5YTdmODM0MTA1NzQ5ZWE0NjY4MjQ2NGYzODUxNTqAAn1xAVUKdGVzdGNvb2tp\nZXECVQZ3b3JrZWRxA3Mu\n','2013-09-05 21:12:39'),('55e86c08b981152dc63149ee1a8a51fd','NzRhODA3ZjJlMWVjMTFmZGM3MzQ1ZDVhN2MyNDdlNzdjODgxMGNjMTqAAn1xAShVEl9hdXRoX3Vz\nZXJfYmFja2VuZHECVSlkamFuZ28uY29udHJpYi5hdXRoLmJhY2tlbmRzLk1vZGVsQmFja2VuZHED\nVQ1fYXV0aF91c2VyX2lkcQSKAV51Lg==\n','2012-10-30 13:38:38'),('55fdd2d0cc83e7e39d8233b85f01fcb3','ZGQ0ZDI1YjMyMTE5YTdmODM0MTA1NzQ5ZWE0NjY4MjQ2NGYzODUxNTqAAn1xAVUKdGVzdGNvb2tp\nZXECVQZ3b3JrZWRxA3Mu\n','2012-10-28 22:27:43'),('56791b1113dfbc30525b38c0ffa62147','NzY3ZDYzMDhjZmE4YmRhMTQ1ZDBiYmY5Njk4NWI2OTE2ZDUwYmMzYzqAAn1xAShVEl9hdXRoX3Vz\nZXJfYmFja2VuZHECVSlkamFuZ28uY29udHJpYi5hdXRoLmJhY2tlbmRzLk1vZGVsQmFja2VuZHED\nVQ1fYXV0aF91c2VyX2lkcQSKAWx1Lg==\n','2013-01-10 16:23:25'),('567eb19baec6ddd9d83ff8310b21ba60','ZGQ0ZDI1YjMyMTE5YTdmODM0MTA1NzQ5ZWE0NjY4MjQ2NGYzODUxNTqAAn1xAVUKdGVzdGNvb2tp\nZXECVQZ3b3JrZWRxA3Mu\n','2012-10-28 22:32:20'),('56ccde0f706b7992fdc72736508bc6a5','ZGQ0ZDI1YjMyMTE5YTdmODM0MTA1NzQ5ZWE0NjY4MjQ2NGYzODUxNTqAAn1xAVUKdGVzdGNvb2tp\nZXECVQZ3b3JrZWRxA3Mu\n','2012-11-06 16:56:53'),('56fe0f485f8d305373ba18c19e10cb5b','ZGQ0ZDI1YjMyMTE5YTdmODM0MTA1NzQ5ZWE0NjY4MjQ2NGYzODUxNTqAAn1xAVUKdGVzdGNvb2tp\nZXECVQZ3b3JrZWRxA3Mu\n','2012-10-27 23:39:25'),('573db8c908d767af6673b2dad606e25a','ZGQ0ZDI1YjMyMTE5YTdmODM0MTA1NzQ5ZWE0NjY4MjQ2NGYzODUxNTqAAn1xAVUKdGVzdGNvb2tp\nZXECVQZ3b3JrZWRxA3Mu\n','2013-09-08 09:12:13'),('577995e260b2a7d014f2560ddab344f8','ZGQ0ZDI1YjMyMTE5YTdmODM0MTA1NzQ5ZWE0NjY4MjQ2NGYzODUxNTqAAn1xAVUKdGVzdGNvb2tp\nZXECVQZ3b3JrZWRxA3Mu\n','2013-09-06 01:15:27'),('584770977b1ec0983b47367212a03c5f','NzU5MzMzYzg0MTY4MDI5N2JiYmY1Zjg4MjM5N2VjNGM1ODc4MmViNDqAAn1xAShVEl9hdXRoX3Vz\nZXJfYmFja2VuZHECVSlkamFuZ28uY29udHJpYi5hdXRoLmJhY2tlbmRzLk1vZGVsQmFja2VuZHED\nVQ1fYXV0aF91c2VyX2lkcQSKATl1Lg==\n','2012-11-19 20:10:32'),('58c60c70ec7e273a167ecfbe68ff975f','ZGQ0ZDI1YjMyMTE5YTdmODM0MTA1NzQ5ZWE0NjY4MjQ2NGYzODUxNTqAAn1xAVUKdGVzdGNvb2tp\nZXECVQZ3b3JrZWRxA3Mu\n','2013-09-04 13:13:00'),('58d943c6e56703c4eb2aee33699c45dc','Zjk5NTFhNTNmMTA1YjQ3NDcwMzRiZjRmODc2MDFlYWE4NjIzNjk4NDqAAn1xAShVEl9hdXRoX3Vz\nZXJfYmFja2VuZHECVSlkamFuZ28uY29udHJpYi5hdXRoLmJhY2tlbmRzLk1vZGVsQmFja2VuZHED\nVQ1fYXV0aF91c2VyX2lkcQSKAWR1Lg==\n','2012-11-01 00:12:32'),('597d2fe2313163accf80c62ae1e7b603','ZGQ0ZDI1YjMyMTE5YTdmODM0MTA1NzQ5ZWE0NjY4MjQ2NGYzODUxNTqAAn1xAVUKdGVzdGNvb2tp\nZXECVQZ3b3JrZWRxA3Mu\n','2013-09-07 00:12:22'),('5a11aed577feebf1dc581f9e7dabddaa','ZGQ0ZDI1YjMyMTE5YTdmODM0MTA1NzQ5ZWE0NjY4MjQ2NGYzODUxNTqAAn1xAVUKdGVzdGNvb2tp\nZXECVQZ3b3JrZWRxA3Mu\n','2013-01-10 13:42:05'),('5a642952aa39c44b5d94cdccb0ef0fc7','ZDdhMjEyMDIzNzM0ZGFkNjQ5MDBiYmYzZjYwNTZhZTFhODI2YTkwNjqAAn1xAShVEl9hdXRoX3Vz\nZXJfYmFja2VuZHECVSlkamFuZ28uY29udHJpYi5hdXRoLmJhY2tlbmRzLk1vZGVsQmFja2VuZHED\nVQ1fYXV0aF91c2VyX2lkcQSKAT91Lg==\n','2012-11-27 19:25:55'),('5a6f342c7c1cde68d05beb135097ebf4','ZGQ0ZDI1YjMyMTE5YTdmODM0MTA1NzQ5ZWE0NjY4MjQ2NGYzODUxNTqAAn1xAVUKdGVzdGNvb2tp\nZXECVQZ3b3JrZWRxA3Mu\n','2012-11-15 10:28:09'),('5aca045089c2a747fa44923a3a6ca75d','ZGQ0ZDI1YjMyMTE5YTdmODM0MTA1NzQ5ZWE0NjY4MjQ2NGYzODUxNTqAAn1xAVUKdGVzdGNvb2tp\nZXECVQZ3b3JrZWRxA3Mu\n','2012-11-23 16:46:24'),('5b1672d92286449420c5129c2e02903a','ZGQ0ZDI1YjMyMTE5YTdmODM0MTA1NzQ5ZWE0NjY4MjQ2NGYzODUxNTqAAn1xAVUKdGVzdGNvb2tp\nZXECVQZ3b3JrZWRxA3Mu\n','2013-09-04 16:12:48'),('5b1a7db26e01bce15a1d19940225a4c9','ZGQ0ZDI1YjMyMTE5YTdmODM0MTA1NzQ5ZWE0NjY4MjQ2NGYzODUxNTqAAn1xAVUKdGVzdGNvb2tp\nZXECVQZ3b3JrZWRxA3Mu\n','2012-11-17 16:52:36'),('5c1e4f488a4eecdb07d85970549d28b4','Y2IwNTViMDMxYjEyNWRjODZlMjUwODI2MmU5YTdiNzI3YjY5YWQxZTqAAn1xAS4=\n','2012-10-26 21:26:47'),('5c525ce798496b46f7eac3d0faa98534','ZGQ0ZDI1YjMyMTE5YTdmODM0MTA1NzQ5ZWE0NjY4MjQ2NGYzODUxNTqAAn1xAVUKdGVzdGNvb2tp\nZXECVQZ3b3JrZWRxA3Mu\n','2012-11-15 00:43:47'),('5c9e38340f016d8a5dd4ccb87539706a','MTVlODkzYWVkZTg4YzY2MDU1MjA3MmJlYjg0MzdmOGMyZTU3ZWNmMTqAAn1xAShVEl9hdXRoX3Vz\nZXJfYmFja2VuZHECVSlkamFuZ28uY29udHJpYi5hdXRoLmJhY2tlbmRzLk1vZGVsQmFja2VuZHED\nVQ1fYXV0aF91c2VyX2lkcQSKAQJ1Lg==\n','2012-11-23 15:47:36'),('5ccc563857c0a34444a73e71b1069777','ZGQ0ZDI1YjMyMTE5YTdmODM0MTA1NzQ5ZWE0NjY4MjQ2NGYzODUxNTqAAn1xAVUKdGVzdGNvb2tp\nZXECVQZ3b3JrZWRxA3Mu\n','2013-09-07 18:12:41'),('5ce0f56d1a9cc319d5a89486b220e59a','NmIwZWM5ZGJkN2M4ZWViZTIzZDEzYmIxZTI4YmRhYjE1NTJkZjllNDqAAn1xAShVEl9hdXRoX3Vz\nZXJfYmFja2VuZHECVSlkamFuZ28uY29udHJpYi5hdXRoLmJhY2tlbmRzLk1vZGVsQmFja2VuZHED\nVQ1fYXV0aF91c2VyX2lkcQSKAs4AdS4=\n','2012-11-24 00:05:21'),('5d0f3ccbb8cdd7c669d83c9ac9d59eed','NmJkZGIwZWE3N2QzYzUyZjNiYWE3YjcxNTUyMmIyMmE5Y2UzZjI1NjqAAn1xAShVEl9hdXRoX3Vz\nZXJfYmFja2VuZHECVSlkamFuZ28uY29udHJpYi5hdXRoLmJhY2tlbmRzLk1vZGVsQmFja2VuZHED\nVQpjYXJ0X3RvdGFscQRLAFUNX2F1dGhfdXNlcl9pZHEFigEmVQRjYXJ0cQZdcQd1Lg==\n','2012-11-25 14:53:14'),('5d6cae4a769c626bf1bf75d62ba88448','ZGE0MzVkYzgwMzM0YTYyMWRlMTk1NmI3MzllMzVkZDNlNzI4NzhlNTqAAn1xAShVEl9hdXRoX3Vz\nZXJfYmFja2VuZHECVSlkamFuZ28uY29udHJpYi5hdXRoLmJhY2tlbmRzLk1vZGVsQmFja2VuZHED\nVQ1fYXV0aF91c2VyX2lkcQSKAVJ1Lg==\n','2012-10-29 01:06:20'),('5e0a2a882756862fc0b683bc52429bac','ZGQ0ZDI1YjMyMTE5YTdmODM0MTA1NzQ5ZWE0NjY4MjQ2NGYzODUxNTqAAn1xAVUKdGVzdGNvb2tp\nZXECVQZ3b3JrZWRxA3Mu\n','2012-11-22 00:47:01'),('60fdaffb6695fcd8c247d8ce4bc39fc1','ZGQ0ZDI1YjMyMTE5YTdmODM0MTA1NzQ5ZWE0NjY4MjQ2NGYzODUxNTqAAn1xAVUKdGVzdGNvb2tp\nZXECVQZ3b3JrZWRxA3Mu\n','2012-10-31 00:58:07'),('6114c4e95dc0a787ef6c2af041b4fd8e','ZGQ0ZDI1YjMyMTE5YTdmODM0MTA1NzQ5ZWE0NjY4MjQ2NGYzODUxNTqAAn1xAVUKdGVzdGNvb2tp\nZXECVQZ3b3JrZWRxA3Mu\n','2012-11-26 21:46:20'),('612ce026dbc2aa360393a5695be8d718','ZGQ0ZDI1YjMyMTE5YTdmODM0MTA1NzQ5ZWE0NjY4MjQ2NGYzODUxNTqAAn1xAVUKdGVzdGNvb2tp\nZXECVQZ3b3JrZWRxA3Mu\n','2012-10-19 14:32:23'),('6207c498c14f7eebddf638a5d3405116','ZGQ0ZDI1YjMyMTE5YTdmODM0MTA1NzQ5ZWE0NjY4MjQ2NGYzODUxNTqAAn1xAVUKdGVzdGNvb2tp\nZXECVQZ3b3JrZWRxA3Mu\n','2012-11-12 22:45:27'),('6289cfd777ee085586d69b85a0cd42ce','ZGQ0ZDI1YjMyMTE5YTdmODM0MTA1NzQ5ZWE0NjY4MjQ2NGYzODUxNTqAAn1xAVUKdGVzdGNvb2tp\nZXECVQZ3b3JrZWRxA3Mu\n','2012-10-31 00:58:06'),('648960f1c281a054ce42c3163b60343c','NzRhMWVlMDNjN2M3MmU1ZDM1ZjI4MDQzNzVlZDgxYTViNmQ3MTEyNjqAAn1xAShVBGNhcnRxAl1x\nAyhjZGphbmdvLmRiLm1vZGVscy5iYXNlCm1vZGVsX3VucGlja2xlCnEEY2luc2NyaWNhby5tb2Rl\nbHMKQ29uZnJhdGVybmlzdGEKcQVdY2RqYW5nby5kYi5tb2RlbHMuYmFzZQpzaW1wbGVfY2xhc3Nf\nZmFjdG9yeQpxBodScQd9cQgoVQdhbGVyZ2lhcQlOVQ91c29fbWVkaWNhbWVudG9xCk5VG3BhcmVu\ndGVzY29fY29udGF0b191cmdlbmNpYXELWAMAAABNYWVxDFUOZGlldGFfZXNwZWNpYWxxDU5VBl9z\ndGF0ZXEOY2RqYW5nby5kYi5tb2RlbHMuYmFzZQpNb2RlbFN0YXRlCnEPKYFxEH1xEShVBmFkZGlu\nZ3ESiVUCZGJxE1UHZGVmYXVsdHEUdWJVD2RhdGFfbmFzY2ltZW50b3EVY2RhdGV0aW1lCmRhdGUK\ncRZVBAfEDAuFUnEXVQRzZXhvcRhYAQAAAEZVCnVzdWFyaW9faWRxGYoBR1UKYXV0b3JpemFkb3Ea\niFUManV2ZW50dWRlX2lkcRuKARxVAmlkcRyKATpVGXRlbGVmb25lX2NvbnRhdG9fdXJnZW5jaWFx\nHVgOAAAAKDMxKSA4MzA5LTk0NTZxHlUadGVsZWZvbmUyX2NvbnRhdG9fdXJnZW5jaWFxH1gOAAAA\nKDMxKSAzMzkzLTY1NDNxIFUVdm9sdW50YXJpb19tYW51dGVuY2FvcSGIVRVhbm9faW5ncmVzc29f\nbW9jaWRhZGVxIooC1wdVCHRlbGVmb25lcSNYDgAAACgzMSkgMzM5My02NTQ5cSRVEGNvbnRhdG9f\ndXJnZW5jaWFxJVgFAAAAVGFuaWFxJlUGYmFpcnJvcSdYDwAAAE5vdm8gUHJyb2dyZXNzb3EoVQps\nb2dyYWRvdXJvcSlYHAAAAFJ1YSBDb3JvbmVsIEJlbG1pcm8gQ3J1eiA0NjZxKlUOdGFtYW5ob19j\nYW1pc2FxK1gBAAAATVULbm9tZV9jcmFjaGFxLFgFAAAAQnJ1bmFxLVUGY2lkYWRlcS5YCAAAAENv\nbnRhZ2VtcS9VCmlkZW50aWRhZGVxMFgLAAAATUcgMTQ2MDk4MTFxMVUWcGFnYW1lbnRvX2luc2Ny\naWNhb19pZHEyigEbVRJjb21lYmhzX2FudGVyaW9yZXNxM1gYAAAAMjAwOCwyMDA5LDIwMTAsMjAx\nMSwyMDEycTR1YmgEaAVdaAaHUnE1fXE2KFUHYWxlcmdpYXE3WAAAAABVD3Vzb19tZWRpY2FtZW50\nb3E4WAAAAABVG3BhcmVudGVzY29fY29udGF0b191cmdlbmNpYXE5WAQAAABNw6NlcTpVDmRpZXRh\nX2VzcGVjaWFscTtYAAAAAFUGX3N0YXRlcTxoDymBcT19cT4oVQZhZGRpbmdxP4lVAmRicUBVB2Rl\nZmF1bHRxQXViVQ9kYXRhX25hc2NpbWVudG9xQmgWVQQHzQEbhVJxQ1UEc2V4b3FEWAEAAABNVQp1\nc3VhcmlvX2lkcUWKAUtVCmF1dG9yaXphZG9xRohVDGp1dmVudHVkZV9pZHFHigEcVQJpZHFIigE+\nVRl0ZWxlZm9uZV9jb250YXRvX3VyZ2VuY2lhcUlYDgAAACgzMSkgOTg3MS03MTg0cUpVGnRlbGVm\nb25lMl9jb250YXRvX3VyZ2VuY2lhcUtYDgAAACgzMSkgOTc4OC0xMDMwcUxVFXZvbHVudGFyaW9f\nbWFudXRlbmNhb3FNiFUVYW5vX2luZ3Jlc3NvX21vY2lkYWRlcU6KAtkHVQh0ZWxlZm9uZXFPWA4A\nAAAoMzEpIDMzOTMtNjY1OHFQVRBjb250YXRvX3VyZ2VuY2lhcVFYBAAAAEVkbmFxUlUGYmFpcnJv\ncVNYDgAAAE5vdm8gUHJvZ3Jlc3NvcVRVCmxvZ3JhZG91cm9xVVgQAAAAUnVhIEJlbG1pcm8gQ3J1\nenFWVQ50YW1hbmhvX2NhbWlzYXFXWAEAAABNVQtub21lX2NyYWNoYXFYWAcAAABHYWJyaWVscVlV\nBmNpZGFkZXFaWAgAAABDb250YWdlbXFbVQppZGVudGlkYWRlcVxYAAAAAFUWcGFnYW1lbnRvX2lu\nc2NyaWNhb19pZHFdTlUSY29tZWJoc19hbnRlcmlvcmVzcV5YBQAAADI5LDMwcV91YmgEaAVdaAaH\nUnFgfXFhKFUHYWxlcmdpYXFiWAAAAABVD3Vzb19tZWRpY2FtZW50b3FjWAAAAABVG3BhcmVudGVz\nY29fY29udGF0b191cmdlbmNpYXFkWAQAAABNw6NlcWVVDmRpZXRhX2VzcGVjaWFscWZYAAAAAFUG\nX3N0YXRlcWdoDymBcWh9cWkoVQZhZGRpbmdxaolVAmRicWtVB2RlZmF1bHRxbHViVQ9kYXRhX25h\nc2NpbWVudG9xbWgWVQQHzAYchVJxblUEc2V4b3FvWAEAAABNVQp1c3VhcmlvX2lkcXCKAVBVCmF1\ndG9yaXphZG9xcYhVDGp1dmVudHVkZV9pZHFyigEcVQJpZHFzigFDVRl0ZWxlZm9uZV9jb250YXRv\nX3VyZ2VuY2lhcXRYDgAAACgzMSkgODcxOC0yNDU4cXVVGnRlbGVmb25lMl9jb250YXRvX3VyZ2Vu\nY2lhcXZYDgAAACgzMSkgODczMS05NTk0cXdVFXZvbHVudGFyaW9fbWFudXRlbmNhb3F4iFUVYW5v\nX2luZ3Jlc3NvX21vY2lkYWRlcXmKAtkHVQh0ZWxlZm9uZXF6WA4AAAAoMzEpIDMzOTMtNjU3NHF7\nVRBjb250YXRvX3VyZ2VuY2lhcXxYCAAAAENyaXN0aW5hcX1VBmJhaXJyb3F+WA4AAABOb3ZvIFBy\nb2dyZXNzb3F/VQpsb2dyYWRvdXJvcYBYHQAAAFJ1YSBDb3JvbmVsIEJlbG1pcm8gQ3J1eiwgNDY2\ncYFVDnRhbWFuaG9fY2FtaXNhcYJYAQAAAFBVC25vbWVfY3JhY2hhcYNYBwAAAEp1bGluaGFxhFUG\nY2lkYWRlcYVYCAAAAENvbnRhZ2VtcYZVCmlkZW50aWRhZGVxh1gIAAAAMTgzMjYyNjZxiFUWcGFn\nYW1lbnRvX2luc2NyaWNhb19pZHGJTlUSY29tZWJoc19hbnRlcmlvcmVzcYpYBQAAADI5LDMwcYt1\nYmgEaAVdaAaHUnGMfXGNKFUHYWxlcmdpYXGOWAAAAABVD3Vzb19tZWRpY2FtZW50b3GPWAAAAABV\nG3BhcmVudGVzY29fY29udGF0b191cmdlbmNpYXGQWAQAAABNw6NlcZFVDmRpZXRhX2VzcGVjaWFs\ncZJYAAAAAFUGX3N0YXRlcZNoDymBcZR9cZUoVQZhZGRpbmdxlolVAmRicZdVB2RlZmF1bHRxmHVi\nVQ9kYXRhX25hc2NpbWVudG9xmWgWVQQHywUShVJxmlUEc2V4b3GbWAEAAABGVQp1c3VhcmlvX2lk\ncZyKAWZVCmF1dG9yaXphZG9xnYhVDGp1dmVudHVkZV9pZHGeigEcVQJpZHGfigFYVRl0ZWxlZm9u\nZV9jb250YXRvX3VyZ2VuY2lhcaBYDgAAACgzMSkgOTEyOS02MTcxcaFVGnRlbGVmb25lMl9jb250\nYXRvX3VyZ2VuY2lhcaJYDgAAACgzMSkgMjU1NS0zOTAzcaNVFXZvbHVudGFyaW9fbWFudXRlbmNh\nb3GkiFUVYW5vX2luZ3Jlc3NvX21vY2lkYWRlcaWKAtoHVQh0ZWxlZm9uZXGmWA4AAAAoMzEpIDg3\nMTgtNzk2OHGnVRBjb250YXRvX3VyZ2VuY2lhcahYBwAAAFJvc2VseSBxqVUGYmFpcnJvcapYBwAA\nAEdsw7NyaWFxq1UKbG9ncmFkb3Vyb3GsWA8AAABKb3PDqSBCYXJ0b2xvdGFxrVUOdGFtYW5ob19j\nYW1pc2FxrlgBAAAAUFULbm9tZV9jcmFjaGFxr1gGAAAAU3lsdmlhcbBVBmNpZGFkZXGxWA4AAABC\nZWxvIEhvcml6b250ZXGyVQppZGVudGlkYWRlcbNYCwAAAE1HIDE0NDQwNzIycbRVFnBhZ2FtZW50\nb19pbnNjcmljYW9faWRxtU5VEmNvbWViaHNfYW50ZXJpb3Jlc3G2WAIAAAAzMHG3dWJoBGgFXWgG\nh1JxuH1xuShVB2FsZXJnaWFxuk5VD3Vzb19tZWRpY2FtZW50b3G7TlUbcGFyZW50ZXNjb19jb250\nYXRvX3VyZ2VuY2lhcbxYAwAAAFBhaXG9VQ5kaWV0YV9lc3BlY2lhbHG+TlUGX3N0YXRlcb9oDymB\nccB9ccEoVQZhZGRpbmdxwolVAmRiccNVB2RlZmF1bHRxxHViVQ9kYXRhX25hc2NpbWVudG9xxWgW\nVQQHzQgIhVJxxlUEc2V4b3HHWAEAAABNVQp1c3VhcmlvX2lkcciKAXBVCmF1dG9yaXphZG9xyYhV\nDGp1dmVudHVkZV9pZHHKigEcVQJpZHHLigFjVRl0ZWxlZm9uZV9jb250YXRvX3VyZ2VuY2lhccxY\nDgAAACgzMSkgOTk0OC0xMzMxcc1VGnRlbGVmb25lMl9jb250YXRvX3VyZ2VuY2lhcc5YDgAAACgz\nMSkgMzA3Ny05ODQzcc9VFXZvbHVudGFyaW9fbWFudXRlbmNhb3HQiFUVYW5vX2luZ3Jlc3NvX21v\nY2lkYWRlcdGKAtoHVQh0ZWxlZm9uZXHSWA4AAAAoMzEpIDMwNzctOTg0M3HTVRBjb250YXRvX3Vy\nZ2VuY2lhcdRYCAAAAEFtYXJpbGRvcdVVBmJhaXJyb3HWWA0AAABTw6NvIFNhbHZhZG9ycddVCmxv\nZ3JhZG91cm9x2FgLAAAAUnVhIHRhdmFyZXNx2VUOdGFtYW5ob19jYW1pc2Fx2lgBAAAATVULbm9t\nZV9jcmFjaGFx21gKAAAASmVmZmVyc29uIHHcVQZjaWRhZGVx3VgOAAAAQmVsbyBIb3Jpem9udGVx\n3lUKaWRlbnRpZGFkZXHfWA4AAABtZy0xOC45NjAuNTIxIHHgVRZwYWdhbWVudG9faW5zY3JpY2Fv\nX2lkceFOVRJjb21lYmhzX2FudGVyaW9yZXNx4k51YmgEaAVdaAaHUnHjfXHkKFUHYWxlcmdpYXHl\nTlUPdXNvX21lZGljYW1lbnRvceZOVRtwYXJlbnRlc2NvX2NvbnRhdG9fdXJnZW5jaWFx51gDAAAA\nUGFpcehVDmRpZXRhX2VzcGVjaWFscelOVQZfc3RhdGVx6mgPKYFx631x7ChVBmFkZGluZ3HtiVUC\nZGJx7lUHZGVmYXVsdHHvdWJVD2RhdGFfbmFzY2ltZW50b3HwaBZVBAfNCAiFUnHxVQRzZXhvcfJY\nAQAAAEZVCnVzdWFyaW9faWRx84oBcVUKYXV0b3JpemFkb3H0iFUManV2ZW50dWRlX2lkcfWKARxV\nAmlkcfaKAWRVGXRlbGVmb25lX2NvbnRhdG9fdXJnZW5jaWFx91gOAAAAKDMxKSA5OTQ4LTEzMzFx\n+FUadGVsZWZvbmUyX2NvbnRhdG9fdXJnZW5jaWFx+VgOAAAAKDMxKSAzMDc3LTk4NDNx+lUVdm9s\ndW50YXJpb19tYW51dGVuY2FvcfuIVRVhbm9faW5ncmVzc29fbW9jaWRhZGVx/IoC2gdVCHRlbGVm\nb25lcf1YDgAAACgzMSkgMzA3Ny05ODQzcf5VEGNvbnRhdG9fdXJnZW5jaWFx/1gIAAAAQW1hcmls\nZG9yAAEAAFUGYmFpcnJvcgEBAABYDQAAAFPDo28gU2FsdmFkb3JyAgEAAFUKbG9ncmFkb3Vyb3ID\nAQAAWA8AAABSdWEgdGF2YXJlcyAxNTNyBAEAAFUOdGFtYW5ob19jYW1pc2FyBQEAAFgBAAAAUFUL\nbm9tZV9jcmFjaGFyBgEAAFgFAAAASm95Y2VyBwEAAFUGY2lkYWRlcggBAABYDgAAAEJlbG8gSG9y\naXpvbnRlcgkBAABVCmlkZW50aWRhZGVyCgEAAFgNAAAAbWctMTguOTYwLjU1MHILAQAAVRZwYWdh\nbWVudG9faW5zY3JpY2FvX2lkcgwBAABOVRJjb21lYmhzX2FudGVyaW9yZXNyDQEAAE51YmgEaAVd\naAaHUnIOAQAAfXIPAQAAKFUHYWxlcmdpYXIQAQAATlUPdXNvX21lZGljYW1lbnRvchEBAABOVRtw\nYXJlbnRlc2NvX2NvbnRhdG9fdXJnZW5jaWFyEgEAAFgEAAAATcOjZXITAQAAVQ5kaWV0YV9lc3Bl\nY2lhbHIUAQAAWA8AAABOw6NvIGNvbW8gQ2FybmVyFQEAAFUGX3N0YXRlchYBAABoDymBchcBAAB9\nchgBAAAoVQZhZGRpbmdyGQEAAIlVAmRichoBAABVB2RlZmF1bHRyGwEAAHViVQ9kYXRhX25hc2Np\nbWVudG9yHAEAAGgWVQQHzgQBhVJyHQEAAFUKdXN1YXJpb19pZHIeAQAAigK6AFUKYXV0b3JpemFk\nb3IfAQAAiFUManV2ZW50dWRlX2lkciABAACKARxVAmlkciEBAACKAqgAVRl0ZWxlZm9uZV9jb250\nYXRvX3VyZ2VuY2lhciIBAABYDgAAACgzMSkgMzM5My02NjU4ciMBAABVGnRlbGVmb25lMl9jb250\nYXRvX3VyZ2VuY2lhciQBAABYDgAAACgzMSkgMzM5My02NTc0ciUBAABVFXZvbHVudGFyaW9fbWFu\ndXRlbmNhb3ImAQAAiFUVYW5vX2luZ3Jlc3NvX21vY2lkYWRlcicBAACKAtoHVQ50YW1hbmhvX2Nh\nbWlzYXIoAQAAWAEAAABNVQh0ZWxlZm9uZXIpAQAAWA4AAAAoMzEpIDMzOTMtNjY1OHIqAQAAVRBj\nb250YXRvX3VyZ2VuY2lhcisBAABYBAAAAEVkbmFyLAEAAFUGYmFpcnJvci0BAABYDgAAAE5vdm8g\nUHJvZ3Jlc3Nvci4BAABVCmxvZ3JhZG91cm9yLwEAAFgcAAAAUnVhIENvcm9uZWwgQmVsbWlybyBD\ncnV6IDQ2NnIwAQAAVQtub21lX2NyYWNoYXIxAQAAWAYAAABQZWRybyByMgEAAFUEc2V4b3IzAQAA\nWAEAAABNVQZjaWRhZGVyNAEAAFgIAAAAQ29udGFnZW1yNQEAAFUKaWRlbnRpZGFkZXI2AQAAWA0A\nAABNRy0xOC45NjQuMDg5cjcBAABVFnBhZ2FtZW50b19pbnNjcmljYW9faWRyOAEAAE5VEmNvbWVi\naHNfYW50ZXJpb3Jlc3I5AQAATnViZVUKY2FydF90b3RhbHI6AQAAY2RlY2ltYWwKRGVjaW1hbApy\nOwEAAFUGMjgwLjAwhVJyPAEAAFUNX2F1dGhfdXNlcl9pZHI9AQAAigFGVRJfYXV0aF91c2VyX2Jh\nY2tlbmRyPgEAAFUpZGphbmdvLmNvbnRyaWIuYXV0aC5iYWNrZW5kcy5Nb2RlbEJhY2tlbmRyPwEA\nAHUu\n','2012-11-24 11:02:41'),('65e0d205bcbc80bfe3a4b2512dc2ba10','ZGQ0ZDI1YjMyMTE5YTdmODM0MTA1NzQ5ZWE0NjY4MjQ2NGYzODUxNTqAAn1xAVUKdGVzdGNvb2tp\nZXECVQZ3b3JrZWRxA3Mu\n','2013-09-05 19:16:54'),('66427f03103adeb206115192573544f0','MjQ5OTNjNTA3NzI2ZGRjNjZlNTllNGU3OWZmMTAxMTViOWFlZTcwZjqAAn1xAShVEl9hdXRoX3Vz\nZXJfYmFja2VuZHECVSlkamFuZ28uY29udHJpYi5hdXRoLmJhY2tlbmRzLk1vZGVsQmFja2VuZHED\nVQ1fYXV0aF91c2VyX2lkcQSKAWl1Lg==\n','2012-11-21 15:20:21'),('678eff98b8c3c32559f65b7f33ce38d4','ZGQ0ZDI1YjMyMTE5YTdmODM0MTA1NzQ5ZWE0NjY4MjQ2NGYzODUxNTqAAn1xAVUKdGVzdGNvb2tp\nZXECVQZ3b3JrZWRxA3Mu\n','2012-11-23 16:47:39'),('6806151c6de225620f773368b0800fdc','YjM2YzRkMDkyOTU5NDk0YzhiMDU2MTY3ZjhkM2IwY2Y1MTY5MjdkNDqAAn1xAShVEl9hdXRoX3Vz\nZXJfYmFja2VuZHECVSlkamFuZ28uY29udHJpYi5hdXRoLmJhY2tlbmRzLk1vZGVsQmFja2VuZHED\nVQ1fYXV0aF91c2VyX2lkcQSKAWt1Lg==\n','2012-11-21 01:29:28'),('68cc53573beffd3a625a5511b20fa198','ODlkMzQzNTRhODAxNTgxZjRiNTE5NWUyZTVlYTgxNGEyYmE1MDA2ZTqAAn1xAShVEl9hdXRoX3Vz\nZXJfYmFja2VuZHECVSlkamFuZ28uY29udHJpYi5hdXRoLmJhY2tlbmRzLk1vZGVsQmFja2VuZHED\nVQ1fYXV0aF91c2VyX2lkcQSKAWF1Lg==\n','2012-11-08 13:57:53'),('68e1c92d32f9ff0405f037a9c1d0ac08','ZGQ0ZDI1YjMyMTE5YTdmODM0MTA1NzQ5ZWE0NjY4MjQ2NGYzODUxNTqAAn1xAVUKdGVzdGNvb2tp\nZXECVQZ3b3JrZWRxA3Mu\n','2012-11-21 17:19:28'),('68f22886be58d43733e60083b53aca5a','ZGQ0ZDI1YjMyMTE5YTdmODM0MTA1NzQ5ZWE0NjY4MjQ2NGYzODUxNTqAAn1xAVUKdGVzdGNvb2tp\nZXECVQZ3b3JrZWRxA3Mu\n','2012-11-11 13:41:52'),('6948364605b2d4767736eaadf55528b8','ZGQ0ZDI1YjMyMTE5YTdmODM0MTA1NzQ5ZWE0NjY4MjQ2NGYzODUxNTqAAn1xAVUKdGVzdGNvb2tp\nZXECVQZ3b3JrZWRxA3Mu\n','2013-09-04 06:15:44'),('69b311b56a457d92005085326ae573e7','ZGQ0ZDI1YjMyMTE5YTdmODM0MTA1NzQ5ZWE0NjY4MjQ2NGYzODUxNTqAAn1xAVUKdGVzdGNvb2tp\nZXECVQZ3b3JrZWRxA3Mu\n','2012-11-15 10:52:31'),('69fdfeeb05fa16e5b9d3632a5f7bb9a4','ZGQ0ZDI1YjMyMTE5YTdmODM0MTA1NzQ5ZWE0NjY4MjQ2NGYzODUxNTqAAn1xAVUKdGVzdGNvb2tp\nZXECVQZ3b3JrZWRxA3Mu\n','2012-10-31 02:28:05'),('6aaeb26d7fbcdc7546d85b3107b668f0','YmNkMGNiYjA5NTRmOGUxODZhMWI4ZjYxNTVmNTE4MjFhNDQ0MDZjZTqAAn1xAShVEl9hdXRoX3Vz\nZXJfYmFja2VuZHECVSlkamFuZ28uY29udHJpYi5hdXRoLmJhY2tlbmRzLk1vZGVsQmFja2VuZHED\nVQ1fYXV0aF91c2VyX2lkcQSKAsAAdS4=\n','2012-11-22 17:23:02'),('6ae3c4d7cd1c61a32862aca1d11ef791','ZGQ0ZDI1YjMyMTE5YTdmODM0MTA1NzQ5ZWE0NjY4MjQ2NGYzODUxNTqAAn1xAVUKdGVzdGNvb2tp\nZXECVQZ3b3JrZWRxA3Mu\n','2012-10-28 17:44:57'),('6b1f594d455609bf896cb4f781f8388b','ZGQ0ZDI1YjMyMTE5YTdmODM0MTA1NzQ5ZWE0NjY4MjQ2NGYzODUxNTqAAn1xAVUKdGVzdGNvb2tp\nZXECVQZ3b3JrZWRxA3Mu\n','2013-09-07 02:12:05'),('6b239927f180c674cc6cc0969f8eca21','ZGQ0ZDI1YjMyMTE5YTdmODM0MTA1NzQ5ZWE0NjY4MjQ2NGYzODUxNTqAAn1xAVUKdGVzdGNvb2tp\nZXECVQZ3b3JrZWRxA3Mu\n','2013-09-06 08:15:41'),('6b419934518c0d9d75502c719d77a5c3','ZGQ0ZDI1YjMyMTE5YTdmODM0MTA1NzQ5ZWE0NjY4MjQ2NGYzODUxNTqAAn1xAVUKdGVzdGNvb2tp\nZXECVQZ3b3JrZWRxA3Mu\n','2012-11-22 11:20:21'),('6b6f6dd55d5efef2ab46f427acd83b38','ZGQ0ZDI1YjMyMTE5YTdmODM0MTA1NzQ5ZWE0NjY4MjQ2NGYzODUxNTqAAn1xAVUKdGVzdGNvb2tp\nZXECVQZ3b3JrZWRxA3Mu\n','2012-09-20 18:09:54'),('6b77c52812ba6266272f7d0c269d77ee','Y2NmNTQ2Nzk2MGZiMjA2NmUwYTQzN2JlODc1MDg5MDZkNzExZGJlODqAAn1xAShVEl9hdXRoX3Vz\nZXJfYmFja2VuZHECVSlkamFuZ28uY29udHJpYi5hdXRoLmJhY2tlbmRzLk1vZGVsQmFja2VuZHED\nVQ1fYXV0aF91c2VyX2lkcQSKASh1Lg==\n','2012-11-15 11:25:38'),('6b7c02f662752c289fb24b48fb67778b','NjcxNWJlMGYwOGQyMjkzMjliNGRkNjA3MTcyNGFhMjg5MjNhYmViMzqAAn1xAShVEl9hdXRoX3Vz\nZXJfYmFja2VuZHECVSlkamFuZ28uY29udHJpYi5hdXRoLmJhY2tlbmRzLk1vZGVsQmFja2VuZHED\nVQ1fYXV0aF91c2VyX2lkcQSKASJ1Lg==\n','2012-11-24 21:09:51'),('6bad6063f6889f17c087fe4cd28b7999','MjVjOTc3Y2M5ODgzYjVjMmU1NTAwNWMzZGU2OThiNzU2ODQyZWIwYzqAAn1xAShVEl9hdXRoX3Vz\nZXJfYmFja2VuZHECVSlkamFuZ28uY29udHJpYi5hdXRoLmJhY2tlbmRzLk1vZGVsQmFja2VuZHED\nVQ1fYXV0aF91c2VyX2lkcQSKATZ1Lg==\n','2012-10-24 02:28:04'),('6bb7bc3173e11fe7bf294f9e0e8235fe','OWUxZjM0NjI4MDM4YzI2ODRkNzNjMWJjZTZmODI4ZjJmNjIwZjA4MjqAAn1xAShVEl9hdXRoX3Vz\nZXJfYmFja2VuZHECVSlkamFuZ28uY29udHJpYi5hdXRoLmJhY2tlbmRzLk1vZGVsQmFja2VuZHED\nVQ1fYXV0aF91c2VyX2lkcQSKAWd1Lg==\n','2012-11-20 16:35:22'),('6c0ba607f8038a8d87d820688c939807','NjhjNDU4MTYyODRmYjc0OGI2ODhhZGI1ZDNmYzAyODRlOTEyNTJlODqAAn1xAShVEl9hdXRoX3Vz\nZXJfYmFja2VuZHECVSlkamFuZ28uY29udHJpYi5hdXRoLmJhY2tlbmRzLk1vZGVsQmFja2VuZHED\nVQ1fYXV0aF91c2VyX2lkcQSKATp1Lg==\n','2012-10-26 15:53:15'),('6c25e5e06f08af7026bba55c448dadf9','MTVlODkzYWVkZTg4YzY2MDU1MjA3MmJlYjg0MzdmOGMyZTU3ZWNmMTqAAn1xAShVEl9hdXRoX3Vz\nZXJfYmFja2VuZHECVSlkamFuZ28uY29udHJpYi5hdXRoLmJhY2tlbmRzLk1vZGVsQmFja2VuZHED\nVQ1fYXV0aF91c2VyX2lkcQSKAQJ1Lg==\n','2013-02-26 14:11:58'),('6c2f78ed1d5451af77d002ba4a8d01c5','MmRkNjA0OWQyZTM2YTkwOTM0MGI2ZDk5MGM1YjIwNDY0NGM0ODExMDqAAn1xAShVBGNhcnRxAl1x\nA2NkamFuZ28uZGIubW9kZWxzLmJhc2UKbW9kZWxfdW5waWNrbGUKcQRjaW5zY3JpY2FvLm1vZGVs\ncwpDb25mcmF0ZXJuaXN0YQpxBV1jZGphbmdvLmRiLm1vZGVscy5iYXNlCnNpbXBsZV9jbGFzc19m\nYWN0b3J5CnEGh1JxB31xCChVB2FsZXJnaWFxCU5VD3Vzb19tZWRpY2FtZW50b3EKWAgAAABkZXBh\na290ZXELVRtwYXJlbnRlc2NvX2NvbnRhdG9fdXJnZW5jaWFxDFgEAAAAbcOjZXENVQ5kaWV0YV9l\nc3BlY2lhbHEOTlUGX3N0YXRlcQ9jZGphbmdvLmRiLm1vZGVscy5iYXNlCk1vZGVsU3RhdGUKcRAp\ngXERfXESKFUGYWRkaW5ncROJVQJkYnEUVQdkZWZhdWx0cRV1YlUPZGF0YV9uYXNjaW1lbnRvcRZj\nZGF0ZXRpbWUKZGF0ZQpxF1UEB84CAoVScRhVCnVzdWFyaW9faWRxGYoCpwBVCmF1dG9yaXphZG9x\nGohVDGp1dmVudHVkZV9pZHEbigEQVQJpZHEcigKVAFUZdGVsZWZvbmVfY29udGF0b191cmdlbmNp\nYXEdWA4AAAAoMzEpIDM0NzYtOTM2MHEeVRp0ZWxlZm9uZTJfY29udGF0b191cmdlbmNpYXEfWA4A\nAAAoMzEpIDg0MjAtMjI2MHEgVRV2b2x1bnRhcmlvX21hbnV0ZW5jYW9xIYhVFWFub19pbmdyZXNz\nb19tb2NpZGFkZXEiigLYB1UOdGFtYW5ob19jYW1pc2FxI1gBAAAATVUIdGVsZWZvbmVxJFgOAAAA\nKDMxKSAzNDc2LTkzNjBxJVUQY29udGF0b191cmdlbmNpYXEmWAcAAABsaWxpYW5lcSdVBmJhaXJy\nb3EoWAcAAABzZXJyYW5vcSlVCmxvZ3JhZG91cm9xKlguAAAAcnVhIGRlcHV0YWRvIGF1Z3VzdG8g\nZ29uw6dhbHZlcywgNDQwLCBBUFRPIDIwMXErVQtub21lX2NyYWNoYXEsWAUAAABDYXJvbHEtVQRz\nZXhvcS5YAQAAAEZVBmNpZGFkZXEvWA4AAABiZWxvIGhvcml6b250ZXEwVQppZGVudGlkYWRlcTFY\nDQAAAE1HLTE5LjIzOS4yMjVxMlUWcGFnYW1lbnRvX2luc2NyaWNhb19pZHEzigKKAFUSY29tZWJo\nc19hbnRlcmlvcmVzcTRYAQAAADB1YmFVCmNhcnRfdG90YWxxNWNkZWNpbWFsCkRlY2ltYWwKcTZV\nBTQwLjAwhVJxN1UNX2F1dGhfdXNlcl9pZHE4igEqVRJfYXV0aF91c2VyX2JhY2tlbmRxOVUpZGph\nbmdvLmNvbnRyaWIuYXV0aC5iYWNrZW5kcy5Nb2RlbEJhY2tlbmRxOnUu\n','2013-01-17 00:12:11'),('6c3e790abb307c57ded55c8388f16ad6','ZGQ0ZDI1YjMyMTE5YTdmODM0MTA1NzQ5ZWE0NjY4MjQ2NGYzODUxNTqAAn1xAVUKdGVzdGNvb2tp\nZXECVQZ3b3JrZWRxA3Mu\n','2013-09-06 20:12:58'),('6c86636a19f07211a46094c979096531','ZGQ0ZDI1YjMyMTE5YTdmODM0MTA1NzQ5ZWE0NjY4MjQ2NGYzODUxNTqAAn1xAVUKdGVzdGNvb2tp\nZXECVQZ3b3JrZWRxA3Mu\n','2012-12-13 00:48:49'),('6c86ae0bba9ac695c21e25969b52189e','OGQwYTliMzJmNzZlMzY4ZmJkM2UyNjcyNWI0MGFiYTMzNTliM2Q3ZjqAAn1xAShVEl9hdXRoX3Vz\nZXJfYmFja2VuZHECVSlkamFuZ28uY29udHJpYi5hdXRoLmJhY2tlbmRzLk1vZGVsQmFja2VuZHED\nVQ1fYXV0aF91c2VyX2lkcQSKAUt1Lg==\n','2012-10-27 17:59:49'),('6e5b7e9782e7fd29cabadd9f80e026cf','MGM5NTE1MjY5ODk2NWM3NDU4YzMyZDc5ZGJkNDAwYzY3Yjk2ZDQ1ZDqAAn1xAShVEl9hdXRoX3Vz\nZXJfYmFja2VuZHECVSlkamFuZ28uY29udHJpYi5hdXRoLmJhY2tlbmRzLk1vZGVsQmFja2VuZHED\nVQ1fYXV0aF91c2VyX2lkcQSKAo8AdS4=\n','2012-11-13 16:59:41'),('6f70d7ecb59c65800d48c5b8add65c06','ZGQ0ZDI1YjMyMTE5YTdmODM0MTA1NzQ5ZWE0NjY4MjQ2NGYzODUxNTqAAn1xAVUKdGVzdGNvb2tp\nZXECVQZ3b3JrZWRxA3Mu\n','2013-09-07 03:12:43'),('6f7205b05ab7a93863c711dd2de2cd5e','NjU2MjI4MzI0ZjNmZTMzNmYzOGVjYWZjMjQzZmViY2YzZjI0YTFkMjqAAn1xAShVDV9hdXRoX3Vz\nZXJfaWRxAooBa1USX2F1dGhfdXNlcl9iYWNrZW5kcQNVKWRqYW5nby5jb250cmliLmF1dGguYmFj\na2VuZHMuTW9kZWxCYWNrZW5kcQR1Lg==\n','2012-11-05 00:55:18'),('6f80e378d740856941593ee8c0eccb45','ZGQ0ZDI1YjMyMTE5YTdmODM0MTA1NzQ5ZWE0NjY4MjQ2NGYzODUxNTqAAn1xAVUKdGVzdGNvb2tp\nZXECVQZ3b3JrZWRxA3Mu\n','2012-11-18 23:04:34'),('6fb2007427d4620c0363d82a78394634','ODY1NjExOTg4OWQ5NzNiNzliM2MyZDJmOWI1ZThmNzlmNjA2ZjJiMTqAAn1xAShVEl9hdXRoX3Vz\nZXJfYmFja2VuZHECVSlkamFuZ28uY29udHJpYi5hdXRoLmJhY2tlbmRzLk1vZGVsQmFja2VuZHED\nVQ1fYXV0aF91c2VyX2lkcQSKAVF1Lg==\n','2012-11-14 22:59:46'),('705f654ecb50536fa86956ad219fe797','ZGQ0ZDI1YjMyMTE5YTdmODM0MTA1NzQ5ZWE0NjY4MjQ2NGYzODUxNTqAAn1xAVUKdGVzdGNvb2tp\nZXECVQZ3b3JrZWRxA3Mu\n','2012-10-28 22:34:17'),('70df70787069dfa551aa660c3e2e96ad','YmQwM2JhYWNlMWZjNDRlYWE2ZGVkMmQ1YzBhYjRlYTZiNDUwMDlmMzqAAn1xAShVEl9hdXRoX3Vz\nZXJfYmFja2VuZHECVSlkamFuZ28uY29udHJpYi5hdXRoLmJhY2tlbmRzLk1vZGVsQmFja2VuZHED\nVQ1fYXV0aF91c2VyX2lkcQSKAWV1Lg==\n','2012-11-24 20:03:09'),('71eba80a75888fcfe6b7b5d747bfb937','NmU4OWFkMWJiYWM3ZTU1MjM1NjU2MGZmNTIyNjc3NDczZjBkM2ZiNDqAAn1xAShVEl9hdXRoX3Vz\nZXJfYmFja2VuZHECVSlkamFuZ28uY29udHJpYi5hdXRoLmJhY2tlbmRzLk1vZGVsQmFja2VuZHED\nVQ1fYXV0aF91c2VyX2lkcQSKArwAdS4=\n','2012-11-21 17:41:14'),('720b389a241667345592ad7c39347c7d','ODkwZWJkZGVmNDI5ZmQxZDA1YjNmMzFhZjYxYjAwMjc5MmY4NzQ4NTqAAn1xAShVEl9hdXRoX3Vz\nZXJfYmFja2VuZHECVSlkamFuZ28uY29udHJpYi5hdXRoLmJhY2tlbmRzLk1vZGVsQmFja2VuZHED\nVQ1fYXV0aF91c2VyX2lkcQSKAqMAdS4=\n','2013-02-22 18:44:24'),('722ec90eea481597c50df822ac9a9f8a','MTVlODkzYWVkZTg4YzY2MDU1MjA3MmJlYjg0MzdmOGMyZTU3ZWNmMTqAAn1xAShVEl9hdXRoX3Vz\nZXJfYmFja2VuZHECVSlkamFuZ28uY29udHJpYi5hdXRoLmJhY2tlbmRzLk1vZGVsQmFja2VuZHED\nVQ1fYXV0aF91c2VyX2lkcQSKAQJ1Lg==\n','2012-12-27 23:30:31'),('72335365e2973830d6b1bc13cc46ecfc','Y2IwNTViMDMxYjEyNWRjODZlMjUwODI2MmU5YTdiNzI3YjY5YWQxZTqAAn1xAS4=\n','2013-03-17 03:10:42'),('72d4e1ad1d26be10bc51f9c173789d84','NjhjNDU4MTYyODRmYjc0OGI2ODhhZGI1ZDNmYzAyODRlOTEyNTJlODqAAn1xAShVEl9hdXRoX3Vz\nZXJfYmFja2VuZHECVSlkamFuZ28uY29udHJpYi5hdXRoLmJhY2tlbmRzLk1vZGVsQmFja2VuZHED\nVQ1fYXV0aF91c2VyX2lkcQSKATp1Lg==\n','2012-10-24 15:04:32'),('72dd293d322cf1d1b6c6ffb7cb3a37ad','ZGQ0ZDI1YjMyMTE5YTdmODM0MTA1NzQ5ZWE0NjY4MjQ2NGYzODUxNTqAAn1xAVUKdGVzdGNvb2tp\nZXECVQZ3b3JrZWRxA3Mu\n','2012-11-17 15:57:13'),('72e53f14db2af143d59a3a72365b2172','MDRiYWIxNWY0Yjk3YjBlYTVjNTY0YzgzMjA4NmY4MDQwMWVhOTc3MjqAAn1xAShVEl9hdXRoX3Vz\nZXJfYmFja2VuZHECVSlkamFuZ28uY29udHJpYi5hdXRoLmJhY2tlbmRzLk1vZGVsQmFja2VuZHED\nVQ1fYXV0aF91c2VyX2lkcQSKApQAdS4=\n','2012-11-14 16:24:29'),('7315596f6b50f538af63435e1d069c6c','NjhjNDU4MTYyODRmYjc0OGI2ODhhZGI1ZDNmYzAyODRlOTEyNTJlODqAAn1xAShVEl9hdXRoX3Vz\nZXJfYmFja2VuZHECVSlkamFuZ28uY29udHJpYi5hdXRoLmJhY2tlbmRzLk1vZGVsQmFja2VuZHED\nVQ1fYXV0aF91c2VyX2lkcQSKATp1Lg==\n','2012-11-13 11:44:42'),('73232ac36c33fdbcad7786710143ff37','ZGQ0ZDI1YjMyMTE5YTdmODM0MTA1NzQ5ZWE0NjY4MjQ2NGYzODUxNTqAAn1xAVUKdGVzdGNvb2tp\nZXECVQZ3b3JrZWRxA3Mu\n','2012-11-20 17:43:40'),('743b471515ddcb5dff782e3fa7d0ce3d','ZGQ0ZDI1YjMyMTE5YTdmODM0MTA1NzQ5ZWE0NjY4MjQ2NGYzODUxNTqAAn1xAVUKdGVzdGNvb2tp\nZXECVQZ3b3JrZWRxA3Mu\n','2012-12-09 11:57:22'),('74474ff6131c7a2c01c73191d3d31eb8','NzlmZmMwOTk0ZTI3Y2E5ZGQ4NmE1ZDYyYmUzNDY3OGIyZjkwNWYxMzqAAn1xAShVEl9hdXRoX3Vz\nZXJfYmFja2VuZHECVSlkamFuZ28uY29udHJpYi5hdXRoLmJhY2tlbmRzLk1vZGVsQmFja2VuZHED\nVQ1fYXV0aF91c2VyX2lkcQSKATt1Lg==\n','2012-11-08 12:42:39'),('74b3393a8ba662025130d6c1918675e2','ZDQxYmMyM2NkZDRiZDM2MTljZDZjMzI2MTNhMmEyMGE0NTQ4YzM3ZDqAAn1xAShVEl9hdXRoX3Vz\nZXJfYmFja2VuZHECVSlkamFuZ28uY29udHJpYi5hdXRoLmJhY2tlbmRzLk1vZGVsQmFja2VuZHED\nVQ1fYXV0aF91c2VyX2lkcQSKAsQAdS4=\n','2013-02-22 20:52:51'),('74f30da77b078e89c92891408e2eea05','ZGQ0ZDI1YjMyMTE5YTdmODM0MTA1NzQ5ZWE0NjY4MjQ2NGYzODUxNTqAAn1xAVUKdGVzdGNvb2tp\nZXECVQZ3b3JrZWRxA3Mu\n','2013-09-08 08:12:43'),('750ac3b328ea4396ee45257a7eb839d7','ZGQ0ZDI1YjMyMTE5YTdmODM0MTA1NzQ5ZWE0NjY4MjQ2NGYzODUxNTqAAn1xAVUKdGVzdGNvb2tp\nZXECVQZ3b3JrZWRxA3Mu\n','2013-09-07 20:12:27'),('752bbbcff2c19ab87967f73685410117','OWUxZjM0NjI4MDM4YzI2ODRkNzNjMWJjZTZmODI4ZjJmNjIwZjA4MjqAAn1xAShVEl9hdXRoX3Vz\nZXJfYmFja2VuZHECVSlkamFuZ28uY29udHJpYi5hdXRoLmJhY2tlbmRzLk1vZGVsQmFja2VuZHED\nVQ1fYXV0aF91c2VyX2lkcQSKAWd1Lg==\n','2012-11-03 19:35:43'),('75f9081e92b30a294edd3387bdd439fe','MmI5MTNiMWViMzYyZjlkNDdhMTQ2MjBiZjViNWRkYTY4OWI1NTY4NTqAAn1xAShVEl9hdXRoX3Vz\nZXJfYmFja2VuZHECVSlkamFuZ28uY29udHJpYi5hdXRoLmJhY2tlbmRzLk1vZGVsQmFja2VuZHED\nVQ1fYXV0aF91c2VyX2lkcQSKAqoAdS4=\n','2012-11-23 10:43:43'),('7731704793049aed359a26e7f8c9775a','ZjkxMTY2YWNjMDkxYjdkMDJiODQ2OGNkNjg5N2M5NDdlZGU2NTI2MDqAAn1xAShVEl9hdXRoX3Vz\nZXJfYmFja2VuZHECVSlkamFuZ28uY29udHJpYi5hdXRoLmJhY2tlbmRzLk1vZGVsQmFja2VuZHED\nVQ1fYXV0aF91c2VyX2lkcQSKAo4AdS4=\n','2012-11-13 13:15:39'),('7792138bd940211e8c88557b0d8323bc','ZGQ0ZDI1YjMyMTE5YTdmODM0MTA1NzQ5ZWE0NjY4MjQ2NGYzODUxNTqAAn1xAVUKdGVzdGNvb2tp\nZXECVQZ3b3JrZWRxA3Mu\n','2013-09-06 21:12:43'),('78807513c61f4e37cf266d890b7a07b4','ZGQ0ZDI1YjMyMTE5YTdmODM0MTA1NzQ5ZWE0NjY4MjQ2NGYzODUxNTqAAn1xAVUKdGVzdGNvb2tp\nZXECVQZ3b3JrZWRxA3Mu\n','2012-11-14 18:27:25'),('78dccfc8ed63b6abefac0b03c906c254','ZGQ0ZDI1YjMyMTE5YTdmODM0MTA1NzQ5ZWE0NjY4MjQ2NGYzODUxNTqAAn1xAVUKdGVzdGNvb2tp\nZXECVQZ3b3JrZWRxA3Mu\n','2013-09-05 22:13:27'),('7951cd72b8ec725da7488b6e07ec214e','ZGQ0ZDI1YjMyMTE5YTdmODM0MTA1NzQ5ZWE0NjY4MjQ2NGYzODUxNTqAAn1xAVUKdGVzdGNvb2tp\nZXECVQZ3b3JrZWRxA3Mu\n','2013-09-07 15:11:58'),('7990dc0e90bbd8e0d06604d4bf8e1634','ZTA4MDhlY2YyMjBiNDRiMzZjOGE3YWJhM2UwZDkyY2Y4OGFmMzkzOTqAAn1xAShVEl9hdXRoX3Vz\nZXJfYmFja2VuZHECVSlkamFuZ28uY29udHJpYi5hdXRoLmJhY2tlbmRzLk1vZGVsQmFja2VuZHED\nVQ1fYXV0aF91c2VyX2lkcQSKAX51Lg==\n','2012-11-10 02:34:09'),('7a06c05f724be53033994481c14bab97','MDJhODM3NDRiMGU1MTMzZTRjZWY4MGE0OTNjOTM1YjFiN2Y1YmJjMjqAAn1xAShVEl9hdXRoX3Vz\nZXJfYmFja2VuZHECVSlkamFuZ28uY29udHJpYi5hdXRoLmJhY2tlbmRzLk1vZGVsQmFja2VuZHED\nVQ1fYXV0aF91c2VyX2lkcQSKAU91Lg==\n','2012-10-28 22:37:37'),('7b4c39c976d836010f6456f511f66e69','ZGQ0ZDI1YjMyMTE5YTdmODM0MTA1NzQ5ZWE0NjY4MjQ2NGYzODUxNTqAAn1xAVUKdGVzdGNvb2tp\nZXECVQZ3b3JrZWRxA3Mu\n','2012-10-30 20:32:45'),('7ba7af31cc74b52f5a9ff8fe04f47a1b','ZGQ0ZDI1YjMyMTE5YTdmODM0MTA1NzQ5ZWE0NjY4MjQ2NGYzODUxNTqAAn1xAVUKdGVzdGNvb2tp\nZXECVQZ3b3JrZWRxA3Mu\n','2012-10-26 00:30:20'),('7be42713eaf9b782621fe4c27c78e011','ZGQ0ZDI1YjMyMTE5YTdmODM0MTA1NzQ5ZWE0NjY4MjQ2NGYzODUxNTqAAn1xAVUKdGVzdGNvb2tp\nZXECVQZ3b3JrZWRxA3Mu\n','2012-09-29 02:58:26'),('7bf19ef7edaedd9c5aca8d6018bbedb8','ZGQ0ZDI1YjMyMTE5YTdmODM0MTA1NzQ5ZWE0NjY4MjQ2NGYzODUxNTqAAn1xAVUKdGVzdGNvb2tp\nZXECVQZ3b3JrZWRxA3Mu\n','2013-09-07 00:12:31'),('7e7490b5aa79151d5ee35a96ad361893','ZGQ0ZDI1YjMyMTE5YTdmODM0MTA1NzQ5ZWE0NjY4MjQ2NGYzODUxNTqAAn1xAVUKdGVzdGNvb2tp\nZXECVQZ3b3JrZWRxA3Mu\n','2012-10-24 00:01:31'),('7f50992eb850f27bc41e4922f1ef64e7','ZGQ0ZDI1YjMyMTE5YTdmODM0MTA1NzQ5ZWE0NjY4MjQ2NGYzODUxNTqAAn1xAVUKdGVzdGNvb2tp\nZXECVQZ3b3JrZWRxA3Mu\n','2012-11-24 14:09:11'),('8118ba590f71ab08ef75e7f43e3e0c62','ZGQ0ZDI1YjMyMTE5YTdmODM0MTA1NzQ5ZWE0NjY4MjQ2NGYzODUxNTqAAn1xAVUKdGVzdGNvb2tp\nZXECVQZ3b3JrZWRxA3Mu\n','2012-11-17 21:42:55'),('81699594748aa3be3c579d5be9199e5a','ZGQ0ZDI1YjMyMTE5YTdmODM0MTA1NzQ5ZWE0NjY4MjQ2NGYzODUxNTqAAn1xAVUKdGVzdGNvb2tp\nZXECVQZ3b3JrZWRxA3Mu\n','2013-09-06 02:15:32'),('81a980e7174f14a1a94d6dd2096b8742','MjRkZWQwNTFjMWQ3YjIzYWRiMjY5YWQzMWIyZDZkN2VkODA1YWY1NDqAAn1xAShVEl9hdXRoX3Vz\nZXJfYmFja2VuZHECVSlkamFuZ28uY29udHJpYi5hdXRoLmJhY2tlbmRzLk1vZGVsQmFja2VuZHED\nVQ1fYXV0aF91c2VyX2lkcQSKAt8AdS4=\n','2012-12-08 12:15:40'),('82b2786b909854a629428d12bf1bb071','ZGQ0ZDI1YjMyMTE5YTdmODM0MTA1NzQ5ZWE0NjY4MjQ2NGYzODUxNTqAAn1xAVUKdGVzdGNvb2tp\nZXECVQZ3b3JrZWRxA3Mu\n','2012-09-23 03:22:37'),('834ad775de2b04bb243ff2beeca6be48','ODM1MTBjNGZjZDQ5NjI5MTc3Yjg2OGQzYTM1OGU3ZDUxYjM2YTBjZTqAAn1xAShVEl9hdXRoX3Vz\nZXJfYmFja2VuZHECVSlkamFuZ28uY29udHJpYi5hdXRoLmJhY2tlbmRzLk1vZGVsQmFja2VuZHED\nVQ1fYXV0aF91c2VyX2lkcQSKAsMAdS4=\n','2012-11-22 21:33:34'),('836444d0ccf907f36449722f30b2dc15','ZjQ4YjhmMDViMDIyNTVlYTZjM2Y4NmE2OGE5OWM0NzZiMTkxZjA3NzqAAn1xAShVEl9hdXRoX3Vz\nZXJfYmFja2VuZHECVSlkamFuZ28uY29udHJpYi5hdXRoLmJhY2tlbmRzLk1vZGVsQmFja2VuZHED\nVQ1fYXV0aF91c2VyX2lkcQSKAU51Lg==\n','2012-10-28 22:13:21'),('838cdd15e812b935943d04809b4966bc','ZGQ0ZDI1YjMyMTE5YTdmODM0MTA1NzQ5ZWE0NjY4MjQ2NGYzODUxNTqAAn1xAVUKdGVzdGNvb2tp\nZXECVQZ3b3JrZWRxA3Mu\n','2013-09-08 09:12:15'),('839f35e439a49d8cf3290569fb90a14c','MDMwYTFiMjZlNjRhMGQ4NjMzMTkyMjQ0YTg1NDJlMTU3OWVjOGY5ODqAAn1xAShVEl9hdXRoX3Vz\nZXJfYmFja2VuZHECVSlkamFuZ28uY29udHJpYi5hdXRoLmJhY2tlbmRzLk1vZGVsQmFja2VuZHED\nVQ1fYXV0aF91c2VyX2lkcQSKApwAdS4=\n','2012-12-06 22:16:44'),('83c3858cefd9bf3af67a401265d89554','ZmZlZGYzMjkyZjdkM2VlNjhhNTRmZDkxOGY0ZDQwZWY0OWVjZTAzMzqAAn1xAShVEl9hdXRoX3Vz\nZXJfYmFja2VuZHECVSlkamFuZ28uY29udHJpYi5hdXRoLmJhY2tlbmRzLk1vZGVsQmFja2VuZHED\nVQ1fYXV0aF91c2VyX2lkcQSKAQF1Lg==\n','2012-11-11 18:28:10'),('83f0a75249c33c028a3918cfb00c5e2d','MjRkZWQwNTFjMWQ3YjIzYWRiMjY5YWQzMWIyZDZkN2VkODA1YWY1NDqAAn1xAShVEl9hdXRoX3Vz\nZXJfYmFja2VuZHECVSlkamFuZ28uY29udHJpYi5hdXRoLmJhY2tlbmRzLk1vZGVsQmFja2VuZHED\nVQ1fYXV0aF91c2VyX2lkcQSKAt8AdS4=\n','2012-12-02 00:06:04'),('842522b2532bf81d72829048f58c23d3','ZGQ0ZDI1YjMyMTE5YTdmODM0MTA1NzQ5ZWE0NjY4MjQ2NGYzODUxNTqAAn1xAVUKdGVzdGNvb2tp\nZXECVQZ3b3JrZWRxA3Mu\n','2013-01-15 14:11:18'),('846572c30db44dfb2bd4b9b9db0e6487','M2U4ODhhOGQ5MTAzYjIzYjc0N2QwNTQ3NmFiZTY4OWQxMGIyNDM5MDqAAn1xAShVBGNhcnRxAl1x\nA2NkamFuZ28uZGIubW9kZWxzLmJhc2UKbW9kZWxfdW5waWNrbGUKcQRjaW5zY3JpY2FvLm1vZGVs\ncwpDb25mcmF0ZXJuaXN0YQpxBV1jZGphbmdvLmRiLm1vZGVscy5iYXNlCnNpbXBsZV9jbGFzc19m\nYWN0b3J5CnEGh1JxB31xCChVB2FsZXJnaWFxCU5VD3Vzb19tZWRpY2FtZW50b3EKTlUbcGFyZW50\nZXNjb19jb250YXRvX3VyZ2VuY2lhcQtYAwAAAFRpYXEMVQ5kaWV0YV9lc3BlY2lhbHENTlUGX3N0\nYXRlcQ5jZGphbmdvLmRiLm1vZGVscy5iYXNlCk1vZGVsU3RhdGUKcQ8pgXEQfXERKFUGYWRkaW5n\ncRKJVQJkYnETVQdkZWZhdWx0cRR1YlUPZGF0YV9uYXNjaW1lbnRvcRVjZGF0ZXRpbWUKZGF0ZQpx\nFlUEB8kFBoVScRdVCnVzdWFyaW9faWRxGIoBIlUKYXV0b3JpemFkb3EZiFUManV2ZW50dWRlX2lk\ncRqKARRVAmlkcRuKAR1VGXRlbGVmb25lX2NvbnRhdG9fdXJnZW5jaWFxHFgOAAAAKDMxKSA4ODY0\nLTUyOTlxHVUadGVsZWZvbmUyX2NvbnRhdG9fdXJnZW5jaWFxHlgOAAAAKDM1KSA5MTUzLTM1MTBx\nH1UVdm9sdW50YXJpb19tYW51dGVuY2FvcSCIVRVhbm9faW5ncmVzc29fbW9jaWRhZGVxIYoC2QdV\nDnRhbWFuaG9fY2FtaXNhcSJYAQAAAFBVCHRlbGVmb25lcSNYDgAAACgzMSkgMzQ2Mi04OTk2cSRV\nEGNvbnRhdG9fdXJnZW5jaWFxJVgGAAAAVMOibmlhcSZVBmJhaXJyb3EnWA0AAABDYXJsb3MgUHJh\ndGVzcShVCmxvZ3JhZG91cm9xKVgDAAAAMTg2cSpVC25vbWVfY3JhY2hhcStYCQAAAEFuYSBDYXJs\nYXEsVQRzZXhvcS1YAQAAAEZVBmNpZGFkZXEuWA4AAABCZWxvIEhvcml6b250ZXEvVQppZGVudGlk\nYWRlcTBYCgAAAG1nMTc0MjYwOTFxMVUWcGFnYW1lbnRvX2luc2NyaWNhb19pZHEyTlUSY29tZWJo\nc19hbnRlcmlvcmVzcTNYAgAAADMwcTR1YmFVCmNhcnRfdG90YWxxNWNkZWNpbWFsCkRlY2ltYWwK\ncTZVBTQwLjAwhVJxN1UNX2F1dGhfdXNlcl9pZHE4igEiVRJfYXV0aF91c2VyX2JhY2tlbmRxOVUp\nZGphbmdvLmNvbnRyaWIuYXV0aC5iYWNrZW5kcy5Nb2RlbEJhY2tlbmRxOnUu\n','2012-11-01 14:14:39'),('84739d3999e514414149c0da5803f704','ZGQ0ZDI1YjMyMTE5YTdmODM0MTA1NzQ5ZWE0NjY4MjQ2NGYzODUxNTqAAn1xAVUKdGVzdGNvb2tp\nZXECVQZ3b3JrZWRxA3Mu\n','2013-09-06 00:16:28'),('8515f576a84322186cf448dc582d9d90','ODkyMjJkNzNmOWEzMzAxZGRmNTM2MzNiNTFlMDM3ZDU3OWQxYzA3ZjqAAn1xAShVCnRlc3Rjb29r\naWVxAlUGd29ya2VkcQNVDV9hdXRoX3VzZXJfaWRxBIoBYVUSX2F1dGhfdXNlcl9iYWNrZW5kcQVV\nKWRqYW5nby5jb250cmliLmF1dGguYmFja2VuZHMuTW9kZWxCYWNrZW5kcQZ1Lg==\n','2012-11-17 21:45:50'),('856ca80dbcaf3c799cef69bcbbde3ba7','ZmZiNWRhNDk4ZWY5YmI0MDlmMWUwYTczNjVhNjVjMDUwMmRjZjZiNDqAAn1xAShVEl9hdXRoX3Vz\nZXJfYmFja2VuZHECVSlkamFuZ28uY29udHJpYi5hdXRoLmJhY2tlbmRzLk1vZGVsQmFja2VuZHED\nVQ1fYXV0aF91c2VyX2lkcQSKAVN1Lg==\n','2012-11-06 12:37:51'),('85783a7a53d3c8a732a91ef1dba409fe','MTVlODkzYWVkZTg4YzY2MDU1MjA3MmJlYjg0MzdmOGMyZTU3ZWNmMTqAAn1xAShVEl9hdXRoX3Vz\nZXJfYmFja2VuZHECVSlkamFuZ28uY29udHJpYi5hdXRoLmJhY2tlbmRzLk1vZGVsQmFja2VuZHED\nVQ1fYXV0aF91c2VyX2lkcQSKAQJ1Lg==\n','2012-11-08 14:03:07'),('857fe3eee4db89b1b8a99748533211d5','ZGQ0ZDI1YjMyMTE5YTdmODM0MTA1NzQ5ZWE0NjY4MjQ2NGYzODUxNTqAAn1xAVUKdGVzdGNvb2tp\nZXECVQZ3b3JrZWRxA3Mu\n','2012-10-28 22:32:00'),('859c7581496911c6516c1d50756bfd6b','NTMzMzUxMjczYTVhZjg5ZDFjOTk3MmU4M2QzOTY3ZmQ0MDI5NzNjZTqAAn1xAShVEl9hdXRoX3Vz\nZXJfYmFja2VuZHECVSlkamFuZ28uY29udHJpYi5hdXRoLmJhY2tlbmRzLk1vZGVsQmFja2VuZHED\nVQpjYXJ0X3RvdGFscQRjZGVjaW1hbApEZWNpbWFsCnEFVQU0MC4wMIVScQZVDV9hdXRoX3VzZXJf\naWRxB4oBQlUEY2FydHEIXXEJY2RqYW5nby5kYi5tb2RlbHMuYmFzZQptb2RlbF91bnBpY2tsZQpx\nCmNpbnNjcmljYW8ubW9kZWxzCkNvbmZyYXRlcm5pc3RhCnELXWNkamFuZ28uZGIubW9kZWxzLmJh\nc2UKc2ltcGxlX2NsYXNzX2ZhY3RvcnkKcQyHUnENfXEOKFUHYWxlcmdpYXEPTlUPdXNvX21lZGlj\nYW1lbnRvcRBOVRtwYXJlbnRlc2NvX2NvbnRhdG9fdXJnZW5jaWFxEVgDAAAAVGlvcRJVDmRpZXRh\nX2VzcGVjaWFscRNOVQZfc3RhdGVxFGNkamFuZ28uZGIubW9kZWxzLmJhc2UKTW9kZWxTdGF0ZQpx\nFSmBcRZ9cRcoVQZhZGRpbmdxGIlVAmRicRlVB2RlZmF1bHRxGnViVQ9kYXRhX25hc2NpbWVudG9x\nG2NkYXRldGltZQpkYXRlCnEcVQQHxgMLhVJxHVUKdXN1YXJpb19pZHEeigFDVQphdXRvcml6YWRv\ncR+IVQxqdXZlbnR1ZGVfaWRxIIoBD1UCaWRxIYoBN1UZdGVsZWZvbmVfY29udGF0b191cmdlbmNp\nYXEiWA4AAAAoMzEpIDM0MjgtODUzNHEjVRp0ZWxlZm9uZTJfY29udGF0b191cmdlbmNpYXEkWA4A\nAAAoMzEpIDkzMTUtMTU1NnElVRV2b2x1bnRhcmlvX21hbnV0ZW5jYW9xJohVFWFub19pbmdyZXNz\nb19tb2NpZGFkZXEnigLbB1UOdGFtYW5ob19jYW1pc2FxKFgBAAAATVUIdGVsZWZvbmVxKVgOAAAA\nKDMxKSA5MTU1LTE4MTVxKlUQY29udGF0b191cmdlbmNpYXErWA4AAABEYXdzb24gRnJhbsOnYXEs\nVQZiYWlycm9xLVgJAAAAYXBhcmVjaWRhcS5VCmxvZ3JhZG91cm9xL1gZAAAAcHJvZmVzc29yIG1p\nbHRvbiBsYWdlLDg3NXEwVQtub21lX2NyYWNoYXExWAgAAABJU0FCRUxMRXEyVQRzZXhvcTNYAQAA\nAEZVBmNpZGFkZXE0WA4AAABCZWxvIEhvcml6b250ZXE1VQppZGVudGlkYWRlcTZYCgAAAE1HMTYw\nNDQyNzRxN1UWcGFnYW1lbnRvX2luc2NyaWNhb19pZHE4TlUSY29tZWJoc19hbnRlcmlvcmVzcTlO\ndWJhdS4=\n','2012-10-26 04:23:07'),('85bb0e8c86ca34fa4e75365aca6c6030','YWEyNGZhMzQ0ZGYxNWQ0ZTE0ODAxMWFmNWU4MzdlNDI1YmVhZDJkZjqAAn1xAShVEl9hdXRoX3Vz\nZXJfYmFja2VuZHECVSlkamFuZ28uY29udHJpYi5hdXRoLmJhY2tlbmRzLk1vZGVsQmFja2VuZHED\nVQ1fYXV0aF91c2VyX2lkcQSKASp1Lg==\n','2012-11-24 22:21:55'),('85ff751ff479e3a47b4c161667020f8e','ZGQ0ZDI1YjMyMTE5YTdmODM0MTA1NzQ5ZWE0NjY4MjQ2NGYzODUxNTqAAn1xAVUKdGVzdGNvb2tp\nZXECVQZ3b3JrZWRxA3Mu\n','2012-10-24 21:34:14'),('860c15ad97c6b0ae5b026bfaf2212da7','NWY5N2I4ODY3YjhhOWM4NDZlNzY3MGRkMzU2NGIzM2ZhY2JiYWY2YzqAAn1xAShVCnRlc3Rjb29r\naWVxAlUGd29ya2VkcQNVDV9hdXRoX3VzZXJfaWRxBIoBUFUSX2F1dGhfdXNlcl9iYWNrZW5kcQVV\nKWRqYW5nby5jb250cmliLmF1dGguYmFja2VuZHMuTW9kZWxCYWNrZW5kcQZ1Lg==\n','2012-10-28 23:38:18'),('87ad266e04e80ce609327a6bfb0c587e','ZGQ0ZDI1YjMyMTE5YTdmODM0MTA1NzQ5ZWE0NjY4MjQ2NGYzODUxNTqAAn1xAVUKdGVzdGNvb2tp\nZXECVQZ3b3JrZWRxA3Mu\n','2013-09-07 17:12:04'),('87b9ed14a0b0b7a34273b86f7e28ae0f','ZGQ0ZDI1YjMyMTE5YTdmODM0MTA1NzQ5ZWE0NjY4MjQ2NGYzODUxNTqAAn1xAVUKdGVzdGNvb2tp\nZXECVQZ3b3JrZWRxA3Mu\n','2013-09-08 08:12:44'),('87d4526d8bf2687c96f4d5a8b487ad20','ZGQ0ZDI1YjMyMTE5YTdmODM0MTA1NzQ5ZWE0NjY4MjQ2NGYzODUxNTqAAn1xAVUKdGVzdGNvb2tp\nZXECVQZ3b3JrZWRxA3Mu\n','2012-11-09 09:36:36'),('880513417ae0b632193a61908bd3648d','M2RkYjQwMGM3ZDZhNzMyNDlkZDlhMzNlNmFkZTcwMGVkNDlhZGQwYjqAAn1xAShVEl9hdXRoX3Vz\nZXJfYmFja2VuZHECVSlkamFuZ28uY29udHJpYi5hdXRoLmJhY2tlbmRzLk1vZGVsQmFja2VuZHED\nVQ1fYXV0aF91c2VyX2lkcQSKAswAdS4=\n','2012-11-23 20:30:41'),('894fc4069e35a4bb26d1f6e9841a7939','ZGQ0ZDI1YjMyMTE5YTdmODM0MTA1NzQ5ZWE0NjY4MjQ2NGYzODUxNTqAAn1xAVUKdGVzdGNvb2tp\nZXECVQZ3b3JrZWRxA3Mu\n','2013-09-07 21:13:41'),('897900063c834334dcd5853bcb99fd9a','MDYxYWUyM2U0OTc4M2UyMjRhY2FiYzllY2EyN2M4MDBmZDNhZWE0ZjqAAn1xAShVEl9hdXRoX3Vz\nZXJfYmFja2VuZHECVSlkamFuZ28uY29udHJpYi5hdXRoLmJhY2tlbmRzLk1vZGVsQmFja2VuZHED\nVQ1fYXV0aF91c2VyX2lkcQSKAqUAdS4=\n','2012-12-13 23:33:47'),('89a61b6e507c21c37ae7544f73c34699','NDEzNjY0NjllZmMyMjcwZTdhZDMxMzFiN2Y1MTc2ZWIyNzYxMDFjYzqAAn1xAShVEl9hdXRoX3Vz\nZXJfYmFja2VuZHECVSlkamFuZ28uY29udHJpYi5hdXRoLmJhY2tlbmRzLk1vZGVsQmFja2VuZHED\nVQ1fYXV0aF91c2VyX2lkcQSKATd1Lg==\n','2012-10-24 02:40:55'),('89d37bdebd40b396a775c9e1ea9b2632','ZGQ0ZDI1YjMyMTE5YTdmODM0MTA1NzQ5ZWE0NjY4MjQ2NGYzODUxNTqAAn1xAVUKdGVzdGNvb2tp\nZXECVQZ3b3JrZWRxA3Mu\n','2013-02-17 20:18:00'),('8a1027d96ea3f45468b5ccf78afe4be9','ZGQ0ZDI1YjMyMTE5YTdmODM0MTA1NzQ5ZWE0NjY4MjQ2NGYzODUxNTqAAn1xAVUKdGVzdGNvb2tp\nZXECVQZ3b3JrZWRxA3Mu\n','2012-12-04 19:34:23'),('8a319f49d99600b2bbe9233f685d3331','ZGQ0ZDI1YjMyMTE5YTdmODM0MTA1NzQ5ZWE0NjY4MjQ2NGYzODUxNTqAAn1xAVUKdGVzdGNvb2tp\nZXECVQZ3b3JrZWRxA3Mu\n','2012-10-29 17:11:19'),('8a696cca2f0bb44a00c4e66bf301dd38','ZGQ0ZDI1YjMyMTE5YTdmODM0MTA1NzQ5ZWE0NjY4MjQ2NGYzODUxNTqAAn1xAVUKdGVzdGNvb2tp\nZXECVQZ3b3JrZWRxA3Mu\n','2012-11-25 15:26:41'),('8ad1588231658ab11e7e2cebe57e669c','ZGQ0ZDI1YjMyMTE5YTdmODM0MTA1NzQ5ZWE0NjY4MjQ2NGYzODUxNTqAAn1xAVUKdGVzdGNvb2tp\nZXECVQZ3b3JrZWRxA3Mu\n','2012-11-20 23:15:33'),('8bb061218633e3f8d896195d75fb7fba','MGY3ZDUxYTNmYzJiNmUzMTEyYzViYWQ4MWQ1MDdiNDcwZDYxMGU2ZjqAAn1xAShVEl9hdXRoX3Vz\nZXJfYmFja2VuZHECVSlkamFuZ28uY29udHJpYi5hdXRoLmJhY2tlbmRzLk1vZGVsQmFja2VuZHED\nVQ1fYXV0aF91c2VyX2lkcQSKAXl1Lg==\n','2012-11-09 01:12:35'),('8c65671baa24e2937c9cd7173afd9063','ZWJiMjM0ODU4ZTQzY2Y2NTkzODQ2OGQwZmY5OWU0ZmZmYjdhMDllMjqAAn1xAShVEl9hdXRoX3Vz\nZXJfYmFja2VuZHECVSlkamFuZ28uY29udHJpYi5hdXRoLmJhY2tlbmRzLk1vZGVsQmFja2VuZHED\nVQ1fYXV0aF91c2VyX2lkcQSKAW91Lg==\n','2012-11-23 13:31:30'),('8cc24248adc5b9e276b2c346a307582b','YWU1ZjViZTQ4ZjZjOTRkZWEwNDRmNzY2YmNjNTkwZWQ2NDQ2MzhmNTqAAn1xAShVEl9hdXRoX3Vz\nZXJfYmFja2VuZHECVSlkamFuZ28uY29udHJpYi5hdXRoLmJhY2tlbmRzLk1vZGVsQmFja2VuZHED\nVQ1fYXV0aF91c2VyX2lkcQSKAssAdS4=\n','2012-11-23 20:23:02'),('8cdd5d8fd1491726421a031077f5843d','MzkwYWU3ZjVjZGFhZTU0ZDMxZmRkNjVjMmFiMDBlMTZmNTQyMGEwMzqAAn1xAShVDV9hdXRoX3Vz\nZXJfaWRxAooCsQBVEl9hdXRoX3VzZXJfYmFja2VuZHEDVSlkamFuZ28uY29udHJpYi5hdXRoLmJh\nY2tlbmRzLk1vZGVsQmFja2VuZHEEdS4=\n','2012-12-02 20:18:46'),('8da563207c6b1020d4abe4319dafc0ca','NjMwOTZiZDcwOWRmYTJiNDc2NWQzOWVlMWU3NTAxNmZkZWU5ZGRhYTqAAn1xAShVEl9hdXRoX3Vz\nZXJfYmFja2VuZHECVSlkamFuZ28uY29udHJpYi5hdXRoLmJhY2tlbmRzLk1vZGVsQmFja2VuZHED\nVQ1fYXV0aF91c2VyX2lkcQSKAoYAdS4=\n','2013-01-26 12:11:42'),('8dca9db03e74002d497c5b4b5203d49c','ZGQ0ZDI1YjMyMTE5YTdmODM0MTA1NzQ5ZWE0NjY4MjQ2NGYzODUxNTqAAn1xAVUKdGVzdGNvb2tp\nZXECVQZ3b3JrZWRxA3Mu\n','2013-09-04 07:12:50'),('8eca5fbcc921598598abcb6d004624bc','MzMxOGQ4MjMxODYwMjczNThlNjkwODljMzljZmZjMDg5MzRjMTg0NTqAAn1xAShVEl9hdXRoX3Vz\nZXJfYmFja2VuZHECVSlkamFuZ28uY29udHJpYi5hdXRoLmJhY2tlbmRzLk1vZGVsQmFja2VuZHED\nVQ1fYXV0aF91c2VyX2lkcQSKAq4AdS4=\n','2012-11-18 21:52:13'),('8f09bd6d6e1f7b489fd73f61d0189762','ZGQ0ZDI1YjMyMTE5YTdmODM0MTA1NzQ5ZWE0NjY4MjQ2NGYzODUxNTqAAn1xAVUKdGVzdGNvb2tp\nZXECVQZ3b3JrZWRxA3Mu\n','2012-11-23 16:08:51'),('8fff5d25c26d0612448d6295e61ab893','ZGQ0ZDI1YjMyMTE5YTdmODM0MTA1NzQ5ZWE0NjY4MjQ2NGYzODUxNTqAAn1xAVUKdGVzdGNvb2tp\nZXECVQZ3b3JrZWRxA3Mu\n','2012-11-16 11:55:00'),('904b0b6b681e50b490f9243449be46b0','ZGRjYjcwMjcxMzM4YmEzNzRhYTgzNDA5MGJhM2JhYTczYjkyYTg2NzqAAn1xAShVEl9hdXRoX3Vz\nZXJfYmFja2VuZHECVSlkamFuZ28uY29udHJpYi5hdXRoLmJhY2tlbmRzLk1vZGVsQmFja2VuZHED\nVQ1fYXV0aF91c2VyX2lkcQSKAtQAdS4=\n','2012-11-25 18:33:16'),('90a4409a6637350254d80b59a2b5aa1e','ZmZiNWRhNDk4ZWY5YmI0MDlmMWUwYTczNjVhNjVjMDUwMmRjZjZiNDqAAn1xAShVEl9hdXRoX3Vz\nZXJfYmFja2VuZHECVSlkamFuZ28uY29udHJpYi5hdXRoLmJhY2tlbmRzLk1vZGVsQmFja2VuZHED\nVQ1fYXV0aF91c2VyX2lkcQSKAVN1Lg==\n','2013-02-22 14:08:51'),('90b4f54adc6aaf8726102a8911d411af','ZGQ0ZDI1YjMyMTE5YTdmODM0MTA1NzQ5ZWE0NjY4MjQ2NGYzODUxNTqAAn1xAVUKdGVzdGNvb2tp\nZXECVQZ3b3JrZWRxA3Mu\n','2012-11-18 19:05:37'),('90b6b83c0106b37e6032d98fe9cae08d','NTNhYzU5YWMwMDg2MDQ2MjY4MmUwNjdjZjI3ZDBmY2VlMzAzNzcyODqAAn1xAShVEl9hdXRoX3Vz\nZXJfYmFja2VuZHECVSlkamFuZ28uY29udHJpYi5hdXRoLmJhY2tlbmRzLk1vZGVsQmFja2VuZHED\nVQ1fYXV0aF91c2VyX2lkcQSKAtkAdS4=\n','2012-11-30 19:42:44'),('916acd9764ff4bf44958de40ba404c6d','YTc3M2ZhYmM2YzgxNjcyNDljNGJlNzRkOTlkM2FjNTkwNDFmMzQ5NDqAAn1xAShVCnRlc3Rjb29r\naWVxAlUGd29ya2VkcQNVEl9hdXRoX3VzZXJfYmFja2VuZHEEVSlkamFuZ28uY29udHJpYi5hdXRo\nLmJhY2tlbmRzLk1vZGVsQmFja2VuZHEFVQ1fYXV0aF91c2VyX2lkcQaKAQl1Lg==\n','2012-10-05 14:36:02'),('918cd17db2d81f43dfa7d0f07fd1e303','ZGQ0ZDI1YjMyMTE5YTdmODM0MTA1NzQ5ZWE0NjY4MjQ2NGYzODUxNTqAAn1xAVUKdGVzdGNvb2tp\nZXECVQZ3b3JrZWRxA3Mu\n','2013-09-05 18:17:32'),('91c56674135e566a9e5bf90d65d05ed1','ZGQ0ZDI1YjMyMTE5YTdmODM0MTA1NzQ5ZWE0NjY4MjQ2NGYzODUxNTqAAn1xAVUKdGVzdGNvb2tp\nZXECVQZ3b3JrZWRxA3Mu\n','2013-09-04 08:13:26'),('92034295c6a29d6e70c849d5f6805c1a','ZGQ0ZDI1YjMyMTE5YTdmODM0MTA1NzQ5ZWE0NjY4MjQ2NGYzODUxNTqAAn1xAVUKdGVzdGNvb2tp\nZXECVQZ3b3JrZWRxA3Mu\n','2013-09-04 09:13:35'),('92aa556c2855c33bb18d9a9a869abc21','ZGQ0ZDI1YjMyMTE5YTdmODM0MTA1NzQ5ZWE0NjY4MjQ2NGYzODUxNTqAAn1xAVUKdGVzdGNvb2tp\nZXECVQZ3b3JrZWRxA3Mu\n','2012-12-08 00:11:45'),('92bce59fb01431576d345e22deb46b85','ZGQ0ZDI1YjMyMTE5YTdmODM0MTA1NzQ5ZWE0NjY4MjQ2NGYzODUxNTqAAn1xAVUKdGVzdGNvb2tp\nZXECVQZ3b3JrZWRxA3Mu\n','2013-09-07 13:12:17'),('9471c089a14a06f9fa6555d0476cd1c3','ZDVjNWRlMDA2NDQzNDI4N2E3MjczOWJlOWIyMDhiODU5NTNjZWNhZDqAAn1xAShVEl9hdXRoX3Vz\nZXJfYmFja2VuZHECVSlkamFuZ28uY29udHJpYi5hdXRoLmJhY2tlbmRzLk1vZGVsQmFja2VuZHED\nVQ1fYXV0aF91c2VyX2lkcQSKAS51Lg==\n','2012-11-19 23:24:28'),('94a7c5a6e27943c65e5d244cfddbc580','M2MxZDM2MjIzZmMyNzk1ZGY2ZGZhYmJhM2EwNGJhMWM2Nzc5N2RjYzqAAn1xAShVEl9hdXRoX3Vz\nZXJfYmFja2VuZHECVSlkamFuZ28uY29udHJpYi5hdXRoLmJhY2tlbmRzLk1vZGVsQmFja2VuZHED\nVQ1fYXV0aF91c2VyX2lkcQSKAWN1Lg==\n','2012-11-19 20:07:44'),('96e85151737dc0a16e7f6088a91c0ae5','MmI5MTNiMWViMzYyZjlkNDdhMTQ2MjBiZjViNWRkYTY4OWI1NTY4NTqAAn1xAShVEl9hdXRoX3Vz\nZXJfYmFja2VuZHECVSlkamFuZ28uY29udHJpYi5hdXRoLmJhY2tlbmRzLk1vZGVsQmFja2VuZHED\nVQ1fYXV0aF91c2VyX2lkcQSKAqoAdS4=\n','2012-11-23 18:07:53'),('98283b9beb7cafbcd43c042b569a39b8','ZGQ0ZDI1YjMyMTE5YTdmODM0MTA1NzQ5ZWE0NjY4MjQ2NGYzODUxNTqAAn1xAVUKdGVzdGNvb2tp\nZXECVQZ3b3JrZWRxA3Mu\n','2012-11-06 14:32:51'),('988097dfb2e04f51d89eb7300ce147f5','ZGQ0ZDI1YjMyMTE5YTdmODM0MTA1NzQ5ZWE0NjY4MjQ2NGYzODUxNTqAAn1xAVUKdGVzdGNvb2tp\nZXECVQZ3b3JrZWRxA3Mu\n','2013-01-14 01:33:45'),('98be7b020604635f6187c2e75605a88a','NTgxNGUyOTBkMDM0N2NhZjU4YWE1MDZiYzEyYWM1OWNkNmU3YjNjNjqAAn1xAShVEl9hdXRoX3Vz\nZXJfYmFja2VuZHECVSlkamFuZ28uY29udHJpYi5hdXRoLmJhY2tlbmRzLk1vZGVsQmFja2VuZHED\nVQ1fYXV0aF91c2VyX2lkcQSKAUB1Lg==\n','2012-12-01 02:15:47'),('98c189978c05ebb4feec40e77fcd98ab','ZGQ0ZDI1YjMyMTE5YTdmODM0MTA1NzQ5ZWE0NjY4MjQ2NGYzODUxNTqAAn1xAVUKdGVzdGNvb2tp\nZXECVQZ3b3JrZWRxA3Mu\n','2013-09-06 22:13:32'),('9a067bf89b2c78e8dc9536096fc58194','ZGQ0ZDI1YjMyMTE5YTdmODM0MTA1NzQ5ZWE0NjY4MjQ2NGYzODUxNTqAAn1xAVUKdGVzdGNvb2tp\nZXECVQZ3b3JrZWRxA3Mu\n','2012-11-12 20:56:18'),('9abaac1ef34ab0469a6b398c9c6515d6','NTM5YjQyODAyMzcyODRmYzlkZGQ5NTc2Yzk5YjY3MWMxZDkxMDNjNTqAAn1xAShVEl9hdXRoX3Vz\nZXJfYmFja2VuZHECVSlkamFuZ28uY29udHJpYi5hdXRoLmJhY2tlbmRzLk1vZGVsQmFja2VuZHED\nVQ1fYXV0aF91c2VyX2lkcQSKAUF1Lg==\n','2012-12-02 20:42:52'),('9bbef55718cce46e293f5102579186e0','ZGQ0ZDI1YjMyMTE5YTdmODM0MTA1NzQ5ZWE0NjY4MjQ2NGYzODUxNTqAAn1xAVUKdGVzdGNvb2tp\nZXECVQZ3b3JrZWRxA3Mu\n','2012-11-06 13:00:05'),('9c4269313eec8a6f31ce02718ae0bf88','ZGQ0ZDI1YjMyMTE5YTdmODM0MTA1NzQ5ZWE0NjY4MjQ2NGYzODUxNTqAAn1xAVUKdGVzdGNvb2tp\nZXECVQZ3b3JrZWRxA3Mu\n','2013-09-07 10:13:04'),('9c5b7daa47fe1c4e0218a2936ed5ac77','ZGQ0ZDI1YjMyMTE5YTdmODM0MTA1NzQ5ZWE0NjY4MjQ2NGYzODUxNTqAAn1xAVUKdGVzdGNvb2tp\nZXECVQZ3b3JrZWRxA3Mu\n','2013-09-06 05:16:14'),('9cd93d583ebba07654879e7a42a7f590','ZGQ0ZDI1YjMyMTE5YTdmODM0MTA1NzQ5ZWE0NjY4MjQ2NGYzODUxNTqAAn1xAVUKdGVzdGNvb2tp\nZXECVQZ3b3JrZWRxA3Mu\n','2013-09-06 08:15:43'),('9d93bb9f50595a5bb39a3eb0b757a7e8','ZGQ0ZDI1YjMyMTE5YTdmODM0MTA1NzQ5ZWE0NjY4MjQ2NGYzODUxNTqAAn1xAVUKdGVzdGNvb2tp\nZXECVQZ3b3JrZWRxA3Mu\n','2012-11-20 23:13:53'),('9ddce6f5486923ff58316583084ea627','ZGQ0ZDI1YjMyMTE5YTdmODM0MTA1NzQ5ZWE0NjY4MjQ2NGYzODUxNTqAAn1xAVUKdGVzdGNvb2tp\nZXECVQZ3b3JrZWRxA3Mu\n','2013-09-04 04:22:03'),('9e63493360b3c0a8677704d1fd027d1c','ZGQ0ZDI1YjMyMTE5YTdmODM0MTA1NzQ5ZWE0NjY4MjQ2NGYzODUxNTqAAn1xAVUKdGVzdGNvb2tp\nZXECVQZ3b3JrZWRxA3Mu\n','2012-11-11 18:42:49'),('9e8883fb096a5da171124bae313803dd','ZGQ0ZDI1YjMyMTE5YTdmODM0MTA1NzQ5ZWE0NjY4MjQ2NGYzODUxNTqAAn1xAVUKdGVzdGNvb2tp\nZXECVQZ3b3JrZWRxA3Mu\n','2012-12-31 15:11:39'),('9e93a604470a28c8417918b61e3492c6','NjMwOTZiZDcwOWRmYTJiNDc2NWQzOWVlMWU3NTAxNmZkZWU5ZGRhYTqAAn1xAShVEl9hdXRoX3Vz\nZXJfYmFja2VuZHECVSlkamFuZ28uY29udHJpYi5hdXRoLmJhY2tlbmRzLk1vZGVsQmFja2VuZHED\nVQ1fYXV0aF91c2VyX2lkcQSKAoYAdS4=\n','2012-11-11 19:19:42'),('9eada512c7fe4274b31a2651b11ef5fe','ZmZiNWRhNDk4ZWY5YmI0MDlmMWUwYTczNjVhNjVjMDUwMmRjZjZiNDqAAn1xAShVEl9hdXRoX3Vz\nZXJfYmFja2VuZHECVSlkamFuZ28uY29udHJpYi5hdXRoLmJhY2tlbmRzLk1vZGVsQmFja2VuZHED\nVQ1fYXV0aF91c2VyX2lkcQSKAVN1Lg==\n','2012-11-28 16:40:20'),('9eadf79f9ae0e95eafe19953cf41d27c','OTBlNzM5MTdmYTBhYzZlOGMwNGFiNGY4Y2ViYzg2ZWEwZDA3NzM4ZjqAAn1xAShVDV9hdXRoX3Vz\nZXJfaWRxAooBKlUSX2F1dGhfdXNlcl9iYWNrZW5kcQNVKWRqYW5nby5jb250cmliLmF1dGguYmFj\na2VuZHMuTW9kZWxCYWNrZW5kcQR1Lg==\n','2012-12-13 12:21:25'),('9fb482c16fbfd94507cf9923afbf3878','ZGQ0ZDI1YjMyMTE5YTdmODM0MTA1NzQ5ZWE0NjY4MjQ2NGYzODUxNTqAAn1xAVUKdGVzdGNvb2tp\nZXECVQZ3b3JrZWRxA3Mu\n','2013-09-07 11:13:39'),('a027eaf24e025b927a4b858f36df0e94','ZGQ0ZDI1YjMyMTE5YTdmODM0MTA1NzQ5ZWE0NjY4MjQ2NGYzODUxNTqAAn1xAVUKdGVzdGNvb2tp\nZXECVQZ3b3JrZWRxA3Mu\n','2013-09-06 19:13:55'),('a077dc7ae6188c0bcc9f7ad35611a8c0','ZGQ0ZDI1YjMyMTE5YTdmODM0MTA1NzQ5ZWE0NjY4MjQ2NGYzODUxNTqAAn1xAVUKdGVzdGNvb2tp\nZXECVQZ3b3JrZWRxA3Mu\n','2012-12-02 02:56:36'),('a0dbf6aa1075212110b39e1b68c600f0','ZGQ0ZDI1YjMyMTE5YTdmODM0MTA1NzQ5ZWE0NjY4MjQ2NGYzODUxNTqAAn1xAVUKdGVzdGNvb2tp\nZXECVQZ3b3JrZWRxA3Mu\n','2012-11-24 20:57:29'),('a11697f4dbc5b740c4bbcf1a87d2c3ab','ZGQ0ZDI1YjMyMTE5YTdmODM0MTA1NzQ5ZWE0NjY4MjQ2NGYzODUxNTqAAn1xAVUKdGVzdGNvb2tp\nZXECVQZ3b3JrZWRxA3Mu\n','2013-09-07 14:13:27'),('a1b3b8b92827fe54c44d1a54899537ad','M2MxZDM2MjIzZmMyNzk1ZGY2ZGZhYmJhM2EwNGJhMWM2Nzc5N2RjYzqAAn1xAShVEl9hdXRoX3Vz\nZXJfYmFja2VuZHECVSlkamFuZ28uY29udHJpYi5hdXRoLmJhY2tlbmRzLk1vZGVsQmFja2VuZHED\nVQ1fYXV0aF91c2VyX2lkcQSKAWN1Lg==\n','2012-10-31 22:17:05'),('a1c2ef390fec0c8598352589b1465005','ZGQ0ZDI1YjMyMTE5YTdmODM0MTA1NzQ5ZWE0NjY4MjQ2NGYzODUxNTqAAn1xAVUKdGVzdGNvb2tp\nZXECVQZ3b3JrZWRxA3Mu\n','2013-09-04 14:14:54'),('a1db801f6882b7c5173dfa0bd765df4c','NTM5YjQyODAyMzcyODRmYzlkZGQ5NTc2Yzk5YjY3MWMxZDkxMDNjNTqAAn1xAShVEl9hdXRoX3Vz\nZXJfYmFja2VuZHECVSlkamFuZ28uY29udHJpYi5hdXRoLmJhY2tlbmRzLk1vZGVsQmFja2VuZHED\nVQ1fYXV0aF91c2VyX2lkcQSKAUF1Lg==\n','2012-11-27 11:53:22'),('a24d7912a8b2105abc7e5fb3d5ae61b5','ZGQ0ZDI1YjMyMTE5YTdmODM0MTA1NzQ5ZWE0NjY4MjQ2NGYzODUxNTqAAn1xAVUKdGVzdGNvb2tp\nZXECVQZ3b3JrZWRxA3Mu\n','2013-09-06 04:12:55'),('a3dbf031d6436e79d3f59608b8df855d','ZWVkNWU5ODc4M2FkZGNlYjhlZTJjMTAwMDc0Mjk5MmQ0ZjFjNGNjYjqAAn1xAShVBGNhcnRxAl1x\nA2NkamFuZ28uZGIubW9kZWxzLmJhc2UKbW9kZWxfdW5waWNrbGUKcQRjaW5zY3JpY2FvLm1vZGVs\ncwpDb25mcmF0ZXJuaXN0YQpxBV1jZGphbmdvLmRiLm1vZGVscy5iYXNlCnNpbXBsZV9jbGFzc19m\nYWN0b3J5CnEGh1JxB31xCChVB2FsZXJnaWFxCU5VD3Vzb19tZWRpY2FtZW50b3EKTlUbcGFyZW50\nZXNjb19jb250YXRvX3VyZ2VuY2lhcQtYAwAAAFRpb3EMVQ5kaWV0YV9lc3BlY2lhbHENTlUGX3N0\nYXRlcQ5jZGphbmdvLmRiLm1vZGVscy5iYXNlCk1vZGVsU3RhdGUKcQ8pgXEQfXERKFUGYWRkaW5n\ncRKJVQJkYnETVQdkZWZhdWx0cRR1YlUPZGF0YV9uYXNjaW1lbnRvcRVjZGF0ZXRpbWUKZGF0ZQpx\nFlUEB8gFAoVScRdVCnVzdWFyaW9faWRxGIoCxgBVCmF1dG9yaXphZG9xGYhVDGp1dmVudHVkZV9p\nZHEaigEQVQJpZHEbigK0AFUZdGVsZWZvbmVfY29udGF0b191cmdlbmNpYXEcWA4AAAAoMzEpIDM4\nNzktNTY5NnEdVRp0ZWxlZm9uZTJfY29udGF0b191cmdlbmNpYXEeWA4AAAAoMzEpIDkyMjQtNjAw\nNnEfVRV2b2x1bnRhcmlvX21hbnV0ZW5jYW9xIIhVFWFub19pbmdyZXNzb19tb2NpZGFkZXEhigLT\nB1UOdGFtYW5ob19jYW1pc2FxIlgBAAAAR1UIdGVsZWZvbmVxI1gOAAAAKDMxKSA5MjE2LTIyNzhx\nJFUQY29udGF0b191cmdlbmNpYXElWAYAAABWaWxtYXJxJlUGYmFpcnJvcSdYDwAAAFNhbnRhIFRl\ncmV6aW5oYXEoVQpsb2dyYWRvdXJvcSlYMwAAAFJ1YSBKdWxpdGEgTm9ndWVpcmEgU29hcmVzLCBu\nwrogNjQxLCBCbC4gMDMsQXAuIDEwNHEqVQtub21lX2NyYWNoYXErWA0AAABMdcOtcyBWaWxhw6dh\ncSxVBHNleG9xLVgBAAAATVUGY2lkYWRlcS5YDgAAAEJlbG8gSG9yaXpvbnRlcS9VCmlkZW50aWRh\nZGVxMFgKAAAAbWcxNTkzMTc1NHExVRZwYWdhbWVudG9faW5zY3JpY2FvX2lkcTJOVRJjb21lYmhz\nX2FudGVyaW9yZXNxM1gLAAAAMjcsMjgsMjksMzBxNHViYVUKY2FydF90b3RhbHE1Y2RlY2ltYWwK\nRGVjaW1hbApxNlUFNDAuMDCFUnE3VQ1fYXV0aF91c2VyX2lkcTiKASpVEl9hdXRoX3VzZXJfYmFj\na2VuZHE5VSlkamFuZ28uY29udHJpYi5hdXRoLmJhY2tlbmRzLk1vZGVsQmFja2VuZHE6dS4=\n','2012-11-24 14:24:52'),('a3e66126b8cef2701fd3f633fb96f976','ZGQ0ZDI1YjMyMTE5YTdmODM0MTA1NzQ5ZWE0NjY4MjQ2NGYzODUxNTqAAn1xAVUKdGVzdGNvb2tp\nZXECVQZ3b3JrZWRxA3Mu\n','2012-11-24 14:33:00'),('a426ec1d07a3f19647914c0fd0626ddd','ZDQxYmMyM2NkZDRiZDM2MTljZDZjMzI2MTNhMmEyMGE0NTQ4YzM3ZDqAAn1xAShVEl9hdXRoX3Vz\nZXJfYmFja2VuZHECVSlkamFuZ28uY29udHJpYi5hdXRoLmJhY2tlbmRzLk1vZGVsQmFja2VuZHED\nVQ1fYXV0aF91c2VyX2lkcQSKAsQAdS4=\n','2012-11-26 00:48:35'),('a4bdafc9054967f37f6ed80b1848bc52','ZGQ0ZDI1YjMyMTE5YTdmODM0MTA1NzQ5ZWE0NjY4MjQ2NGYzODUxNTqAAn1xAVUKdGVzdGNvb2tp\nZXECVQZ3b3JrZWRxA3Mu\n','2013-09-07 12:12:05'),('a57e8fc07d03768d9a5e85fce17dadad','ZGQ0ZDI1YjMyMTE5YTdmODM0MTA1NzQ5ZWE0NjY4MjQ2NGYzODUxNTqAAn1xAVUKdGVzdGNvb2tp\nZXECVQZ3b3JrZWRxA3Mu\n','2013-09-07 13:12:19'),('a5a6400f03bf26fef6382695e44f9900','YmFkNWYwNjJjNzhhMjQ0ZGRjODVmZTYyYjQzMmVhYTEyNDhiZGZkYTqAAn1xAShVEl9hdXRoX3Vz\nZXJfYmFja2VuZHECVSlkamFuZ28uY29udHJpYi5hdXRoLmJhY2tlbmRzLk1vZGVsQmFja2VuZHED\nVQ1fYXV0aF91c2VyX2lkcQSKAsoAdS4=\n','2012-11-24 10:09:59'),('a5c526389590ebbefe5c760beba88825','YjM2YzRkMDkyOTU5NDk0YzhiMDU2MTY3ZjhkM2IwY2Y1MTY5MjdkNDqAAn1xAShVEl9hdXRoX3Vz\nZXJfYmFja2VuZHECVSlkamFuZ28uY29udHJpYi5hdXRoLmJhY2tlbmRzLk1vZGVsQmFja2VuZHED\nVQ1fYXV0aF91c2VyX2lkcQSKAWt1Lg==\n','2012-11-05 00:55:15'),('a6b189ec8b8d2fa38687ee3090924ab4','ZGQ0ZDI1YjMyMTE5YTdmODM0MTA1NzQ5ZWE0NjY4MjQ2NGYzODUxNTqAAn1xAVUKdGVzdGNvb2tp\nZXECVQZ3b3JrZWRxA3Mu\n','2012-10-24 23:55:17'),('a6bb8e9640dce3d9b92c02caef6be56a','ZGQ0ZDI1YjMyMTE5YTdmODM0MTA1NzQ5ZWE0NjY4MjQ2NGYzODUxNTqAAn1xAVUKdGVzdGNvb2tp\nZXECVQZ3b3JrZWRxA3Mu\n','2012-09-20 18:11:20'),('a6d35aa1c7150daeec614f5b98221f05','ZjdmYjFlMjdhNTJjNzBjZTRmMmVmZWQ1M2QyZmZmZmE3NTEyZmRhMTqAAn1xAShVEl9hdXRoX3Vz\nZXJfYmFja2VuZHECVSlkamFuZ28uY29udHJpYi5hdXRoLmJhY2tlbmRzLk1vZGVsQmFja2VuZHED\nVQ1fYXV0aF91c2VyX2lkcQSKAVp1Lg==\n','2012-10-30 02:51:22'),('a6d920f6713d4b15bba9fc8c9451fe2d','ZGQ0ZDI1YjMyMTE5YTdmODM0MTA1NzQ5ZWE0NjY4MjQ2NGYzODUxNTqAAn1xAVUKdGVzdGNvb2tp\nZXECVQZ3b3JrZWRxA3Mu\n','2013-09-04 05:12:41'),('a7abfdf1aebbc31b1b75c979b58b1abf','ZGQ0ZDI1YjMyMTE5YTdmODM0MTA1NzQ5ZWE0NjY4MjQ2NGYzODUxNTqAAn1xAVUKdGVzdGNvb2tp\nZXECVQZ3b3JrZWRxA3Mu\n','2013-09-06 13:12:47'),('a8ee6a33c2ea10863c173b8277d1f7e7','ZGQ0ZDI1YjMyMTE5YTdmODM0MTA1NzQ5ZWE0NjY4MjQ2NGYzODUxNTqAAn1xAVUKdGVzdGNvb2tp\nZXECVQZ3b3JrZWRxA3Mu\n','2012-10-24 02:25:06'),('a9b439d6e64c75a630265d3854b20181','NjMwOTZiZDcwOWRmYTJiNDc2NWQzOWVlMWU3NTAxNmZkZWU5ZGRhYTqAAn1xAShVEl9hdXRoX3Vz\nZXJfYmFja2VuZHECVSlkamFuZ28uY29udHJpYi5hdXRoLmJhY2tlbmRzLk1vZGVsQmFja2VuZHED\nVQ1fYXV0aF91c2VyX2lkcQSKAoYAdS4=\n','2012-11-13 01:40:55'),('aaad4da1dde4fed841851f758f88f055','ZDQxYmMyM2NkZDRiZDM2MTljZDZjMzI2MTNhMmEyMGE0NTQ4YzM3ZDqAAn1xAShVEl9hdXRoX3Vz\nZXJfYmFja2VuZHECVSlkamFuZ28uY29udHJpYi5hdXRoLmJhY2tlbmRzLk1vZGVsQmFja2VuZHED\nVQ1fYXV0aF91c2VyX2lkcQSKAsQAdS4=\n','2012-11-30 15:28:49'),('aad70f345a602d0372075590cc5eb63c','ZGQ0ZDI1YjMyMTE5YTdmODM0MTA1NzQ5ZWE0NjY4MjQ2NGYzODUxNTqAAn1xAVUKdGVzdGNvb2tp\nZXECVQZ3b3JrZWRxA3Mu\n','2012-12-03 16:49:37'),('ab1063eeee219fb83f7e85060270eea2','NzU5MzMzYzg0MTY4MDI5N2JiYmY1Zjg4MjM5N2VjNGM1ODc4MmViNDqAAn1xAShVEl9hdXRoX3Vz\nZXJfYmFja2VuZHECVSlkamFuZ28uY29udHJpYi5hdXRoLmJhY2tlbmRzLk1vZGVsQmFja2VuZHED\nVQ1fYXV0aF91c2VyX2lkcQSKATl1Lg==\n','2012-10-24 02:43:07'),('ab26c0f1b95ae7185a36dea1be667b72','ZGQ0ZDI1YjMyMTE5YTdmODM0MTA1NzQ5ZWE0NjY4MjQ2NGYzODUxNTqAAn1xAVUKdGVzdGNvb2tp\nZXECVQZ3b3JrZWRxA3Mu\n','2012-11-23 00:35:29'),('ab4fbc62473f2af8602a6ea0cf33b4f6','ZGQ0ZDI1YjMyMTE5YTdmODM0MTA1NzQ5ZWE0NjY4MjQ2NGYzODUxNTqAAn1xAVUKdGVzdGNvb2tp\nZXECVQZ3b3JrZWRxA3Mu\n','2012-11-06 15:18:58'),('ab9294e27b9065e6d2ce9c1fcaea7045','ZGQ0ZDI1YjMyMTE5YTdmODM0MTA1NzQ5ZWE0NjY4MjQ2NGYzODUxNTqAAn1xAVUKdGVzdGNvb2tp\nZXECVQZ3b3JrZWRxA3Mu\n','2012-11-12 01:09:59'),('ab98beeefd41368e71f8a779dfc4a35e','ZDViYTJjZWE2MTE3MGMzMTczMTg2NWQ4Mjk1MzYzZWZiY2I5YWYxYTqAAn1xAShVEl9hdXRoX3Vz\nZXJfYmFja2VuZHECVSlkamFuZ28uY29udHJpYi5hdXRoLmJhY2tlbmRzLk1vZGVsQmFja2VuZHED\nVQ1fYXV0aF91c2VyX2lkcQSKArsAdS4=\n','2012-11-21 16:47:56'),('abc041b60af084c55cf86262e86197b6','Y2IwNTViMDMxYjEyNWRjODZlMjUwODI2MmU5YTdiNzI3YjY5YWQxZTqAAn1xAS4=\n','2012-10-26 21:26:42'),('ac0461ce97115d153260df8b01935b79','Njc5NWIxYTlmYzg2NGU4Yjg3OGMwMDAzOGI0YzM3ODExOTRmZmU0YjqAAn1xAShVEl9hdXRoX3Vz\nZXJfYmFja2VuZHECVSlkamFuZ28uY29udHJpYi5hdXRoLmJhY2tlbmRzLk1vZGVsQmFja2VuZHED\nVQpjYXJ0X3RvdGFscQRLAFUNX2F1dGhfdXNlcl9pZHEFigEkVQRjYXJ0cQZdcQd1Lg==\n','2012-11-10 15:49:58'),('ac8a313d57d08e3e3eaf177db4d01e05','ZGQ0ZDI1YjMyMTE5YTdmODM0MTA1NzQ5ZWE0NjY4MjQ2NGYzODUxNTqAAn1xAVUKdGVzdGNvb2tp\nZXECVQZ3b3JrZWRxA3Mu\n','2012-10-31 00:33:48'),('accdcdc8e25ebef67be47abc726553ac','MDhkNTk2NDcwNTk5OGJmODFhMjQxMzM3MzY5MzM5OGI3M2EwNDI1NzqAAn1xAShVEl9hdXRoX3Vz\nZXJfYmFja2VuZHECVSlkamFuZ28uY29udHJpYi5hdXRoLmJhY2tlbmRzLk1vZGVsQmFja2VuZHED\nVQ1fYXV0aF91c2VyX2lkcQSKArgAdS4=\n','2012-11-21 14:32:39'),('ae9468f17c5b442aa5fe7a3631140ea7','ZGQ0ZDI1YjMyMTE5YTdmODM0MTA1NzQ5ZWE0NjY4MjQ2NGYzODUxNTqAAn1xAVUKdGVzdGNvb2tp\nZXECVQZ3b3JrZWRxA3Mu\n','2013-09-06 17:12:16'),('aeb14f4b90dd5e76ea6397e67807e3a1','ZGQ0ZDI1YjMyMTE5YTdmODM0MTA1NzQ5ZWE0NjY4MjQ2NGYzODUxNTqAAn1xAVUKdGVzdGNvb2tp\nZXECVQZ3b3JrZWRxA3Mu\n','2013-09-06 16:13:09'),('af55ee691d07c804485a508186e78e44','YjY0NTg0OTUxYWEyMWIwMzkzNDU2ZjI5Yjg1N2QyYjUyNWQ4YTRlOTqAAn1xAShVEl9hdXRoX3Vz\nZXJfYmFja2VuZHECVSlkamFuZ28uY29udHJpYi5hdXRoLmJhY2tlbmRzLk1vZGVsQmFja2VuZHED\nVQpjYXJ0X3RvdGFscQRjZGVjaW1hbApEZWNpbWFsCnEFVQYxNTAuMDCFUnEGVQ1fYXV0aF91c2Vy\nX2lkcQeKASVVBGNhcnRxCF1xCShjZGphbmdvLmRiLm1vZGVscy5iYXNlCm1vZGVsX3VucGlja2xl\nCnEKY2luc2NyaWNhby5tb2RlbHMKQ29uZnJhdGVybmlzdGEKcQtdY2RqYW5nby5kYi5tb2RlbHMu\nYmFzZQpzaW1wbGVfY2xhc3NfZmFjdG9yeQpxDIdScQ19cQ4oVQdhbGVyZ2lhcQ9YKgAAAEFsw6ly\nZ2ljYSBhIGRpcGlyb25hIGUgYSBwaWNhZGEgZGUgaW5zZXRvc3EQVQ91c29fbWVkaWNhbWVudG9x\nEU5VG3BhcmVudGVzY29fY29udGF0b191cmdlbmNpYXESWAQAAABNw6NlcRNVDmRpZXRhX2VzcGVj\naWFscRROVQZfc3RhdGVxFWNkamFuZ28uZGIubW9kZWxzLmJhc2UKTW9kZWxTdGF0ZQpxFimBcRd9\ncRgoVQZhZGRpbmdxGYlVAmRicRpVB2RlZmF1bHRxG3ViVQ9kYXRhX25hc2NpbWVudG9xHGNkYXRl\ndGltZQpkYXRlCnEdVQQHygIZhVJxHlUEc2V4b3EfWAEAAABGVQp1c3VhcmlvX2lkcSCKAoUAVQph\ndXRvcml6YWRvcSGIVQxqdXZlbnR1ZGVfaWRxIooBCVUCaWRxI4oBc1UZdGVsZWZvbmVfY29udGF0\nb191cmdlbmNpYXEkWA4AAAAoMzEpIDg3MzktODAyN3ElVRp0ZWxlZm9uZTJfY29udGF0b191cmdl\nbmNpYXEmWA4AAAAoMzEpIDk5NzUtODM5NHEnVRV2b2x1bnRhcmlvX21hbnV0ZW5jYW9xKIhVFWFu\nb19pbmdyZXNzb19tb2NpZGFkZXEpigLZB1UIdGVsZWZvbmVxKlgOAAAAKDMxKSAzMjI1LTgwMjdx\nK1UQY29udGF0b191cmdlbmNpYXEsWAUAAABMaWFuYXEtVQZiYWlycm9xLlgIAAAAQ29taXRlY29x\nL1UKbG9ncmFkb3Vyb3EwWBoAAABSdWEgQ8O0bmVnbyBKb8OjbyBQaW8sIDIyMXExVQ50YW1hbmhv\nX2NhbWlzYXEyWAEAAABQVQtub21lX2NyYWNoYXEzWAUAAABTdGVsYXE0VQZjaWRhZGVxNVgOAAAA\nQmVsbyBIb3Jpem9udGVxNlUKaWRlbnRpZGFkZXE3WA0AAABNRy0xNC4yNzkuNzQycThVFnBhZ2Ft\nZW50b19pbnNjcmljYW9faWRxOU5VEmNvbWViaHNfYW50ZXJpb3Jlc3E6WAgAAAAyOCwyOSwzMHE7\ndWJoCmgLXWgMh1JxPH1xPShVB2FsZXJnaWFxPk5VD3Vzb19tZWRpY2FtZW50b3E/TlUbcGFyZW50\nZXNjb19jb250YXRvX3VyZ2VuY2lhcUBYBAAAAE3Do2VxQVUOZGlldGFfZXNwZWNpYWxxQlgLAAAA\nVmVnZXRhcmlhbm9xQ1UGX3N0YXRlcURoFimBcUV9cUYoVQZhZGRpbmdxR4lVAmRicUhVB2RlZmF1\nbHRxSXViVQ9kYXRhX25hc2NpbWVudG9xSmgdVQQHyQsQhVJxS1UEc2V4b3FMWAEAAABNVQp1c3Vh\ncmlvX2lkcU2KAp8AVQphdXRvcml6YWRvcU6IVQxqdXZlbnR1ZGVfaWRxT4oBCVUCaWRxUIoCjQBV\nGXRlbGVmb25lX2NvbnRhdG9fdXJnZW5jaWFxUVgOAAAAKDMxKSA5OTk0LTkyOTBxUlUadGVsZWZv\nbmUyX2NvbnRhdG9fdXJnZW5jaWFxU1gOAAAAKDMxKSAzNDEyLTc2MjFxVFUVdm9sdW50YXJpb19t\nYW51dGVuY2FvcVVOVRVhbm9faW5ncmVzc29fbW9jaWRhZGVxVooC2QdVCHRlbGVmb25lcVdYDgAA\nACgzMSkgODYzMi03NjIxcVhVEGNvbnRhdG9fdXJnZW5jaWFxWVgvAAAATWFyaWEgZGFzIERvcmVz\nIENoYXZlcyBNYXLDp2FsIE5vZ3VlcmlhIGRlIExpbWFxWlUGYmFpcnJvcVtYDwAAAFBhZHJlIEV1\nc3RhcXVpb3FcVQpsb2dyYWRvdXJvcV1YFQAAAHJ1YTpjYXJpb2NhL251bWVybzo3OXFeVQ50YW1h\nbmhvX2NhbWlzYXFfWAEAAABHVQtub21lX2NyYWNoYXFgWA4AAABOYXRoYW4gTWFyw6dhbHFhVQZj\naWRhZGVxYlgOAAAAQmVsZW8gSG9yaXpvbnRxY1UKaWRlbnRpZGFkZXFkWA0AAABNRy0xMS4zMjIu\nMjI3cWVVFnBhZ2FtZW50b19pbnNjcmljYW9faWRxZk5VEmNvbWViaHNfYW50ZXJpb3Jlc3FnWAUA\nAAAyOSwzMHFodWJoCmgLXWgMh1JxaX1xaihVB2FsZXJnaWFxa1hEAAAAQWxlcmdpYSBkZSBwZWxl\nIMOgIHBvZWlyYSwgbW9mbywgY2hlaXJvcyBmb3J0ZXMocGVyZnVtZSwgYmF5Z29uIC4uLilxbFUP\ndXNvX21lZGljYW1lbnRvcW1OVRtwYXJlbnRlc2NvX2NvbnRhdG9fdXJnZW5jaWFxblgFAAAATcOj\nZSBxb1UOZGlldGFfZXNwZWNpYWxxcE5VBl9zdGF0ZXFxaBYpgXFyfXFzKFUGYWRkaW5ncXSJVQJk\nYnF1VQdkZWZhdWx0cXZ1YlUPZGF0YV9uYXNjaW1lbnRvcXdoHVUEB8gFCYVScXhVBHNleG9xeVgB\nAAAATVUKdXN1YXJpb19pZHF6igLHAFUKYXV0b3JpemFkb3F7iFUManV2ZW50dWRlX2lkcXyKAQlV\nAmlkcX2KArUAVRl0ZWxlZm9uZV9jb250YXRvX3VyZ2VuY2lhcX5YDgAAACgzMSkgMzIyNS04MDI3\ncX9VGnRlbGVmb25lMl9jb250YXRvX3VyZ2VuY2lhcYBYDgAAACgzMSkgODczOS04MDI3cYFVFXZv\nbHVudGFyaW9fbWFudXRlbmNhb3GCTlUVYW5vX2luZ3Jlc3NvX21vY2lkYWRlcYOKAtcHVQh0ZWxl\nZm9uZXGEWA4AAAAoMzEpIDMyMjUtODAyN3GFVRBjb250YXRvX3VyZ2VuY2lhcYZYDwAAAExpYW5h\nIElzaGl0YW5pIHGHVQZiYWlycm9xiFgIAAAAQ29taXRlY29xiVUKbG9ncmFkb3Vyb3GKWBUAAABS\ndWEgQ8O0bmVnbyBKb8OjbyBQaW9xi1UOdGFtYW5ob19jYW1pc2FxjFgBAAAAR1ULbm9tZV9jcmFj\naGFxjVgOAAAAU2F1bG8gSXNoaXRhbmlxjlUGY2lkYWRlcY9YDgAAAEJlbG8gSG9yaXpvbnRlcZBV\nCmlkZW50aWRhZGVxkVgNAAAATUctMTQuMjc5LjY5MnGSVRZwYWdhbWVudG9faW5zY3JpY2FvX2lk\ncZNOVRJjb21lYmhzX2FudGVyaW9yZXNxlFgLAAAAMjcsMjgsMjksMzBxlXViaApoC11oDIdScZZ9\ncZcoVQdhbGVyZ2lhcZhOVQ91c29fbWVkaWNhbWVudG9xmVghAAAAZGVwYWtvdGUsIGFscHJhem9s\nYW0gZSB3ZWxsYnV0cmlucZpVG3BhcmVudGVzY29fY29udGF0b191cmdlbmNpYXGbWAQAAABNw6Nl\ncZxVDmRpZXRhX2VzcGVjaWFscZ1OVQZfc3RhdGVxnmgWKYFxn31xoChVBmFkZGluZ3GhiVUCZGJx\nolUHZGVmYXVsdHGjdWJVD2RhdGFfbmFzY2ltZW50b3GkaB1VBAfHAQ6FUnGlVQp1c3VhcmlvX2lk\ncaaKAtwAVQphdXRvcml6YWRvcaeIVQxqdXZlbnR1ZGVfaWRxqIoBCVUCaWRxqYoCygBVGXRlbGVm\nb25lX2NvbnRhdG9fdXJnZW5jaWFxqlgOAAAAKDMxKSA4ODg0LTIxMTJxq1UadGVsZWZvbmUyX2Nv\nbnRhdG9fdXJnZW5jaWFxrFgOAAAAKDMxKSA5OTk0LTkyOTBxrVUVdm9sdW50YXJpb19tYW51dGVu\nY2Fvca5OVRVhbm9faW5ncmVzc29fbW9jaWRhZGVxr4oC1QdVDnRhbWFuaG9fY2FtaXNhcbBOVQh0\nZWxlZm9uZXGxWA4AAAAoMzEpIDM0MTItNzYyMXGyVRBjb250YXRvX3VyZ2VuY2lhcbNYLwAAAE1h\ncmlhIGRhcyBEb3JlcyBDaGF2ZXMgTWFyw6dhbCBOb2d1ZWlyYSBkZSBMaW1hcbRVBmJhaXJyb3G1\nWA8AAABwYWRyZSBldXN0YXF1aW9xtlUKbG9ncmFkb3Vyb3G3WBEAAABjYXJpb2NhIG51bWVybyA3\nOXG4VQtub21lX2NyYWNoYXG5WA0AAABOYWRpYSBNYXLDp2FscbpVBHNleG9xu1gBAAAARlUGY2lk\nYWRlcbxYDgAAAEJlbG8gaG9yaXpvbnRlcb1VCmlkZW50aWRhZGVxvlgLAAAATUctMTMyNjE5NDFx\nv1UWcGFnYW1lbnRvX2luc2NyaWNhb19pZHHATlUSY29tZWJoc19hbnRlcmlvcmVzccFOdWJldS4=\n','2012-12-01 12:52:29'),('af88ae7e52f2c83d972cb176a7172827','MjYwY2NjNTYxN2JhY2NhN2YwMmYyYjM2Zjk2MTgyODc3MjBkMGNmMDqAAn1xAShVEl9hdXRoX3Vz\nZXJfYmFja2VuZHECVSlkamFuZ28uY29udHJpYi5hdXRoLmJhY2tlbmRzLk1vZGVsQmFja2VuZHED\nVQ1fYXV0aF91c2VyX2lkcQSKAsEAdS4=\n','2012-11-22 17:43:30'),('afd64a4e81d89b78d7089f5b6e4b4594','MDgwZDkwZWQ3Nzk0MjdhMGNmOWNlMjg1ZDM1MTNiYTcxOGM2ODJhMDqAAn1xAShVEl9hdXRoX3Vz\nZXJfYmFja2VuZHECVSlkamFuZ28uY29udHJpYi5hdXRoLmJhY2tlbmRzLk1vZGVsQmFja2VuZHED\nVQ1fYXV0aF91c2VyX2lkcQSKASF1Lg==\n','2012-11-24 21:20:48'),('b01486cffd65f219fe6f7bcc34969a6e','ZGQ0ZDI1YjMyMTE5YTdmODM0MTA1NzQ5ZWE0NjY4MjQ2NGYzODUxNTqAAn1xAVUKdGVzdGNvb2tp\nZXECVQZ3b3JrZWRxA3Mu\n','2012-11-19 15:09:31'),('b0201518d0e17a1b32a9216276d48c2d','ZGQ0ZDI1YjMyMTE5YTdmODM0MTA1NzQ5ZWE0NjY4MjQ2NGYzODUxNTqAAn1xAVUKdGVzdGNvb2tp\nZXECVQZ3b3JrZWRxA3Mu\n','2013-09-05 18:17:33'),('b0460b571da27454d7509c483dc21c4d','MmVjNDlkNTRhN2ViZDRiODNjOGM4YjAxNTA5NjlhOWI5YTc4OTdhNjqAAn1xAShVBGNhcnRxAl1x\nA1UKY2FydF90b3RhbHEESwBVDV9hdXRoX3VzZXJfaWRxBYoBXVUSX2F1dGhfdXNlcl9iYWNrZW5k\ncQZVKWRqYW5nby5jb250cmliLmF1dGguYmFja2VuZHMuTW9kZWxCYWNrZW5kcQd1Lg==\n','2012-11-30 10:03:21'),('b09dce0fc770668e5f234f8da23bf512','ZGQ0ZDI1YjMyMTE5YTdmODM0MTA1NzQ5ZWE0NjY4MjQ2NGYzODUxNTqAAn1xAVUKdGVzdGNvb2tp\nZXECVQZ3b3JrZWRxA3Mu\n','2012-11-20 20:32:22'),('b1ff71313d5755d632734184cd5deb1f','ZGQ0ZDI1YjMyMTE5YTdmODM0MTA1NzQ5ZWE0NjY4MjQ2NGYzODUxNTqAAn1xAVUKdGVzdGNvb2tp\nZXECVQZ3b3JrZWRxA3Mu\n','2012-09-20 18:12:55'),('b21eab8da26ecac26d97efd7522cddce','NTNiNTJmOWUwZWViMGQ4NzZiNzQwYjAzMzMxZjI0Nzc5YmMzMDhkZDqAAn1xAShVEl9hdXRoX3Vz\nZXJfYmFja2VuZHECVSlkamFuZ28uY29udHJpYi5hdXRoLmJhY2tlbmRzLk1vZGVsQmFja2VuZHED\nVQ1fYXV0aF91c2VyX2lkcQSKAXV1Lg==\n','2012-12-27 09:34:26'),('b2b96f9863ad510ec68018e8f39053ea','MmI5MTNiMWViMzYyZjlkNDdhMTQ2MjBiZjViNWRkYTY4OWI1NTY4NTqAAn1xAShVEl9hdXRoX3Vz\nZXJfYmFja2VuZHECVSlkamFuZ28uY29udHJpYi5hdXRoLmJhY2tlbmRzLk1vZGVsQmFja2VuZHED\nVQ1fYXV0aF91c2VyX2lkcQSKAqoAdS4=\n','2012-11-21 18:44:50'),('b2d3702a56c218e06383326d9d926fee','ZGQ0ZDI1YjMyMTE5YTdmODM0MTA1NzQ5ZWE0NjY4MjQ2NGYzODUxNTqAAn1xAVUKdGVzdGNvb2tp\nZXECVQZ3b3JrZWRxA3Mu\n','2013-02-24 18:26:37'),('b305095d3cacb988fb1752b7479d8e33','ZGQ0ZDI1YjMyMTE5YTdmODM0MTA1NzQ5ZWE0NjY4MjQ2NGYzODUxNTqAAn1xAVUKdGVzdGNvb2tp\nZXECVQZ3b3JrZWRxA3Mu\n','2012-11-24 14:52:53'),('b36050c7ceb0bf91f3cdee9f038b09f5','ZGQ0ZDI1YjMyMTE5YTdmODM0MTA1NzQ5ZWE0NjY4MjQ2NGYzODUxNTqAAn1xAVUKdGVzdGNvb2tp\nZXECVQZ3b3JrZWRxA3Mu\n','2013-09-04 05:12:43'),('b3bbd9ce3584db5a891e0a196118915a','NzE3NmY5Nzc0ZDk0N2QwZTQ5ZmY2ODk4ZTRiYmU0Y2FkZjhlY2JhODqAAn1xAShVEl9hdXRoX3Vz\nZXJfYmFja2VuZHECVSlkamFuZ28uY29udHJpYi5hdXRoLmJhY2tlbmRzLk1vZGVsQmFja2VuZHED\nVQ1fYXV0aF91c2VyX2lkcQSKAVh1Lg==\n','2012-10-29 22:59:16'),('b410576aeca62fc980f73bb7e9b84d38','ZGQ0ZDI1YjMyMTE5YTdmODM0MTA1NzQ5ZWE0NjY4MjQ2NGYzODUxNTqAAn1xAVUKdGVzdGNvb2tp\nZXECVQZ3b3JrZWRxA3Mu\n','2013-03-17 02:49:36'),('b41538e4d08034e8fe17e98ff5a397f8','ZGQ0ZDI1YjMyMTE5YTdmODM0MTA1NzQ5ZWE0NjY4MjQ2NGYzODUxNTqAAn1xAVUKdGVzdGNvb2tp\nZXECVQZ3b3JrZWRxA3Mu\n','2012-10-24 21:09:24'),('b4ad90453e92bffc300b21da86ffc25d','ODY1NjExOTg4OWQ5NzNiNzliM2MyZDJmOWI1ZThmNzlmNjA2ZjJiMTqAAn1xAShVEl9hdXRoX3Vz\nZXJfYmFja2VuZHECVSlkamFuZ28uY29udHJpYi5hdXRoLmJhY2tlbmRzLk1vZGVsQmFja2VuZHED\nVQ1fYXV0aF91c2VyX2lkcQSKAVF1Lg==\n','2012-10-30 00:17:03'),('b4fd90dd39bf19a50de1850c98cddcd7','ZTcyN2I1ZmEyMTBjYzA5ZWYwYWViYzQ4NWE1MWFhOWZjYTcyNWZiNjqAAn1xAShVEl9hdXRoX3Vz\nZXJfYmFja2VuZHECVSlkamFuZ28uY29udHJpYi5hdXRoLmJhY2tlbmRzLk1vZGVsQmFja2VuZHED\nVQ1fYXV0aF91c2VyX2lkcQSKAQR1Lg==\n','2012-09-19 14:14:42'),('b5a7b1f8a27e1e37de11b1b4d08560f4','ZGQ0ZDI1YjMyMTE5YTdmODM0MTA1NzQ5ZWE0NjY4MjQ2NGYzODUxNTqAAn1xAVUKdGVzdGNvb2tp\nZXECVQZ3b3JrZWRxA3Mu\n','2013-09-06 12:13:58'),('b5c4f169490fac98c74ac0c192485313','Y2IwNTViMDMxYjEyNWRjODZlMjUwODI2MmU5YTdiNzI3YjY5YWQxZTqAAn1xAS4=\n','2013-02-01 21:57:04'),('b62c3d39135c650794fa95de49726893','ZGQ0ZDI1YjMyMTE5YTdmODM0MTA1NzQ5ZWE0NjY4MjQ2NGYzODUxNTqAAn1xAVUKdGVzdGNvb2tp\nZXECVQZ3b3JrZWRxA3Mu\n','2012-12-08 00:09:30'),('b693df88d779b18c866988a6df488f5e','ZGQ0ZDI1YjMyMTE5YTdmODM0MTA1NzQ5ZWE0NjY4MjQ2NGYzODUxNTqAAn1xAVUKdGVzdGNvb2tp\nZXECVQZ3b3JrZWRxA3Mu\n','2012-11-01 16:35:18'),('b71bf5e0a82520d1babf89ab8b12a525','ZGQ0ZDI1YjMyMTE5YTdmODM0MTA1NzQ5ZWE0NjY4MjQ2NGYzODUxNTqAAn1xAVUKdGVzdGNvb2tp\nZXECVQZ3b3JrZWRxA3Mu\n','2013-09-07 09:13:31'),('b7592fdd5965083fe5b5ace67ab7b32c','MjQ5OTNjNTA3NzI2ZGRjNjZlNTllNGU3OWZmMTAxMTViOWFlZTcwZjqAAn1xAShVEl9hdXRoX3Vz\nZXJfYmFja2VuZHECVSlkamFuZ28uY29udHJpYi5hdXRoLmJhY2tlbmRzLk1vZGVsQmFja2VuZHED\nVQ1fYXV0aF91c2VyX2lkcQSKAWl1Lg==\n','2012-11-14 23:58:48'),('b8c2af53334b9fac343e711e8938e6a6','ZGQ0ZDI1YjMyMTE5YTdmODM0MTA1NzQ5ZWE0NjY4MjQ2NGYzODUxNTqAAn1xAVUKdGVzdGNvb2tp\nZXECVQZ3b3JrZWRxA3Mu\n','2012-10-15 01:37:11'),('b8c2f4657c51ccc8c8b16004856391f0','ZjFiM2IzYzVmNjE1YTMzN2Y2NmFmNTM0ZWNiODM2YzQ2NTQwYmMxMjqAAn1xAShVEl9hdXRoX3Vz\nZXJfYmFja2VuZHECVSlkamFuZ28uY29udHJpYi5hdXRoLmJhY2tlbmRzLk1vZGVsQmFja2VuZHED\nVQ1fYXV0aF91c2VyX2lkcQSKAXR1Lg==\n','2012-11-07 14:14:46'),('b8d774801227ad9e26bd1d584928916e','ZGQ0ZDI1YjMyMTE5YTdmODM0MTA1NzQ5ZWE0NjY4MjQ2NGYzODUxNTqAAn1xAVUKdGVzdGNvb2tp\nZXECVQZ3b3JrZWRxA3Mu\n','2013-09-08 06:14:31'),('b8f2f9c5d7e0efb530ec41f108738fdb','ZGQ0ZDI1YjMyMTE5YTdmODM0MTA1NzQ5ZWE0NjY4MjQ2NGYzODUxNTqAAn1xAVUKdGVzdGNvb2tp\nZXECVQZ3b3JrZWRxA3Mu\n','2012-11-24 14:32:20'),('b9bd803b8520c3d3114792d0a776830c','ZGQ0ZDI1YjMyMTE5YTdmODM0MTA1NzQ5ZWE0NjY4MjQ2NGYzODUxNTqAAn1xAVUKdGVzdGNvb2tp\nZXECVQZ3b3JrZWRxA3Mu\n','2013-09-06 19:13:54'),('ba275b83692266a449680d1cb20b7b1c','ZGQ0ZDI1YjMyMTE5YTdmODM0MTA1NzQ5ZWE0NjY4MjQ2NGYzODUxNTqAAn1xAVUKdGVzdGNvb2tp\nZXECVQZ3b3JrZWRxA3Mu\n','2012-12-08 00:11:43'),('ba2d519cf61a54456eb61644d57f9ef8','ZGQ0ZDI1YjMyMTE5YTdmODM0MTA1NzQ5ZWE0NjY4MjQ2NGYzODUxNTqAAn1xAVUKdGVzdGNvb2tp\nZXECVQZ3b3JrZWRxA3Mu\n','2013-09-07 06:12:26'),('ba5579ae8a8954c5c865322108113ef0','ZDQxYmMyM2NkZDRiZDM2MTljZDZjMzI2MTNhMmEyMGE0NTQ4YzM3ZDqAAn1xAShVEl9hdXRoX3Vz\nZXJfYmFja2VuZHECVSlkamFuZ28uY29udHJpYi5hdXRoLmJhY2tlbmRzLk1vZGVsQmFja2VuZHED\nVQ1fYXV0aF91c2VyX2lkcQSKAsQAdS4=\n','2012-12-04 15:03:58'),('ba67bebc4795af840022082e382f4033','ODc5MmUyZDk0NGM4MDg3YzQ4MmUxM2Y5YWIzYjI1NTE5ZjFlZDJhODqAAn1xAShVCnRlc3Rjb29r\naWVxAlUGd29ya2VkcQNVDV9hdXRoX3VzZXJfaWRxBIoBAVUSX2F1dGhfdXNlcl9iYWNrZW5kcQVV\nKWRqYW5nby5jb250cmliLmF1dGguYmFja2VuZHMuTW9kZWxCYWNrZW5kcQZ1Lg==\n','2012-12-03 20:47:15'),('ba73dc711214dde22a4231d3852eebb8','ODFiOTU3M2QyZmI2NzVmNjY1MjU0ODllMGI3NDM5M2MxMDNjZDJjZjqAAn1xAShVEl9hdXRoX3Vz\nZXJfYmFja2VuZHECVSlkamFuZ28uY29udHJpYi5hdXRoLmJhY2tlbmRzLk1vZGVsQmFja2VuZHED\nVQ1fYXV0aF91c2VyX2lkcQSKArYAdS4=\n','2012-11-21 10:20:12'),('baa12e2f8179d74ab07ce9916ce7f318','YjI5Y2VhMmU5YTNjNjk4MzM4MThhMTkyNzM5MjMwNThkZmVmMWY1MTqAAn1xAShVEl9hdXRoX3Vz\nZXJfYmFja2VuZHECVSlkamFuZ28uY29udHJpYi5hdXRoLmJhY2tlbmRzLk1vZGVsQmFja2VuZHED\nVQ1fYXV0aF91c2VyX2lkcQSKAT11Lg==\n','2012-11-21 20:21:51'),('bafe5b715b167606dd5fe0ef5ed59fed','NmIzYmRmY2JjYjUzYzc4ZmNlOTU2OTc2N2U0MjI1ZDQ3N2NhYmFjMjqAAn1xAShVEl9hdXRoX3Vz\nZXJfYmFja2VuZHECVSlkamFuZ28uY29udHJpYi5hdXRoLmJhY2tlbmRzLk1vZGVsQmFja2VuZHED\nVQ1fYXV0aF91c2VyX2lkcQSKAskAdS4=\n','2012-11-23 17:10:29'),('bb17d715a38fbb6d731f07ffebe02e97','ZGQ0ZDI1YjMyMTE5YTdmODM0MTA1NzQ5ZWE0NjY4MjQ2NGYzODUxNTqAAn1xAVUKdGVzdGNvb2tp\nZXECVQZ3b3JrZWRxA3Mu\n','2013-09-08 05:12:48'),('bb38414cfb9456ffe7c46ed74f8097cd','Y2UwZjg2ZjM4OWVhMDYyZWIzMmQzMDExMDBiMWQwNjM2MzIxMjQ4NDqAAn1xAShVDV9hdXRoX3Vz\nZXJfaWRxAooCzwBVEl9hdXRoX3VzZXJfYmFja2VuZHEDVSlkamFuZ28uY29udHJpYi5hdXRoLmJh\nY2tlbmRzLk1vZGVsQmFja2VuZHEEdS4=\n','2012-11-24 01:32:08'),('bb3ef08faa253859d33cfcfea1a0960d','NzY3ZDYzMDhjZmE4YmRhMTQ1ZDBiYmY5Njk4NWI2OTE2ZDUwYmMzYzqAAn1xAShVEl9hdXRoX3Vz\nZXJfYmFja2VuZHECVSlkamFuZ28uY29udHJpYi5hdXRoLmJhY2tlbmRzLk1vZGVsQmFja2VuZHED\nVQ1fYXV0aF91c2VyX2lkcQSKAWx1Lg==\n','2012-11-15 15:17:03'),('bb824ba4c705646d2dc0281c1db07b8e','NjM3NGE0YmEwYmM1YTQyNjlmNTQ4YThmMGFlMzhiMDBjOWRiMTIzMzqAAn1xAShVEl9hdXRoX3Vz\nZXJfYmFja2VuZHECVSlkamFuZ28uY29udHJpYi5hdXRoLmJhY2tlbmRzLk1vZGVsQmFja2VuZHED\nVQ1fYXV0aF91c2VyX2lkcQSKArIAdS4=\n','2012-11-20 15:59:06'),('bc614b424c54e240aea7a1f9aa8aa5bc','ZGQ0ZDI1YjMyMTE5YTdmODM0MTA1NzQ5ZWE0NjY4MjQ2NGYzODUxNTqAAn1xAVUKdGVzdGNvb2tp\nZXECVQZ3b3JrZWRxA3Mu\n','2013-09-04 15:14:32'),('bde0866fee064f0599d448b06655f434','ZDVjNWRlMDA2NDQzNDI4N2E3MjczOWJlOWIyMDhiODU5NTNjZWNhZDqAAn1xAShVEl9hdXRoX3Vz\nZXJfYmFja2VuZHECVSlkamFuZ28uY29udHJpYi5hdXRoLmJhY2tlbmRzLk1vZGVsQmFja2VuZHED\nVQ1fYXV0aF91c2VyX2lkcQSKAS51Lg==\n','2012-10-28 21:04:58'),('be0da41a2e04a0658c8c74cbdb3839fb','ZGQ0ZDI1YjMyMTE5YTdmODM0MTA1NzQ5ZWE0NjY4MjQ2NGYzODUxNTqAAn1xAVUKdGVzdGNvb2tp\nZXECVQZ3b3JrZWRxA3Mu\n','2012-10-13 02:09:48'),('be9acd6d6bc539cbf1f9d2abb257585b','ZGQ0ZDI1YjMyMTE5YTdmODM0MTA1NzQ5ZWE0NjY4MjQ2NGYzODUxNTqAAn1xAVUKdGVzdGNvb2tp\nZXECVQZ3b3JrZWRxA3Mu\n','2013-02-01 16:45:49'),('bf34dc9a4229fc4bf150406dceb46974','NmNiOTEwMTU5YmY2NDVlYzIxMGY2MmI5MDZkMTQ3YjQ1YzJkYWE4YTqAAn1xAShVEl9hdXRoX3Vz\nZXJfYmFja2VuZHECVSlkamFuZ28uY29udHJpYi5hdXRoLmJhY2tlbmRzLk1vZGVsQmFja2VuZHED\nVQ1fYXV0aF91c2VyX2lkcQSKArcAdS4=\n','2012-11-21 14:31:18'),('bf755c182885d86ebe768d17905dd68d','ZGQ0ZDI1YjMyMTE5YTdmODM0MTA1NzQ5ZWE0NjY4MjQ2NGYzODUxNTqAAn1xAVUKdGVzdGNvb2tp\nZXECVQZ3b3JrZWRxA3Mu\n','2013-09-07 04:13:14'),('bff96d9073c433d1d793e3c97f5b06e3','ZGQ0ZDI1YjMyMTE5YTdmODM0MTA1NzQ5ZWE0NjY4MjQ2NGYzODUxNTqAAn1xAVUKdGVzdGNvb2tp\nZXECVQZ3b3JrZWRxA3Mu\n','2012-11-05 16:16:11'),('c040ec394b4dfce1262fb513aa620a09','MTI0MTM3OTNjNzEyZTQxYjliMTNjMTQ5YjEzN2I2OWU3NzVhZWM2NzqAAn1xAShVEl9hdXRoX3Vz\nZXJfYmFja2VuZHECVSlkamFuZ28uY29udHJpYi5hdXRoLmJhY2tlbmRzLk1vZGVsQmFja2VuZHED\nVQ1fYXV0aF91c2VyX2lkcQSKApcAdS4=\n','2012-11-14 23:28:16'),('c066d2d6405e93c469620c0e49b70dfe','ZGQ0ZDI1YjMyMTE5YTdmODM0MTA1NzQ5ZWE0NjY4MjQ2NGYzODUxNTqAAn1xAVUKdGVzdGNvb2tp\nZXECVQZ3b3JrZWRxA3Mu\n','2013-09-07 03:12:40'),('c16723808e1096194c609131676af7e6','YzIyZTM0YmZjNmJiMmMxNTJiYmY1ZDY1Zjc0NTZkMzY0YmQ1Zjc0NTqAAn1xAShVEl9hdXRoX3Vz\nZXJfYmFja2VuZHECVSlkamFuZ28uY29udHJpYi5hdXRoLmJhY2tlbmRzLk1vZGVsQmFja2VuZHED\nVQ1fYXV0aF91c2VyX2lkcQSKAr4AdS4=\n','2012-11-22 23:36:00'),('c1b6e826ca463dddbfbb525615c33aed','ZDQxYmMyM2NkZDRiZDM2MTljZDZjMzI2MTNhMmEyMGE0NTQ4YzM3ZDqAAn1xAShVEl9hdXRoX3Vz\nZXJfYmFja2VuZHECVSlkamFuZ28uY29udHJpYi5hdXRoLmJhY2tlbmRzLk1vZGVsQmFja2VuZHED\nVQ1fYXV0aF91c2VyX2lkcQSKAsQAdS4=\n','2013-01-20 02:22:18'),('c22492df65518691aaf0ad47126abe45','YzQxMjA4ZWE0NzI3NmM1MWRjZTI0MzljZDczNDU3MDkzYTJkOTc3NTqAAn1xAShVEl9hdXRoX3Vz\nZXJfYmFja2VuZHECVSlkamFuZ28uY29udHJpYi5hdXRoLmJhY2tlbmRzLk1vZGVsQmFja2VuZHED\nVQ1fYXV0aF91c2VyX2lkcQSKAW51Lg==\n','2012-11-05 15:37:10'),('c25fe74c6bc406ef8aeb47f39e7fbc42','NjQ4MmVmMTMzNWViZGYxZDQyYzcxYTY2MTI0MmU5MGFmOTIyOWU2MDqAAn1xAShVEl9hdXRoX3Vz\nZXJfYmFja2VuZHECVSlkamFuZ28uY29udHJpYi5hdXRoLmJhY2tlbmRzLk1vZGVsQmFja2VuZHED\nVQ1fYXV0aF91c2VyX2lkcQSKAVx1Lg==\n','2012-11-21 02:41:02'),('c3d760700d95de65466ce9e18a394cd9','ZGQ0ZDI1YjMyMTE5YTdmODM0MTA1NzQ5ZWE0NjY4MjQ2NGYzODUxNTqAAn1xAVUKdGVzdGNvb2tp\nZXECVQZ3b3JrZWRxA3Mu\n','2012-11-19 01:05:59'),('c4787d52d31388d2797a03494574081c','ZGQ0ZDI1YjMyMTE5YTdmODM0MTA1NzQ5ZWE0NjY4MjQ2NGYzODUxNTqAAn1xAVUKdGVzdGNvb2tp\nZXECVQZ3b3JrZWRxA3Mu\n','2013-02-09 14:01:19'),('c4cbaeffb9e0f2ee68baea11f5b1883f','ZGQ0ZDI1YjMyMTE5YTdmODM0MTA1NzQ5ZWE0NjY4MjQ2NGYzODUxNTqAAn1xAVUKdGVzdGNvb2tp\nZXECVQZ3b3JrZWRxA3Mu\n','2013-09-07 01:12:58'),('c4f159b84ae40270f86995c5f040a884','ZGQ0ZDI1YjMyMTE5YTdmODM0MTA1NzQ5ZWE0NjY4MjQ2NGYzODUxNTqAAn1xAVUKdGVzdGNvb2tp\nZXECVQZ3b3JrZWRxA3Mu\n','2013-04-06 13:20:09'),('c5379186bf7be49ea3e0f20bbc2e5e70','ZGQ0ZDI1YjMyMTE5YTdmODM0MTA1NzQ5ZWE0NjY4MjQ2NGYzODUxNTqAAn1xAVUKdGVzdGNvb2tp\nZXECVQZ3b3JrZWRxA3Mu\n','2012-12-31 11:12:47'),('c5c74bf69b8e3b09f5c00f4ad91f59ec','ZGQ0ZDI1YjMyMTE5YTdmODM0MTA1NzQ5ZWE0NjY4MjQ2NGYzODUxNTqAAn1xAVUKdGVzdGNvb2tp\nZXECVQZ3b3JrZWRxA3Mu\n','2012-10-31 02:11:28'),('c745ae9681f01e815dba1dcd08d40729','ZGQ0ZDI1YjMyMTE5YTdmODM0MTA1NzQ5ZWE0NjY4MjQ2NGYzODUxNTqAAn1xAVUKdGVzdGNvb2tp\nZXECVQZ3b3JrZWRxA3Mu\n','2012-11-07 12:32:29'),('c7a56effa5dd36f4f37b57f011907254','ZGQ0ZDI1YjMyMTE5YTdmODM0MTA1NzQ5ZWE0NjY4MjQ2NGYzODUxNTqAAn1xAVUKdGVzdGNvb2tp\nZXECVQZ3b3JrZWRxA3Mu\n','2013-09-07 02:12:06'),('c823b4d7a4fd00d20ba9f1216c9732d3','ZGQ0ZDI1YjMyMTE5YTdmODM0MTA1NzQ5ZWE0NjY4MjQ2NGYzODUxNTqAAn1xAVUKdGVzdGNvb2tp\nZXECVQZ3b3JrZWRxA3Mu\n','2012-11-15 17:08:11'),('c8303f6ae616bce0f2a36d928bb3e917','ZGQ0ZDI1YjMyMTE5YTdmODM0MTA1NzQ5ZWE0NjY4MjQ2NGYzODUxNTqAAn1xAVUKdGVzdGNvb2tp\nZXECVQZ3b3JrZWRxA3Mu\n','2013-09-06 09:15:18'),('c844801bff648a110c7c1eeecd8c8824','Y2IwNTViMDMxYjEyNWRjODZlMjUwODI2MmU5YTdiNzI3YjY5YWQxZTqAAn1xAS4=\n','2012-12-27 16:54:37'),('c867674cedcb33dcf720ec2f5b5c98a2','ZGQ0ZDI1YjMyMTE5YTdmODM0MTA1NzQ5ZWE0NjY4MjQ2NGYzODUxNTqAAn1xAVUKdGVzdGNvb2tp\nZXECVQZ3b3JrZWRxA3Mu\n','2013-09-06 15:12:38'),('c8bd1c722b81c26467b05b59c28d7923','ZGQ0ZDI1YjMyMTE5YTdmODM0MTA1NzQ5ZWE0NjY4MjQ2NGYzODUxNTqAAn1xAVUKdGVzdGNvb2tp\nZXECVQZ3b3JrZWRxA3Mu\n','2012-12-01 20:40:07'),('c9c8a0ffc4eeb162718ecfa6aa1c67ac','ZGQ0ZDI1YjMyMTE5YTdmODM0MTA1NzQ5ZWE0NjY4MjQ2NGYzODUxNTqAAn1xAVUKdGVzdGNvb2tp\nZXECVQZ3b3JrZWRxA3Mu\n','2013-09-06 04:12:54'),('ca0da15731f8ca2d0ad74f1a5f699c0e','ZDZkMGJjNzBjM2MyMDViZmU1MWU1ZGIzZTg0NTY1NzFhZjRhNDA1NDqAAn1xAShVEl9hdXRoX3Vz\nZXJfYmFja2VuZHECVSlkamFuZ28uY29udHJpYi5hdXRoLmJhY2tlbmRzLk1vZGVsQmFja2VuZHED\nVQ1fYXV0aF91c2VyX2lkcQSKAUV1Lg==\n','2012-10-27 13:26:26'),('ca440469eb61d8ddfd487441fe8aad3e','ODQxZmQ2NGI4NTRhNDU3YTc2NmJkNGZkMDkzNmU4YWZjZmVlZTk2ZTqAAn1xAShVBGNhcnRxAl1x\nA2NkamFuZ28uZGIubW9kZWxzLmJhc2UKbW9kZWxfdW5waWNrbGUKcQRjaW5zY3JpY2FvLm1vZGVs\ncwpDb25mcmF0ZXJuaXN0YQpxBV1jZGphbmdvLmRiLm1vZGVscy5iYXNlCnNpbXBsZV9jbGFzc19m\nYWN0b3J5CnEGh1JxB31xCChVB2FsZXJnaWFxCU5VD3Vzb19tZWRpY2FtZW50b3EKTlUbcGFyZW50\nZXNjb19jb250YXRvX3VyZ2VuY2lhcQtYBAAAAG3Do2VxDFUOZGlldGFfZXNwZWNpYWxxDU5VBl9z\ndGF0ZXEOY2RqYW5nby5kYi5tb2RlbHMuYmFzZQpNb2RlbFN0YXRlCnEPKYFxEH1xEShVBmFkZGlu\nZ3ESiVUCZGJxE1UHZGVmYXVsdHEUdWJVD2RhdGFfbmFzY2ltZW50b3EVY2RhdGV0aW1lCmRhdGUK\ncRZVBAfECQKFUnEXVQp1c3VhcmlvX2lkcRiKAShVCmF1dG9yaXphZG9xGYhVDGp1dmVudHVkZV9p\nZHEaigEMVQJpZHEbigFbVRl0ZWxlZm9uZV9jb250YXRvX3VyZ2VuY2lhcRxYDgAAACgzMSkgMjUx\nNC02MTg3cR1VGnRlbGVmb25lMl9jb250YXRvX3VyZ2VuY2lhcR5YDgAAACgzMSkgMzQ0Mi0wNTcx\ncR9VFXZvbHVudGFyaW9fbWFudXRlbmNhb3EgiFUVYW5vX2luZ3Jlc3NvX21vY2lkYWRlcSGKAtIH\nVQ50YW1hbmhvX2NhbWlzYXEiTlUIdGVsZWZvbmVxI1gOAAAAKDMxKSA4MzA2LTM3OTJxJFUQY29u\ndGF0b191cmdlbmNpYXElWAcAAABzb2xhbmdlcSZVBmJhaXJyb3EnWBAAAABwYXJxdWUgcmlhY2h1\nZWxvcShVCmxvZ3JhZG91cm9xKVgSAAAAYXYuIHBhcmFuYcOtYmEsMzI3cSpVC25vbWVfY3JhY2hh\ncStYBQAAAHNhcmEgcSxVBHNleG9xLVgBAAAARlUGY2lkYWRlcS5YDgAAAGJlbG8gaG9yaXpvbnRl\ncS9VCmlkZW50aWRhZGVxMFgKAAAAbWcxNDk2NjcxM3ExVRZwYWdhbWVudG9faW5zY3JpY2FvX2lk\ncTJOVRJjb21lYmhzX2FudGVyaW9yZXNxM1gaAAAAMjEsMjIsMjMsMjQsMjUsMjYsMjgsMjksMzBx\nNHViYVUKY2FydF90b3RhbHE1Y2RlY2ltYWwKRGVjaW1hbApxNlUFMzAuMDCFUnE3VQ1fYXV0aF91\nc2VyX2lkcTiKAShVEl9hdXRoX3VzZXJfYmFja2VuZHE5VSlkamFuZ28uY29udHJpYi5hdXRoLmJh\nY2tlbmRzLk1vZGVsQmFja2VuZHE6dS4=\n','2012-11-09 12:54:16'),('ca5d9e8444c318c5f6931c7c316658a8','ZGQ0ZDI1YjMyMTE5YTdmODM0MTA1NzQ5ZWE0NjY4MjQ2NGYzODUxNTqAAn1xAVUKdGVzdGNvb2tp\nZXECVQZ3b3JrZWRxA3Mu\n','2013-09-07 14:13:24'),('caa8b566de6c55ef7fe4cc628f7a1f84','Y2NmNTQ2Nzk2MGZiMjA2NmUwYTQzN2JlODc1MDg5MDZkNzExZGJlODqAAn1xAShVEl9hdXRoX3Vz\nZXJfYmFja2VuZHECVSlkamFuZ28uY29udHJpYi5hdXRoLmJhY2tlbmRzLk1vZGVsQmFja2VuZHED\nVQ1fYXV0aF91c2VyX2lkcQSKASh1Lg==\n','2012-11-19 13:21:11'),('cc804555e9f96b58b1b64e808e6cacc1','ZGQ0ZDI1YjMyMTE5YTdmODM0MTA1NzQ5ZWE0NjY4MjQ2NGYzODUxNTqAAn1xAVUKdGVzdGNvb2tp\nZXECVQZ3b3JrZWRxA3Mu\n','2012-11-28 16:59:19'),('cc9f009edb1f5496e6a9f89b2ddef1e9','MTVlODkzYWVkZTg4YzY2MDU1MjA3MmJlYjg0MzdmOGMyZTU3ZWNmMTqAAn1xAShVEl9hdXRoX3Vz\nZXJfYmFja2VuZHECVSlkamFuZ28uY29udHJpYi5hdXRoLmJhY2tlbmRzLk1vZGVsQmFja2VuZHED\nVQ1fYXV0aF91c2VyX2lkcQSKAQJ1Lg==\n','2012-11-22 17:56:31'),('ccbb1969ab6a825bcd8bf29e760af224','ZGQ0ZDI1YjMyMTE5YTdmODM0MTA1NzQ5ZWE0NjY4MjQ2NGYzODUxNTqAAn1xAVUKdGVzdGNvb2tp\nZXECVQZ3b3JrZWRxA3Mu\n','2012-11-22 23:33:15'),('cccd0e0b427ec5ceb32c2f5bbb1bd633','ZGQ0ZDI1YjMyMTE5YTdmODM0MTA1NzQ5ZWE0NjY4MjQ2NGYzODUxNTqAAn1xAVUKdGVzdGNvb2tp\nZXECVQZ3b3JrZWRxA3Mu\n','2012-12-01 10:58:45'),('cd4670ccf1c44a05713d266934b51bfe','MjU0MDcxMzQ4MDIwNGI4OGU4NGU0Y2U2ZGY2YzkyYTI5ZDlmNThlZjqAAn1xAShVEl9hdXRoX3Vz\nZXJfYmFja2VuZHECVSlkamFuZ28uY29udHJpYi5hdXRoLmJhY2tlbmRzLk1vZGVsQmFja2VuZHED\nVQ1fYXV0aF91c2VyX2lkcQSKApsAdS4=\n','2012-11-15 23:48:32'),('cda013e281d382320fe29e6233e18567','ZGQ0ZDI1YjMyMTE5YTdmODM0MTA1NzQ5ZWE0NjY4MjQ2NGYzODUxNTqAAn1xAVUKdGVzdGNvb2tp\nZXECVQZ3b3JrZWRxA3Mu\n','2013-09-07 09:13:31'),('cdbede23940bb9a05f7b7275bbf305ab','N2ZlYTRhNjQxZDZmNDcwMDg5NGM1MDcwZjNkNzEyZjEyNGJkZDQ3NjqAAn1xAShVEl9hdXRoX3Vz\nZXJfYmFja2VuZHECVSlkamFuZ28uY29udHJpYi5hdXRoLmJhY2tlbmRzLk1vZGVsQmFja2VuZHED\nVQ1fYXV0aF91c2VyX2lkcQSKAW11Lg==\n','2012-11-25 22:03:41'),('cea36addd5874ff1342bdd6e53b59871','ZGQ0ZDI1YjMyMTE5YTdmODM0MTA1NzQ5ZWE0NjY4MjQ2NGYzODUxNTqAAn1xAVUKdGVzdGNvb2tp\nZXECVQZ3b3JrZWRxA3Mu\n','2012-11-23 14:24:38'),('cf4361b3a524df589dfa4d5559c35cd0','MDJhODM3NDRiMGU1MTMzZTRjZWY4MGE0OTNjOTM1YjFiN2Y1YmJjMjqAAn1xAShVEl9hdXRoX3Vz\nZXJfYmFja2VuZHECVSlkamFuZ28uY29udHJpYi5hdXRoLmJhY2tlbmRzLk1vZGVsQmFja2VuZHED\nVQ1fYXV0aF91c2VyX2lkcQSKAU91Lg==\n','2012-10-28 22:31:59'),('cf4e51899417edd9b0bbd0e7bebbe6b3','ZGQ0ZDI1YjMyMTE5YTdmODM0MTA1NzQ5ZWE0NjY4MjQ2NGYzODUxNTqAAn1xAVUKdGVzdGNvb2tp\nZXECVQZ3b3JrZWRxA3Mu\n','2013-09-06 10:13:06'),('cfad81bc0227cd594096b5f9a6bd56f1','ZGQ0ZDI1YjMyMTE5YTdmODM0MTA1NzQ5ZWE0NjY4MjQ2NGYzODUxNTqAAn1xAVUKdGVzdGNvb2tp\nZXECVQZ3b3JrZWRxA3Mu\n','2012-12-07 13:48:07'),('d0b1091d0449cfa788a4a6899f842733','ZGQ0ZDI1YjMyMTE5YTdmODM0MTA1NzQ5ZWE0NjY4MjQ2NGYzODUxNTqAAn1xAVUKdGVzdGNvb2tp\nZXECVQZ3b3JrZWRxA3Mu\n','2012-11-05 23:11:07'),('d0c6799073c87c5d47e64f51765ed406','ZGQ0ZDI1YjMyMTE5YTdmODM0MTA1NzQ5ZWE0NjY4MjQ2NGYzODUxNTqAAn1xAVUKdGVzdGNvb2tp\nZXECVQZ3b3JrZWRxA3Mu\n','2013-09-07 07:13:02'),('d0edc453bd97fc3f65e7aadfa16aaba1','ZGQ0ZDI1YjMyMTE5YTdmODM0MTA1NzQ5ZWE0NjY4MjQ2NGYzODUxNTqAAn1xAVUKdGVzdGNvb2tp\nZXECVQZ3b3JrZWRxA3Mu\n','2012-11-30 19:25:10'),('d17a956d62997264b0c875264ccd760b','MDQzMmEyMDUxNTEyZjAzZGM2ODY5NjFlYTY5MTNjZjY1ZDllM2Q3ZDqAAn1xAShVEl9hdXRoX3Vz\nZXJfYmFja2VuZHECVSlkamFuZ28uY29udHJpYi5hdXRoLmJhY2tlbmRzLk1vZGVsQmFja2VuZHED\nVQ1fYXV0aF91c2VyX2lkcQSKAV11Lg==\n','2012-11-25 13:01:53'),('d2bcd915101ef65948d5e91753999e21','ZGQ0ZDI1YjMyMTE5YTdmODM0MTA1NzQ5ZWE0NjY4MjQ2NGYzODUxNTqAAn1xAVUKdGVzdGNvb2tp\nZXECVQZ3b3JrZWRxA3Mu\n','2012-11-24 14:32:21'),('d37a33e45f429aed584383a22049500f','YzI0YzI4NzUyZmM3NWFiNDNhZWFjMmE3Y2RjNzA5NGE4ODI0NTJiNzqAAn1xAShVEl9hdXRoX3Vz\nZXJfYmFja2VuZHECVSlkamFuZ28uY29udHJpYi5hdXRoLmJhY2tlbmRzLk1vZGVsQmFja2VuZHED\nVQ1fYXV0aF91c2VyX2lkcQSKAogAdS4=\n','2012-11-11 20:37:32'),('d3f5b48d2dc1ce793b3059b3dfde576b','NzczZDkwMWU4NTcyMTJiYTY2MjhlYTVmYzI3YmZlZGQ1ZWZiMjY0NTqAAn1xAShVEl9hdXRoX3Vz\nZXJfYmFja2VuZHECVSlkamFuZ28uY29udHJpYi5hdXRoLmJhY2tlbmRzLk1vZGVsQmFja2VuZHED\nVQ1fYXV0aF91c2VyX2lkcQSKAT51Lg==\n','2012-10-25 03:27:30'),('d49493f58438c385ccf8ec6698688430','ODNkZmM3OGY1YzNlYWIzYWJjZGVkZGYwN2FjZDMwNjQzYTVhZWU5MzqAAn1xAShVEl9hdXRoX3Vz\nZXJfYmFja2VuZHECVSlkamFuZ28uY29udHJpYi5hdXRoLmJhY2tlbmRzLk1vZGVsQmFja2VuZHED\nVQ1fYXV0aF91c2VyX2lkcQSKAUl1Lg==\n','2012-10-26 22:30:38'),('d55c659523e9c585800c7cf49f14599c','ZGQ0ZDI1YjMyMTE5YTdmODM0MTA1NzQ5ZWE0NjY4MjQ2NGYzODUxNTqAAn1xAVUKdGVzdGNvb2tp\nZXECVQZ3b3JrZWRxA3Mu\n','2013-09-05 23:11:56'),('d55f8fc74b5e5ddce3905545e4bda942','ZGQ0ZDI1YjMyMTE5YTdmODM0MTA1NzQ5ZWE0NjY4MjQ2NGYzODUxNTqAAn1xAVUKdGVzdGNvb2tp\nZXECVQZ3b3JrZWRxA3Mu\n','2012-11-04 20:56:25'),('d58c61b46230b3f046c684f51e841916','ZGQ0ZDI1YjMyMTE5YTdmODM0MTA1NzQ5ZWE0NjY4MjQ2NGYzODUxNTqAAn1xAVUKdGVzdGNvb2tp\nZXECVQZ3b3JrZWRxA3Mu\n','2012-11-11 21:22:49'),('d62464e2a1df2f2d4f0ba20b7a4a57e6','MDJhODM3NDRiMGU1MTMzZTRjZWY4MGE0OTNjOTM1YjFiN2Y1YmJjMjqAAn1xAShVEl9hdXRoX3Vz\nZXJfYmFja2VuZHECVSlkamFuZ28uY29udHJpYi5hdXRoLmJhY2tlbmRzLk1vZGVsQmFja2VuZHED\nVQ1fYXV0aF91c2VyX2lkcQSKAU91Lg==\n','2012-10-28 22:32:19'),('d66506c27920737910d45cef5d7b246a','ZGQ0ZDI1YjMyMTE5YTdmODM0MTA1NzQ5ZWE0NjY4MjQ2NGYzODUxNTqAAn1xAVUKdGVzdGNvb2tp\nZXECVQZ3b3JrZWRxA3Mu\n','2013-09-08 06:14:32'),('d681b6221e8226803b0a5a6e2a3eea11','YTM0OTI4MDA0YTkyMmEyYjYxZTY2MWU1ZWFhYTE1NzdhYmFhYWEzYTqAAn1xAShVEl9hdXRoX3Vz\nZXJfYmFja2VuZHECVSlkamFuZ28uY29udHJpYi5hdXRoLmJhY2tlbmRzLk1vZGVsQmFja2VuZHED\nVQ1fYXV0aF91c2VyX2lkcQSKAtcAdS4=\n','2012-11-27 20:26:35'),('d6ed790df6961587580b9f495153060c','YjQ4YzNhNTdjNzU3MTRjMjIzYmQ5OWUzMWI0N2E2MTE1NDcxMDQ3YzqAAn1xAShVEl9hdXRoX3Vz\nZXJfYmFja2VuZHECVSlkamFuZ28uY29udHJpYi5hdXRoLmJhY2tlbmRzLk1vZGVsQmFja2VuZHED\nVQ1fYXV0aF91c2VyX2lkcQSKASV1Lg==\n','2012-10-15 20:29:30'),('d720da3a28d3a2877a18f88b2e1dcb12','ZGQ0ZDI1YjMyMTE5YTdmODM0MTA1NzQ5ZWE0NjY4MjQ2NGYzODUxNTqAAn1xAVUKdGVzdGNvb2tp\nZXECVQZ3b3JrZWRxA3Mu\n','2012-10-26 19:48:17'),('d7b20cd42ed0cd877635ed57d4e92f67','M2MyMWRkNzIzYzdjOGYxNDVkYzA3YjlmMWNkNmVlMGNlYjNkNmQ4YjqAAn1xAShVEl9hdXRoX3Vz\nZXJfYmFja2VuZHECVSlkamFuZ28uY29udHJpYi5hdXRoLmJhY2tlbmRzLk1vZGVsQmFja2VuZHED\nVQ1fYXV0aF91c2VyX2lkcQSKAqwAdS4=\n','2012-11-19 13:33:17'),('d7e1c59c67a7259335096f36282876d8','NTMxNmYxYmJmNTIwMTZkZWM0MjRjYjdlZTY1ZjFkYzcyYmIzMDEyZDqAAn1xAShVEl9hdXRoX3Vz\nZXJfYmFja2VuZHECVSlkamFuZ28uY29udHJpYi5hdXRoLmJhY2tlbmRzLk1vZGVsQmFja2VuZHED\nVQ1fYXV0aF91c2VyX2lkcQSKAq0AdS4=\n','2012-11-19 21:26:46'),('d91748adc51b6a9074f5cccb2ac910de','ZGQ0ZDI1YjMyMTE5YTdmODM0MTA1NzQ5ZWE0NjY4MjQ2NGYzODUxNTqAAn1xAVUKdGVzdGNvb2tp\nZXECVQZ3b3JrZWRxA3Mu\n','2013-09-07 19:12:10'),('d96012a96ee46bc9274ac1905b67c007','ZGQ0ZDI1YjMyMTE5YTdmODM0MTA1NzQ5ZWE0NjY4MjQ2NGYzODUxNTqAAn1xAVUKdGVzdGNvb2tp\nZXECVQZ3b3JrZWRxA3Mu\n','2012-11-15 10:28:02'),('da07fc63807a28b05aa9a6a829a949e4','NmNjZGEyYWJiNzc5YTgzNmQ5NTkxMmE0MGEyNDM0Zjg2NTI3OWFhNzqAAn1xAShVEl9hdXRoX3Vz\nZXJfYmFja2VuZHECVSlkamFuZ28uY29udHJpYi5hdXRoLmJhY2tlbmRzLk1vZGVsQmFja2VuZHED\nVQpjYXJ0X3RvdGFscQRLAFUNX2F1dGhfdXNlcl9pZHEFigFBVQRjYXJ0cQZdcQd1Lg==\n','2012-11-11 16:54:45'),('da11437e0ad43fd9be61979a98c31317','ZmZlZGYzMjkyZjdkM2VlNjhhNTRmZDkxOGY0ZDQwZWY0OWVjZTAzMzqAAn1xAShVEl9hdXRoX3Vz\nZXJfYmFja2VuZHECVSlkamFuZ28uY29udHJpYi5hdXRoLmJhY2tlbmRzLk1vZGVsQmFja2VuZHED\nVQ1fYXV0aF91c2VyX2lkcQSKAQF1Lg==\n','2012-11-06 17:19:32'),('da3f8fcaa9628ef1964d255f28c9296c','NjcxNWJlMGYwOGQyMjkzMjliNGRkNjA3MTcyNGFhMjg5MjNhYmViMzqAAn1xAShVEl9hdXRoX3Vz\nZXJfYmFja2VuZHECVSlkamFuZ28uY29udHJpYi5hdXRoLmJhY2tlbmRzLk1vZGVsQmFja2VuZHED\nVQ1fYXV0aF91c2VyX2lkcQSKASJ1Lg==\n','2012-11-27 12:12:57'),('da89b5e0ffe7c3ed4a79ab89982d9e95','ZGQ0ZDI1YjMyMTE5YTdmODM0MTA1NzQ5ZWE0NjY4MjQ2NGYzODUxNTqAAn1xAVUKdGVzdGNvb2tp\nZXECVQZ3b3JrZWRxA3Mu\n','2013-09-07 07:13:00'),('daab510aa0120dc992b7f0cf2a7c15f3','ODkwZWJkZGVmNDI5ZmQxZDA1YjNmMzFhZjYxYjAwMjc5MmY4NzQ4NTqAAn1xAShVEl9hdXRoX3Vz\nZXJfYmFja2VuZHECVSlkamFuZ28uY29udHJpYi5hdXRoLmJhY2tlbmRzLk1vZGVsQmFja2VuZHED\nVQ1fYXV0aF91c2VyX2lkcQSKAqMAdS4=\n','2012-11-21 17:21:02'),('daf34d2d38c7dde33b688541d1a5025d','MjQ5OTNjNTA3NzI2ZGRjNjZlNTllNGU3OWZmMTAxMTViOWFlZTcwZjqAAn1xAShVEl9hdXRoX3Vz\nZXJfYmFja2VuZHECVSlkamFuZ28uY29udHJpYi5hdXRoLmJhY2tlbmRzLk1vZGVsQmFja2VuZHED\nVQ1fYXV0aF91c2VyX2lkcQSKAWl1Lg==\n','2012-11-12 02:36:38'),('db3b858c599dd4852c53d2f0deafbe6e','ZmZlNWY5NWJjMzkzNGUyMDU2NzNmYmM4YTczMTI0NGQzYjA5MmUyMjqAAn1xAShVEl9hdXRoX3Vz\nZXJfYmFja2VuZHECVSlkamFuZ28uY29udHJpYi5hdXRoLmJhY2tlbmRzLk1vZGVsQmFja2VuZHED\nVQ1fYXV0aF91c2VyX2lkcQSKAqYAdS4=\n','2012-11-23 22:40:24'),('dc1ef13f137b87d21e8ffd821b52425e','NGRmOTA4OTkzNWZkNTAxZDA5YzI1NTBkZDEwOTgyN2U0NjEzNmQ0NjqAAn1xAShVEl9hdXRoX3Vz\nZXJfYmFja2VuZHECVSlkamFuZ28uY29udHJpYi5hdXRoLmJhY2tlbmRzLk1vZGVsQmFja2VuZHED\nVQ1fYXV0aF91c2VyX2lkcQSKAqkAdS4=\n','2012-11-17 23:20:05'),('dc5610a335376c4b3a71bcb968b62fbd','ZGQ0ZDI1YjMyMTE5YTdmODM0MTA1NzQ5ZWE0NjY4MjQ2NGYzODUxNTqAAn1xAVUKdGVzdGNvb2tp\nZXECVQZ3b3JrZWRxA3Mu\n','2013-09-06 06:16:32'),('dcb655841a162bac6455a06c32b4cff6','ZGQ0ZDI1YjMyMTE5YTdmODM0MTA1NzQ5ZWE0NjY4MjQ2NGYzODUxNTqAAn1xAVUKdGVzdGNvb2tp\nZXECVQZ3b3JrZWRxA3Mu\n','2012-11-15 10:28:00'),('dcbd023f50bce4a912f200aa4eca62d2','ZGQ0ZDI1YjMyMTE5YTdmODM0MTA1NzQ5ZWE0NjY4MjQ2NGYzODUxNTqAAn1xAVUKdGVzdGNvb2tp\nZXECVQZ3b3JrZWRxA3Mu\n','2012-11-05 22:53:58'),('dd7babc5950fd3e785542f29980957e0','ZGQ0ZDI1YjMyMTE5YTdmODM0MTA1NzQ5ZWE0NjY4MjQ2NGYzODUxNTqAAn1xAVUKdGVzdGNvb2tp\nZXECVQZ3b3JrZWRxA3Mu\n','2013-09-06 09:15:17'),('ddb877370132c605cdf5f889113459dc','ZGQ0ZDI1YjMyMTE5YTdmODM0MTA1NzQ5ZWE0NjY4MjQ2NGYzODUxNTqAAn1xAVUKdGVzdGNvb2tp\nZXECVQZ3b3JrZWRxA3Mu\n','2012-10-31 21:57:55'),('dde4472a51787f184822feb3e4564d34','ZGQ0ZDI1YjMyMTE5YTdmODM0MTA1NzQ5ZWE0NjY4MjQ2NGYzODUxNTqAAn1xAVUKdGVzdGNvb2tp\nZXECVQZ3b3JrZWRxA3Mu\n','2012-11-05 17:36:18'),('de6a0bae795f8f3c868878ff8db095d0','ZGQ0ZDI1YjMyMTE5YTdmODM0MTA1NzQ5ZWE0NjY4MjQ2NGYzODUxNTqAAn1xAVUKdGVzdGNvb2tp\nZXECVQZ3b3JrZWRxA3Mu\n','2013-09-08 04:20:48'),('de8c804b246f0b6e90cf71c2fba1f827','MTFlMTBjMjZmOGI4YmY3MGQ4MDI3MTNmOGY5YjFlNDdjODJjODA3ZTqAAn1xAShVEl9hdXRoX3Vz\nZXJfYmFja2VuZHECVSlkamFuZ28uY29udHJpYi5hdXRoLmJhY2tlbmRzLk1vZGVsQmFja2VuZHED\nVQ1fYXV0aF91c2VyX2lkcQSKAtsAdS4=\n','2012-12-03 14:07:19'),('df0aacffded00d564256a0ae382d9c11','ZGQ0ZDI1YjMyMTE5YTdmODM0MTA1NzQ5ZWE0NjY4MjQ2NGYzODUxNTqAAn1xAVUKdGVzdGNvb2tp\nZXECVQZ3b3JrZWRxA3Mu\n','2013-09-07 08:13:42'),('df742afc642725341b9ddd06224c6f5d','ZGQ0ZDI1YjMyMTE5YTdmODM0MTA1NzQ5ZWE0NjY4MjQ2NGYzODUxNTqAAn1xAVUKdGVzdGNvb2tp\nZXECVQZ3b3JrZWRxA3Mu\n','2012-10-26 02:42:26'),('dfe4361d5356e96d2b1c41d54b0e1f13','ZWJiMjM0ODU4ZTQzY2Y2NTkzODQ2OGQwZmY5OWU0ZmZmYjdhMDllMjqAAn1xAShVEl9hdXRoX3Vz\nZXJfYmFja2VuZHECVSlkamFuZ28uY29udHJpYi5hdXRoLmJhY2tlbmRzLk1vZGVsQmFja2VuZHED\nVQ1fYXV0aF91c2VyX2lkcQSKAW91Lg==\n','2012-11-06 02:11:49'),('e0266fe2551ef3c45f4b3692d636d996','ZGQ0ZDI1YjMyMTE5YTdmODM0MTA1NzQ5ZWE0NjY4MjQ2NGYzODUxNTqAAn1xAVUKdGVzdGNvb2tp\nZXECVQZ3b3JrZWRxA3Mu\n','2012-10-28 22:38:18'),('e14a9040329538af06586c8c9b1a7d32','ZGQ0ZDI1YjMyMTE5YTdmODM0MTA1NzQ5ZWE0NjY4MjQ2NGYzODUxNTqAAn1xAVUKdGVzdGNvb2tp\nZXECVQZ3b3JrZWRxA3Mu\n','2012-11-25 12:26:16'),('e198d656a77fb17483191e92223a4570','ZGQ0ZDI1YjMyMTE5YTdmODM0MTA1NzQ5ZWE0NjY4MjQ2NGYzODUxNTqAAn1xAVUKdGVzdGNvb2tp\nZXECVQZ3b3JrZWRxA3Mu\n','2012-10-28 22:37:37'),('e299e42d5e3bd3ec91034700bb35df26','YjNmOGNkZWQ0MTg5MmYzYTFlMjIxODkyZDc3MzlhNjRlZDgxZWJhMTqAAn1xAShVEl9hdXRoX3Vz\nZXJfYmFja2VuZHECVSlkamFuZ28uY29udHJpYi5hdXRoLmJhY2tlbmRzLk1vZGVsQmFja2VuZHED\nVQ1fYXV0aF91c2VyX2lkcQSKAtAAdS4=\n','2012-12-15 20:51:15'),('e2b10312765575bb9993e687a3908c44','Y2IwNTViMDMxYjEyNWRjODZlMjUwODI2MmU5YTdiNzI3YjY5YWQxZTqAAn1xAS4=\n','2012-12-08 00:14:30'),('e322c3a233c1b4d9b21cf808685aec90','ZGQ0ZDI1YjMyMTE5YTdmODM0MTA1NzQ5ZWE0NjY4MjQ2NGYzODUxNTqAAn1xAVUKdGVzdGNvb2tp\nZXECVQZ3b3JrZWRxA3Mu\n','2013-09-05 20:13:39'),('e323ebc97c1addc80c08e197643fc3ab','ZDYxMDM2NTE4ZDNkODJlNmE3OTFmZWE2NjRhNGI2ODI1NjFlMmUzZjqAAn1xAShVEl9hdXRoX3Vz\nZXJfYmFja2VuZHECVSlkamFuZ28uY29udHJpYi5hdXRoLmJhY2tlbmRzLk1vZGVsQmFja2VuZHED\nVQ1fYXV0aF91c2VyX2lkcQSKAVl1Lg==\n','2012-10-29 23:02:01'),('e341964b8cc7b1510348a73dde75fbd7','ZmZlNWY5NWJjMzkzNGUyMDU2NzNmYmM4YTczMTI0NGQzYjA5MmUyMjqAAn1xAShVEl9hdXRoX3Vz\nZXJfYmFja2VuZHECVSlkamFuZ28uY29udHJpYi5hdXRoLmJhY2tlbmRzLk1vZGVsQmFja2VuZHED\nVQ1fYXV0aF91c2VyX2lkcQSKAqYAdS4=\n','2012-11-24 14:46:04'),('e3b6d985b4605e2ad4ec0c27dda6bd4c','ZGQ0ZDI1YjMyMTE5YTdmODM0MTA1NzQ5ZWE0NjY4MjQ2NGYzODUxNTqAAn1xAVUKdGVzdGNvb2tp\nZXECVQZ3b3JrZWRxA3Mu\n','2012-11-24 15:10:23'),('e3d8e1c1206576b8805b14ccb306884e','ZGQ0ZDI1YjMyMTE5YTdmODM0MTA1NzQ5ZWE0NjY4MjQ2NGYzODUxNTqAAn1xAVUKdGVzdGNvb2tp\nZXECVQZ3b3JrZWRxA3Mu\n','2013-09-07 20:12:25'),('e49e28be9eab418d25ce03a5942dc4ae','YmQwM2JhYWNlMWZjNDRlYWE2ZGVkMmQ1YzBhYjRlYTZiNDUwMDlmMzqAAn1xAShVEl9hdXRoX3Vz\nZXJfYmFja2VuZHECVSlkamFuZ28uY29udHJpYi5hdXRoLmJhY2tlbmRzLk1vZGVsQmFja2VuZHED\nVQ1fYXV0aF91c2VyX2lkcQSKAWV1Lg==\n','2012-11-24 19:44:21'),('e4b82d47ef190be442ea34aa1fd1e3bf','YzVkZjFiMWYxMjMwYjcwOGRhZjliMjE4MTkxZDVjZTE2Y2U0MWU5NzqAAn1xAShVEl9hdXRoX3Vz\nZXJfYmFja2VuZHECVSlkamFuZ28uY29udHJpYi5hdXRoLmJhY2tlbmRzLk1vZGVsQmFja2VuZHED\nVQ1fYXV0aF91c2VyX2lkcQSKASt1Lg==\n','2012-10-22 15:59:35'),('e4dc0e603f64d3b24346113f1f6aa47c','ZGQ0ZDI1YjMyMTE5YTdmODM0MTA1NzQ5ZWE0NjY4MjQ2NGYzODUxNTqAAn1xAVUKdGVzdGNvb2tp\nZXECVQZ3b3JrZWRxA3Mu\n','2013-09-07 15:11:57'),('e54ac8a6c7fa9981ef881f860e7042b8','ZGQ0ZDI1YjMyMTE5YTdmODM0MTA1NzQ5ZWE0NjY4MjQ2NGYzODUxNTqAAn1xAVUKdGVzdGNvb2tp\nZXECVQZ3b3JrZWRxA3Mu\n','2012-10-28 22:34:14'),('e559c49d1fad0506815e229d249ee5b4','ZGQ0ZDI1YjMyMTE5YTdmODM0MTA1NzQ5ZWE0NjY4MjQ2NGYzODUxNTqAAn1xAVUKdGVzdGNvb2tp\nZXECVQZ3b3JrZWRxA3Mu\n','2013-01-01 13:39:27'),('e5689279403f9bbecf38fa05074de10a','YzAwYTFjYzU0ODYwN2I4NzhjNjkwOWY2NWFkZGMxYTBiZDM1ZDY0YzqAAn1xAShVEl9hdXRoX3Vz\nZXJfYmFja2VuZHECVSlkamFuZ28uY29udHJpYi5hdXRoLmJhY2tlbmRzLk1vZGVsQmFja2VuZHED\nVQ1fYXV0aF91c2VyX2lkcQSKASZ1Lg==\n','2012-10-27 17:30:14'),('e65c608eba52e39c0ac8a544ce384e9e','ODBhNGIxNmU2YjVkNTE0YjFkMDdjNzBkMWE5N2ZhMzMyOTE2NDc5YzqAAn1xAShVEl9hdXRoX3Vz\nZXJfYmFja2VuZHECVSlkamFuZ28uY29udHJpYi5hdXRoLmJhY2tlbmRzLk1vZGVsQmFja2VuZHED\nVQ1fYXV0aF91c2VyX2lkcQSKAXJ1Lg==\n','2012-11-24 14:58:27'),('e662ca9157e6b7147795025b85a58ad1','ZGQ0ZDI1YjMyMTE5YTdmODM0MTA1NzQ5ZWE0NjY4MjQ2NGYzODUxNTqAAn1xAVUKdGVzdGNvb2tp\nZXECVQZ3b3JrZWRxA3Mu\n','2012-11-16 12:06:17'),('e6849f0c6a70334e004f62c802090da6','ZDdhMjEyMDIzNzM0ZGFkNjQ5MDBiYmYzZjYwNTZhZTFhODI2YTkwNjqAAn1xAShVEl9hdXRoX3Vz\nZXJfYmFja2VuZHECVSlkamFuZ28uY29udHJpYi5hdXRoLmJhY2tlbmRzLk1vZGVsQmFja2VuZHED\nVQ1fYXV0aF91c2VyX2lkcQSKAT91Lg==\n','2012-10-25 11:50:17'),('e7034aca0bca75377621e18123434351','ZGQ0ZDI1YjMyMTE5YTdmODM0MTA1NzQ5ZWE0NjY4MjQ2NGYzODUxNTqAAn1xAVUKdGVzdGNvb2tp\nZXECVQZ3b3JrZWRxA3Mu\n','2013-01-26 12:21:18'),('e71af699bed46de3afed8b2cfe2e686b','MTVlODkzYWVkZTg4YzY2MDU1MjA3MmJlYjg0MzdmOGMyZTU3ZWNmMTqAAn1xAShVEl9hdXRoX3Vz\nZXJfYmFja2VuZHECVSlkamFuZ28uY29udHJpYi5hdXRoLmJhY2tlbmRzLk1vZGVsQmFja2VuZHED\nVQ1fYXV0aF91c2VyX2lkcQSKAQJ1Lg==\n','2012-11-06 19:30:04'),('e75d32c9e16e0a7271d0ca1da14b79c2','ZGQ0ZDI1YjMyMTE5YTdmODM0MTA1NzQ5ZWE0NjY4MjQ2NGYzODUxNTqAAn1xAVUKdGVzdGNvb2tp\nZXECVQZ3b3JrZWRxA3Mu\n','2012-11-27 12:51:20'),('e818a23691d4eb6996c06ce66cabdc0e','ZGQ0ZDI1YjMyMTE5YTdmODM0MTA1NzQ5ZWE0NjY4MjQ2NGYzODUxNTqAAn1xAVUKdGVzdGNvb2tp\nZXECVQZ3b3JrZWRxA3Mu\n','2013-09-06 02:15:31'),('e8798a63a7a67ca63180c9a0305b291e','MDMwYTFiMjZlNjRhMGQ4NjMzMTkyMjQ0YTg1NDJlMTU3OWVjOGY5ODqAAn1xAShVEl9hdXRoX3Vz\nZXJfYmFja2VuZHECVSlkamFuZ28uY29udHJpYi5hdXRoLmJhY2tlbmRzLk1vZGVsQmFja2VuZHED\nVQ1fYXV0aF91c2VyX2lkcQSKApwAdS4=\n','2012-11-16 01:03:08'),('e89258ff29dfc787e558f30f059f48f6','ZGQ0ZDI1YjMyMTE5YTdmODM0MTA1NzQ5ZWE0NjY4MjQ2NGYzODUxNTqAAn1xAVUKdGVzdGNvb2tp\nZXECVQZ3b3JrZWRxA3Mu\n','2013-09-07 10:13:07'),('e8c23d81ea6db34603a480c6509e6760','ZGQ0ZDI1YjMyMTE5YTdmODM0MTA1NzQ5ZWE0NjY4MjQ2NGYzODUxNTqAAn1xAVUKdGVzdGNvb2tp\nZXECVQZ3b3JrZWRxA3Mu\n','2012-11-21 00:01:07'),('e8d5e89130e26724e3b3bbfa71b6cc75','ZGQ0ZDI1YjMyMTE5YTdmODM0MTA1NzQ5ZWE0NjY4MjQ2NGYzODUxNTqAAn1xAVUKdGVzdGNvb2tp\nZXECVQZ3b3JrZWRxA3Mu\n','2013-09-06 12:13:59'),('ea0786026427d51521b5b3c8a65077a6','ZGQ0ZDI1YjMyMTE5YTdmODM0MTA1NzQ5ZWE0NjY4MjQ2NGYzODUxNTqAAn1xAVUKdGVzdGNvb2tp\nZXECVQZ3b3JrZWRxA3Mu\n','2013-09-06 18:12:33'),('eab83eaa54bdb9205ed89e00f2828276','ZGQ0ZDI1YjMyMTE5YTdmODM0MTA1NzQ5ZWE0NjY4MjQ2NGYzODUxNTqAAn1xAVUKdGVzdGNvb2tp\nZXECVQZ3b3JrZWRxA3Mu\n','2012-10-29 00:30:25'),('ead47127d976ab21c44b3647851080be','ZmZiNWRhNDk4ZWY5YmI0MDlmMWUwYTczNjVhNjVjMDUwMmRjZjZiNDqAAn1xAShVEl9hdXRoX3Vz\nZXJfYmFja2VuZHECVSlkamFuZ28uY29udHJpYi5hdXRoLmJhY2tlbmRzLk1vZGVsQmFja2VuZHED\nVQ1fYXV0aF91c2VyX2lkcQSKAVN1Lg==\n','2012-12-01 16:37:05'),('ebe64bdac602e595ecda7cd9e0cc4ce2','MzNkOWM4Y2NiYWNiNjQ5NGIyNzIzN2E3MDc2NTA1Mjc4NzZhOWI3YjqAAn1xAShVEl9hdXRoX3Vz\nZXJfYmFja2VuZHECVSlkamFuZ28uY29udHJpYi5hdXRoLmJhY2tlbmRzLk1vZGVsQmFja2VuZHED\nVQ1fYXV0aF91c2VyX2lkcQSKAoQAdS4=\n','2012-11-11 11:22:58'),('ebe81b891cabe6f8e93e40e8af8d2572','Y2NmNTQ2Nzk2MGZiMjA2NmUwYTQzN2JlODc1MDg5MDZkNzExZGJlODqAAn1xAShVEl9hdXRoX3Vz\nZXJfYmFja2VuZHECVSlkamFuZ28uY29udHJpYi5hdXRoLmJhY2tlbmRzLk1vZGVsQmFja2VuZHED\nVQ1fYXV0aF91c2VyX2lkcQSKASh1Lg==\n','2012-10-29 14:01:38'),('ebe98b05bce662a23fd8d2cb9001bea3','ZGQ0ZDI1YjMyMTE5YTdmODM0MTA1NzQ5ZWE0NjY4MjQ2NGYzODUxNTqAAn1xAVUKdGVzdGNvb2tp\nZXECVQZ3b3JrZWRxA3Mu\n','2013-06-01 12:50:24'),('ec210e75dd527085d0e324aab090b34d','NzkwNjZiOTQ3Y2IxNWIwMWNjNzY1MjUyMTVmNWZhNzE2NjE0Zjk5MDqAAn1xAShVBGNhcnRxAl1x\nA1UKY2FydF90b3RhbHEESwBVDV9hdXRoX3VzZXJfaWRxBYoBQVUSX2F1dGhfdXNlcl9iYWNrZW5k\ncQZVKWRqYW5nby5jb250cmliLmF1dGguYmFja2VuZHMuTW9kZWxCYWNrZW5kcQd1Lg==\n','2012-10-30 14:46:18'),('ed736e26b32d5a3beb95b48932244cc9','ZGQ0ZDI1YjMyMTE5YTdmODM0MTA1NzQ5ZWE0NjY4MjQ2NGYzODUxNTqAAn1xAVUKdGVzdGNvb2tp\nZXECVQZ3b3JrZWRxA3Mu\n','2012-11-04 01:26:36'),('edc8125492fc82d374d10caaa4ff79dd','MTVlODkzYWVkZTg4YzY2MDU1MjA3MmJlYjg0MzdmOGMyZTU3ZWNmMTqAAn1xAShVEl9hdXRoX3Vz\nZXJfYmFja2VuZHECVSlkamFuZ28uY29udHJpYi5hdXRoLmJhY2tlbmRzLk1vZGVsQmFja2VuZHED\nVQ1fYXV0aF91c2VyX2lkcQSKAQJ1Lg==\n','2013-03-27 19:34:15'),('ee585984dfb2f0923415aef2a71c15a5','NTNiNTJmOWUwZWViMGQ4NzZiNzQwYjAzMzMxZjI0Nzc5YmMzMDhkZDqAAn1xAShVEl9hdXRoX3Vz\nZXJfYmFja2VuZHECVSlkamFuZ28uY29udHJpYi5hdXRoLmJhY2tlbmRzLk1vZGVsQmFja2VuZHED\nVQ1fYXV0aF91c2VyX2lkcQSKAXV1Lg==\n','2012-12-18 20:45:26'),('ee8b06707415be0a8377b9145c256612','ZmZlZGYzMjkyZjdkM2VlNjhhNTRmZDkxOGY0ZDQwZWY0OWVjZTAzMzqAAn1xAShVEl9hdXRoX3Vz\nZXJfYmFja2VuZHECVSlkamFuZ28uY29udHJpYi5hdXRoLmJhY2tlbmRzLk1vZGVsQmFja2VuZHED\nVQ1fYXV0aF91c2VyX2lkcQSKAQF1Lg==\n','2012-12-18 17:28:03'),('eeeb3a8d0b437f87ad09c97d2e193b7c','ZGQ0ZDI1YjMyMTE5YTdmODM0MTA1NzQ5ZWE0NjY4MjQ2NGYzODUxNTqAAn1xAVUKdGVzdGNvb2tp\nZXECVQZ3b3JrZWRxA3Mu\n','2013-02-22 18:03:52'),('eeff5fab8ad788a4c4cbd98e16de0a84','ODkyNmYyZDU4MWFmOWY5NGI4MTMwYjQ4MDUwYzlkYjM0MGE1Njc4MjqAAn1xAShVEl9hdXRoX3Vz\nZXJfYmFja2VuZHECVSlkamFuZ28uY29udHJpYi5hdXRoLmJhY2tlbmRzLk1vZGVsQmFja2VuZHED\nVQ1fYXV0aF91c2VyX2lkcQSKAQ91Lg==\n','2012-09-21 15:08:52'),('f019c51a29e21fc53ce70acc6f94cc22','MGNhOTVlNTA5NTVhNjQzNGI0MjdiNzJmYTUyZWM5Y2Q5ZDUyYzlkMTqAAn1xAShVEl9hdXRoX3Vz\nZXJfYmFja2VuZHECVSlkamFuZ28uY29udHJpYi5hdXRoLmJhY2tlbmRzLk1vZGVsQmFja2VuZHED\nVQ1fYXV0aF91c2VyX2lkcQSKArQAdS4=\n','2012-11-21 00:43:32'),('f0ab8d335290fdbb5c500d4d45a5ba1c','ZGQ0ZDI1YjMyMTE5YTdmODM0MTA1NzQ5ZWE0NjY4MjQ2NGYzODUxNTqAAn1xAVUKdGVzdGNvb2tp\nZXECVQZ3b3JrZWRxA3Mu\n','2012-11-16 01:17:43'),('f0b6decb112cdc51bacf593dcf79d412','ZjBiNDRkYWE0ZmQxNDUxNWU5NzVjODg0YjNhOGY3NGI4NGZmMWRjYTqAAn1xAShVEl9hdXRoX3Vz\nZXJfYmFja2VuZHECVSlkamFuZ28uY29udHJpYi5hdXRoLmJhY2tlbmRzLk1vZGVsQmFja2VuZHED\nVQ1fYXV0aF91c2VyX2lkcQSKAr0AdS4=\n','2012-11-21 18:06:41'),('f117e38f9d97d346b330295df73d3af2','MzEyZGFkOTBmYmI1NjdlMThmMmY3M2EzMzgyYjhkYmRjMjZlYzYyZjqAAn1xAShVDV9hdXRoX3Vz\nZXJfaWRxAooBJlUKY2FydF90b3RhbHEDSwBVEl9hdXRoX3VzZXJfYmFja2VuZHEEVSlkamFuZ28u\nY29udHJpYi5hdXRoLmJhY2tlbmRzLk1vZGVsQmFja2VuZHEFVQRjYXJ0cQZdcQd1Lg==\n','2012-12-08 02:19:22'),('f264e79bb3b569fc7915bbb4a604855e','ZGQ0ZDI1YjMyMTE5YTdmODM0MTA1NzQ5ZWE0NjY4MjQ2NGYzODUxNTqAAn1xAVUKdGVzdGNvb2tp\nZXECVQZ3b3JrZWRxA3Mu\n','2013-09-06 10:13:05'),('f28b94acf81534bc53dcd5a8a3603930','ZGQ0ZDI1YjMyMTE5YTdmODM0MTA1NzQ5ZWE0NjY4MjQ2NGYzODUxNTqAAn1xAVUKdGVzdGNvb2tp\nZXECVQZ3b3JrZWRxA3Mu\n','2013-09-06 00:16:27'),('f2f78fe99e706e346e191d2f6ec050f0','ZGQ0ZDI1YjMyMTE5YTdmODM0MTA1NzQ5ZWE0NjY4MjQ2NGYzODUxNTqAAn1xAVUKdGVzdGNvb2tp\nZXECVQZ3b3JrZWRxA3Mu\n','2012-11-21 14:26:41'),('f3bb18e9d67297c39d9eaf36b9462a98','ZDYwYTQwMTQyODMwMWQyYzE4NTZhNWQ1MDFhYWQzYTU1NGRhMzE2YzqAAn1xAShVEl9hdXRoX3Vz\nZXJfYmFja2VuZHECVSlkamFuZ28uY29udHJpYi5hdXRoLmJhY2tlbmRzLk1vZGVsQmFja2VuZHED\nVQpjYXJ0X3RvdGFscQRLAFUNX2F1dGhfdXNlcl9pZHEFigEPVQRjYXJ0cQZdcQd1Lg==\n','2012-09-21 04:14:20'),('f3c1377ef45cf7e62d82019240b41af9','ZGQ0ZDI1YjMyMTE5YTdmODM0MTA1NzQ5ZWE0NjY4MjQ2NGYzODUxNTqAAn1xAVUKdGVzdGNvb2tp\nZXECVQZ3b3JrZWRxA3Mu\n','2012-10-27 20:18:36'),('f437d8a2f0ee6e5cfe10d471698e133d','MTVlODkzYWVkZTg4YzY2MDU1MjA3MmJlYjg0MzdmOGMyZTU3ZWNmMTqAAn1xAShVEl9hdXRoX3Vz\nZXJfYmFja2VuZHECVSlkamFuZ28uY29udHJpYi5hdXRoLmJhY2tlbmRzLk1vZGVsQmFja2VuZHED\nVQ1fYXV0aF91c2VyX2lkcQSKAQJ1Lg==\n','2012-09-20 19:06:16'),('f4cd42d14761f4aa02a4a374d4677820','OTcwODkxMmM5NWY5YjgyOWYwMWE3NGMxY2IyMTRiMGM5ODVhNDc1MTqAAn1xAShVEl9hdXRoX3Vz\nZXJfYmFja2VuZHECVSlkamFuZ28uY29udHJpYi5hdXRoLmJhY2tlbmRzLk1vZGVsQmFja2VuZHED\nVQ1fYXV0aF91c2VyX2lkcQSKAsYAdS4=\n','2012-11-27 11:32:50'),('f51911de460d74e5ff3670529720cd0e','Y2IwNTViMDMxYjEyNWRjODZlMjUwODI2MmU5YTdiNzI3YjY5YWQxZTqAAn1xAS4=\n','2012-12-17 19:05:50'),('f5504c3494743645d926bb8ce5cd0d09','YTI4ZDBmNzA3NWRiMGI0MzZhNjAyYmVmMTFlZTk5NWY0MTdkNGU1MzqAAn1xAShVEl9hdXRoX3Vz\nZXJfYmFja2VuZHECVSlkamFuZ28uY29udHJpYi5hdXRoLmJhY2tlbmRzLk1vZGVsQmFja2VuZHED\nVQ1fYXV0aF91c2VyX2lkcQSKARZ1Lg==\n','2012-10-04 01:17:38'),('f5598230e5347c0544e5a67cd2600e72','YzVkZjFiMWYxMjMwYjcwOGRhZjliMjE4MTkxZDVjZTE2Y2U0MWU5NzqAAn1xAShVEl9hdXRoX3Vz\nZXJfYmFja2VuZHECVSlkamFuZ28uY29udHJpYi5hdXRoLmJhY2tlbmRzLk1vZGVsQmFja2VuZHED\nVQ1fYXV0aF91c2VyX2lkcQSKASt1Lg==\n','2012-11-25 16:55:21'),('f612df8d189205d92c0e5b17ac7b74f2','ZGQ0ZDI1YjMyMTE5YTdmODM0MTA1NzQ5ZWE0NjY4MjQ2NGYzODUxNTqAAn1xAVUKdGVzdGNvb2tp\nZXECVQZ3b3JrZWRxA3Mu\n','2013-09-06 20:12:59'),('f66da5523407027d7756d759bfbb8bd5','ZGQ0ZDI1YjMyMTE5YTdmODM0MTA1NzQ5ZWE0NjY4MjQ2NGYzODUxNTqAAn1xAVUKdGVzdGNvb2tp\nZXECVQZ3b3JrZWRxA3Mu\n','2013-09-06 16:13:11'),('f702a94dfcdc6014a78bdec55cdb068d','OTUyNTczOTYzZTgxMTIyMWVjY2ZhYmNlNzg4YWM5ZTRlNzVkYmQyZDqAAn1xAShVEl9hdXRoX3Vz\nZXJfYmFja2VuZHECVSlkamFuZ28uY29udHJpYi5hdXRoLmJhY2tlbmRzLk1vZGVsQmFja2VuZHED\nVQ1fYXV0aF91c2VyX2lkcQSKAqgAdS4=\n','2012-11-17 22:48:27'),('f71bf9d2c0cd3b766bbb0bf7650d39cd','YTM0OTI4MDA0YTkyMmEyYjYxZTY2MWU1ZWFhYTE1NzdhYmFhYWEzYTqAAn1xAShVEl9hdXRoX3Vz\nZXJfYmFja2VuZHECVSlkamFuZ28uY29udHJpYi5hdXRoLmJhY2tlbmRzLk1vZGVsQmFja2VuZHED\nVQ1fYXV0aF91c2VyX2lkcQSKAtcAdS4=\n','2012-11-26 20:15:53'),('f73f13d3ec1c7ce3da190642cf2272bf','ZGQ0ZDI1YjMyMTE5YTdmODM0MTA1NzQ5ZWE0NjY4MjQ2NGYzODUxNTqAAn1xAVUKdGVzdGNvb2tp\nZXECVQZ3b3JrZWRxA3Mu\n','2012-11-25 17:36:28'),('f7b4ec0e765733f73ac33e28ce31919c','ZGQ0ZDI1YjMyMTE5YTdmODM0MTA1NzQ5ZWE0NjY4MjQ2NGYzODUxNTqAAn1xAVUKdGVzdGNvb2tp\nZXECVQZ3b3JrZWRxA3Mu\n','2012-11-05 12:45:07'),('f808db81f04a90868113de105181848f','ZGQ0ZDI1YjMyMTE5YTdmODM0MTA1NzQ5ZWE0NjY4MjQ2NGYzODUxNTqAAn1xAVUKdGVzdGNvb2tp\nZXECVQZ3b3JrZWRxA3Mu\n','2013-09-06 03:14:59'),('f88907d0d2fe50ffa220a71eaefbb1e4','ZGQ0ZDI1YjMyMTE5YTdmODM0MTA1NzQ5ZWE0NjY4MjQ2NGYzODUxNTqAAn1xAVUKdGVzdGNvb2tp\nZXECVQZ3b3JrZWRxA3Mu\n','2013-09-07 16:13:10'),('f8cfacfefb78e9c31b8fc38ae30ea067','YmNkMGNiYjA5NTRmOGUxODZhMWI4ZjYxNTVmNTE4MjFhNDQ0MDZjZTqAAn1xAShVEl9hdXRoX3Vz\nZXJfYmFja2VuZHECVSlkamFuZ28uY29udHJpYi5hdXRoLmJhY2tlbmRzLk1vZGVsQmFja2VuZHED\nVQ1fYXV0aF91c2VyX2lkcQSKAsAAdS4=\n','2012-11-30 19:10:38'),('f8fde4c188eb2b34f7aa8b26c131e74d','ZGQ0ZDI1YjMyMTE5YTdmODM0MTA1NzQ5ZWE0NjY4MjQ2NGYzODUxNTqAAn1xAVUKdGVzdGNvb2tp\nZXECVQZ3b3JrZWRxA3Mu\n','2012-10-28 22:34:44'),('f91bd65696fcd70c8d92ee81fd2e1cb8','N2ZlYTRhNjQxZDZmNDcwMDg5NGM1MDcwZjNkNzEyZjEyNGJkZDQ3NjqAAn1xAShVEl9hdXRoX3Vz\nZXJfYmFja2VuZHECVSlkamFuZ28uY29udHJpYi5hdXRoLmJhY2tlbmRzLk1vZGVsQmFja2VuZHED\nVQ1fYXV0aF91c2VyX2lkcQSKAW11Lg==\n','2012-11-05 14:46:19'),('f9944f06049b2bcf949f480d15e375c3','ZGQ0ZDI1YjMyMTE5YTdmODM0MTA1NzQ5ZWE0NjY4MjQ2NGYzODUxNTqAAn1xAVUKdGVzdGNvb2tp\nZXECVQZ3b3JrZWRxA3Mu\n','2013-09-07 19:12:11'),('f9caa70de1429104f5c4437f1dc86f51','MGRlYmE3NGM1YmQ5YTQ3YWZkMzFiNjFlMzgxODNlMWEyZGY0ODIyMDqAAn1xAShVEl9hdXRoX3Vz\nZXJfYmFja2VuZHECVSlkamFuZ28uY29udHJpYi5hdXRoLmJhY2tlbmRzLk1vZGVsQmFja2VuZHED\nVQ1fYXV0aF91c2VyX2lkcQSKAV91Lg==\n','2012-10-30 14:20:13'),('fa27f3f7f2b3082ed511a85649f6e279','MTM5MzQzMWVkOTYyMGZiNDI0YTQ0MmE1MzYzMzBmNDIyZGVlZTdiODqAAn1xAShVEl9hdXRoX3Vz\nZXJfYmFja2VuZHECVSlkamFuZ28uY29udHJpYi5hdXRoLmJhY2tlbmRzLk1vZGVsQmFja2VuZHED\nVQ1fYXV0aF91c2VyX2lkcQSKApAAdS4=\n','2012-11-14 00:07:06'),('fa5bb92e05a430d7fe215f61e3046ed6','NTNhYzU5YWMwMDg2MDQ2MjY4MmUwNjdjZjI3ZDBmY2VlMzAzNzcyODqAAn1xAShVEl9hdXRoX3Vz\nZXJfYmFja2VuZHECVSlkamFuZ28uY29udHJpYi5hdXRoLmJhY2tlbmRzLk1vZGVsQmFja2VuZHED\nVQ1fYXV0aF91c2VyX2lkcQSKAtkAdS4=\n','2012-11-28 16:09:24'),('fa64bb2f0da82bd8ae83aa86f4529fa9','ZGQ0ZDI1YjMyMTE5YTdmODM0MTA1NzQ5ZWE0NjY4MjQ2NGYzODUxNTqAAn1xAVUKdGVzdGNvb2tp\nZXECVQZ3b3JrZWRxA3Mu\n','2012-11-24 00:48:19'),('fa727ab05f189a4eca60e61dd81066f0','ZGQ0ZDI1YjMyMTE5YTdmODM0MTA1NzQ5ZWE0NjY4MjQ2NGYzODUxNTqAAn1xAVUKdGVzdGNvb2tp\nZXECVQZ3b3JrZWRxA3Mu\n','2012-11-25 15:54:44'),('fa8a91f41ea0f83b8b6f29a2bc3b7310','ZGQ0ZDI1YjMyMTE5YTdmODM0MTA1NzQ5ZWE0NjY4MjQ2NGYzODUxNTqAAn1xAVUKdGVzdGNvb2tp\nZXECVQZ3b3JrZWRxA3Mu\n','2012-11-18 01:14:25'),('fac34079b63c395d0c8392378802821c','ZGQ0ZDI1YjMyMTE5YTdmODM0MTA1NzQ5ZWE0NjY4MjQ2NGYzODUxNTqAAn1xAVUKdGVzdGNvb2tp\nZXECVQZ3b3JrZWRxA3Mu\n','2012-11-26 13:44:43'),('fad89b290c88a055848cedd6fe29dd26','ZGQ0ZDI1YjMyMTE5YTdmODM0MTA1NzQ5ZWE0NjY4MjQ2NGYzODUxNTqAAn1xAVUKdGVzdGNvb2tp\nZXECVQZ3b3JrZWRxA3Mu\n','2013-09-07 05:12:02'),('fb85bf8b2ccbe075d5e112ece450ab29','ZGQ0ZDI1YjMyMTE5YTdmODM0MTA1NzQ5ZWE0NjY4MjQ2NGYzODUxNTqAAn1xAVUKdGVzdGNvb2tp\nZXECVQZ3b3JrZWRxA3Mu\n','2012-11-22 00:25:24'),('fb92661a42938c7868c09a44ae11d80d','ZjNjMTY3ODFlYjBkZjQ3N2Q3NDA0ODYyNTBiZmRiZDViODM0NWMzZDqAAn1xAShVEl9hdXRoX3Vz\nZXJfYmFja2VuZHECVSlkamFuZ28uY29udHJpYi5hdXRoLmJhY2tlbmRzLk1vZGVsQmFja2VuZHED\nVQ1fYXV0aF91c2VyX2lkcQSKAqcAdS4=\n','2012-11-17 19:56:10'),('fbd85ca439aa706cf00048e0b6b9eb99','ZDZkMGJjNzBjM2MyMDViZmU1MWU1ZGIzZTg0NTY1NzFhZjRhNDA1NDqAAn1xAShVEl9hdXRoX3Vz\nZXJfYmFja2VuZHECVSlkamFuZ28uY29udHJpYi5hdXRoLmJhY2tlbmRzLk1vZGVsQmFja2VuZHED\nVQ1fYXV0aF91c2VyX2lkcQSKAUV1Lg==\n','2012-10-26 17:11:31'),('fc0a719ea1e3876537bf7eedde40e845','MDMwYTFiMjZlNjRhMGQ4NjMzMTkyMjQ0YTg1NDJlMTU3OWVjOGY5ODqAAn1xAShVEl9hdXRoX3Vz\nZXJfYmFja2VuZHECVSlkamFuZ28uY29udHJpYi5hdXRoLmJhY2tlbmRzLk1vZGVsQmFja2VuZHED\nVQ1fYXV0aF91c2VyX2lkcQSKApwAdS4=\n','2012-12-06 22:33:51'),('fc1ce49bd4b9895a8d1e16fcc3fa8ed6','ZDVjNWRlMDA2NDQzNDI4N2E3MjczOWJlOWIyMDhiODU5NTNjZWNhZDqAAn1xAShVEl9hdXRoX3Vz\nZXJfYmFja2VuZHECVSlkamFuZ28uY29udHJpYi5hdXRoLmJhY2tlbmRzLk1vZGVsQmFja2VuZHED\nVQ1fYXV0aF91c2VyX2lkcQSKAS51Lg==\n','2012-10-22 23:43:29'),('fc465443a3542eab99af1d17370ba3d1','OTliZjUxYTlhMGJlMDQ2Y2QwMzcxNTc0NWFlMDM1ZGZjOGViMDczZDqAAn1xAShVEl9hdXRoX3Vz\nZXJfYmFja2VuZHECVSlkamFuZ28uY29udHJpYi5hdXRoLmJhY2tlbmRzLk1vZGVsQmFja2VuZHED\nVQ1fYXV0aF91c2VyX2lkcQSKATN1Lg==\n','2012-11-20 16:18:10'),('fc5c5de2d70606c2a9e09ba76e77a633','MzE4ODhlOTM1MjY5ZjRhZDFmZjUyNThhNWFiODFhYTRiMmJlODFiNDqAAn1xAShVEl9hdXRoX3Vz\nZXJfYmFja2VuZHECVSlkamFuZ28uY29udHJpYi5hdXRoLmJhY2tlbmRzLk1vZGVsQmFja2VuZHED\nVQ1fYXV0aF91c2VyX2lkcQSKAVZ1Lg==\n','2012-10-29 18:18:30'),('fcc6b7d2e05c06c6bd0bc669608b1e1e','ZGQ0ZDI1YjMyMTE5YTdmODM0MTA1NzQ5ZWE0NjY4MjQ2NGYzODUxNTqAAn1xAVUKdGVzdGNvb2tp\nZXECVQZ3b3JrZWRxA3Mu\n','2012-10-15 11:18:36'),('fd6c4a62ab9257e797d1b4939c75125c','ZGQ0ZDI1YjMyMTE5YTdmODM0MTA1NzQ5ZWE0NjY4MjQ2NGYzODUxNTqAAn1xAVUKdGVzdGNvb2tp\nZXECVQZ3b3JrZWRxA3Mu\n','2013-09-07 17:12:02'),('fdcd479ed94af25e76643e238cb760dd','NzRhODA3ZjJlMWVjMTFmZGM3MzQ1ZDVhN2MyNDdlNzdjODgxMGNjMTqAAn1xAShVEl9hdXRoX3Vz\nZXJfYmFja2VuZHECVSlkamFuZ28uY29udHJpYi5hdXRoLmJhY2tlbmRzLk1vZGVsQmFja2VuZHED\nVQ1fYXV0aF91c2VyX2lkcQSKAV51Lg==\n','2012-11-23 01:38:10'),('fe2cbeb5acaf643a3095f5ea1edc1047','MTVlODkzYWVkZTg4YzY2MDU1MjA3MmJlYjg0MzdmOGMyZTU3ZWNmMTqAAn1xAShVEl9hdXRoX3Vz\nZXJfYmFja2VuZHECVSlkamFuZ28uY29udHJpYi5hdXRoLmJhY2tlbmRzLk1vZGVsQmFja2VuZHED\nVQ1fYXV0aF91c2VyX2lkcQSKAQJ1Lg==\n','2012-12-07 23:57:34'),('ff09b2959ac341a010a4fd80cf8a686f','ZjdmYjFlMjdhNTJjNzBjZTRmMmVmZWQ1M2QyZmZmZmE3NTEyZmRhMTqAAn1xAShVEl9hdXRoX3Vz\nZXJfYmFja2VuZHECVSlkamFuZ28uY29udHJpYi5hdXRoLmJhY2tlbmRzLk1vZGVsQmFja2VuZHED\nVQ1fYXV0aF91c2VyX2lkcQSKAVp1Lg==\n','2012-10-30 17:06:21'),('ff4301e9b3e80b1f5cc65bf6a85c6c0a','ZGQ0ZDI1YjMyMTE5YTdmODM0MTA1NzQ5ZWE0NjY4MjQ2NGYzODUxNTqAAn1xAVUKdGVzdGNvb2tp\nZXECVQZ3b3JrZWRxA3Mu\n','2012-11-10 15:02:01'),('ff6ede9fe3298f9cda6feb89205441cd','ODc1YWExN2NiMGY2ZWEyMjhhYmRhM2U1MzZlMDRhYzM4MGU5ZTA1ODqAAn1xAShVCnRlc3Rjb29r\naWVxAlUGd29ya2VkcQNVDV9hdXRoX3VzZXJfaWRxBIoBeFUSX2F1dGhfdXNlcl9iYWNrZW5kcQVV\nKWRqYW5nby5jb250cmliLmF1dGguYmFja2VuZHMuTW9kZWxCYWNrZW5kcQZ1Lg==\n','2012-11-16 13:37:17');
/*!40000 ALTER TABLE `django_session` ENABLE KEYS */;
UNLOCK TABLES;

--
-- Table structure for table `django_site`
--

DROP TABLE IF EXISTS `django_site`;
/*!40101 SET @saved_cs_client     = @@character_set_client */;
/*!40101 SET character_set_client = utf8 */;
CREATE TABLE `django_site` (
  `id` int(11) NOT NULL AUTO_INCREMENT,
  `domain` varchar(100) NOT NULL,
  `name` varchar(50) NOT NULL,
  PRIMARY KEY (`id`)
) ENGINE=InnoDB AUTO_INCREMENT=2 DEFAULT CHARSET=latin1;
/*!40101 SET character_set_client = @saved_cs_client */;

--
-- Dumping data for table `django_site`
--

LOCK TABLES `django_site` WRITE;
/*!40000 ALTER TABLE `django_site` DISABLE KEYS */;
INSERT INTO `django_site` VALUES (1,'example.com','example.com');
/*!40000 ALTER TABLE `django_site` ENABLE KEYS */;
UNLOCK TABLES;

--
-- Table structure for table `inscricao_codigocadastro`
--

DROP TABLE IF EXISTS `inscricao_codigocadastro`;
/*!40101 SET @saved_cs_client     = @@character_set_client */;
/*!40101 SET character_set_client = utf8 */;
CREATE TABLE `inscricao_codigocadastro` (
  `id` int(11) NOT NULL AUTO_INCREMENT,
  `codigo` int(11) NOT NULL,
  `juventude_id` int(11) NOT NULL,
  `coordenador` tinyint(1) NOT NULL,
  `confraternista` tinyint(1) NOT NULL,
  `nome` varchar(255) NOT NULL,
  `email` varchar(75) NOT NULL,
  PRIMARY KEY (`id`),
  UNIQUE KEY `codigo` (`codigo`),
  KEY `inscricao_codigocadastro_42efd821` (`juventude_id`),
  CONSTRAINT `juventude_id_refs_id_f9452d37` FOREIGN KEY (`juventude_id`) REFERENCES `inscricao_juventudeespirita` (`id`)
) ENGINE=InnoDB AUTO_INCREMENT=236 DEFAULT CHARSET=latin1;
/*!40101 SET character_set_client = @saved_cs_client */;

--
-- Dumping data for table `inscricao_codigocadastro`
--

LOCK TABLES `inscricao_codigocadastro` WRITE;
/*!40000 ALTER TABLE `inscricao_codigocadastro` DISABLE KEYS */;
INSERT INTO `inscricao_codigocadastro` VALUES (79,935986,17,0,1,'Arthur','leone.arthur@hotmail.com'),(111,477483,12,0,1,'Luisa ','luluzinhabarbosa95@hotmail.com'),(144,901928,9,0,1,'Luiza Diniz Oliveira Netto','luh.diniz.o@gmail.com'),(145,522683,9,0,1,'Bruna Lúcia Louredo','popbruna@hotmail.com'),(201,773443,26,0,1,'Marina Souza','ninaanturio@hotmail.com'),(235,739161,13,0,1,'Flávio Papa','fhbpapa@yahoo.com.br');
/*!40000 ALTER TABLE `inscricao_codigocadastro` ENABLE KEYS */;
UNLOCK TABLES;

--
-- Table structure for table `inscricao_confraternista`
--

DROP TABLE IF EXISTS `inscricao_confraternista`;
/*!40101 SET @saved_cs_client     = @@character_set_client */;
/*!40101 SET character_set_client = utf8 */;
CREATE TABLE `inscricao_confraternista` (
  `id` int(11) NOT NULL AUTO_INCREMENT,
  `usuario_id` int(11) NOT NULL,
  `identidade` varchar(255) NOT NULL,
  `nome_cracha` varchar(255) NOT NULL,
  `juventude_id` int(11) NOT NULL,
  `data_nascimento` date DEFAULT NULL,
  `voluntario_manutencao` tinyint(1) DEFAULT NULL,
  `autorizado` tinyint(1) NOT NULL,
  `sexo` varchar(1) DEFAULT NULL,
  `logradouro` varchar(255) DEFAULT NULL,
  `bairro` varchar(255) DEFAULT NULL,
  `cidade` varchar(255) DEFAULT NULL,
  `telefone` varchar(20) DEFAULT NULL,
  `contato_urgencia` varchar(255) DEFAULT NULL,
  `parentesco_contato_urgencia` varchar(255) DEFAULT NULL,
  `telefone_contato_urgencia` varchar(255) DEFAULT NULL,
  `telefone2_contato_urgencia` varchar(255) DEFAULT NULL,
  `ano_ingresso_mocidade` int(10) unsigned DEFAULT NULL,
  `comebhs_anteriores` varchar(255) DEFAULT NULL,
  `dieta_especial` longtext,
  `uso_medicamento` longtext,
  `alergia` longtext,
  `tamanho_camisa` varchar(1) DEFAULT NULL,
  `pagamento_inscricao_id` int(11) DEFAULT NULL,
  PRIMARY KEY (`id`),
  UNIQUE KEY `usuario_id` (`usuario_id`),
  KEY `inscricao_confraternista_42efd821` (`juventude_id`),
  KEY `inscricao_confraternista_58e04385` (`pagamento_inscricao_id`),
  CONSTRAINT `juventude_id_refs_id_fa0cefe8` FOREIGN KEY (`juventude_id`) REFERENCES `inscricao_juventudeespirita` (`id`),
  CONSTRAINT `pagamento_inscricao_id_refs_id_4264dba1` FOREIGN KEY (`pagamento_inscricao_id`) REFERENCES `inscricao_pagamento` (`id`),
  CONSTRAINT `usuario_id_refs_id_57124cf9` FOREIGN KEY (`usuario_id`) REFERENCES `auth_user` (`id`)
) ENGINE=InnoDB AUTO_INCREMENT=207 DEFAULT CHARSET=latin1;
/*!40101 SET character_set_client = @saved_cs_client */;

--
-- Dumping data for table `inscricao_confraternista`
--

LOCK TABLES `inscricao_confraternista` WRITE;
/*!40000 ALTER TABLE `inscricao_confraternista` DISABLE KEYS */;
INSERT INTO `inscricao_confraternista` VALUES (28,33,'MG 14351478','Ramon',21,'1989-05-05',1,1,'M','Rua Beira Mar, 346','Sarandí','Belo Horizonte','(31) 9117-6840','Isidoro Lucio','Pai','(31) 3476-4319','(31) 9158-9200',2007,'23,24,25,26,27,28,29,30',NULL,NULL,NULL,'M',26),(29,34,'mg17426091','Ana Carla',20,'1993-05-06',1,1,'F','186','Carlos Prates','Belo Horizonte','(31) 3462-8996','Tânia','Tia','(31) 8864-5299','(35) 9153-3510',2009,'30',NULL,NULL,NULL,'P',200),(30,38,'2311760','Fernanda',17,'1988-11-22',NULL,1,'F','Rua José Mendes de Carvalho, 235/102','Castelo','Belo Horizonte','(31) 9255-7580','Elizete','mãe','(31) 3327-5730','(31) 7526-5772',2001,'21,25,26,27,28,29,30',NULL,NULL,NULL,'P',57),(31,39,'Mg 10279299','Hugo Alves',25,'1987-08-14',1,1,'M','Rua conde de Prados 472','Padre Eustaquio','Belo Horizonte','(31) 9503-4921','Rosemeire','Mãe','(31) 9766-1360','(31) 3889-7931',2000,'21,22,23,24,25,26,27,28,29',NULL,NULL,NULL,'G',196),(32,41,'MG 15.533-263','Gabriel Poesia',19,'1993-11-16',1,1,'M','Rua Bonaparte, 382','Padre Eustáquio','Belo Horizonte','(31) 9243-2471','Leida Reis','Mãe','(31) 9138-8423','(31) 9158-2969',2006,'29,30',NULL,NULL,NULL,'M',249),(34,43,'MG 13480548','Pedro Lopes Miranda Junior',25,'1991-09-25',1,1,'M','Rua Araci','145','Belo Horizonte','(31) 9870-0267','Pedro Lopes Miranda','Pai','(31) 9957-3218','(31) 3473-0267',2004,'30',NULL,NULL,NULL,'M',201),(35,44,'mg17335307','Jéssika',14,'1993-08-27',1,1,'F','Avenida Padre José Maurício, 603','Vista Alegre','Belo Horizonte','(31) 3321-3516','Ana ','Mãe','(31) 9186-4582','(31) 3386-3451',2006,'27,28,29,30','','','','M',152),(36,45,'mg15112508','Rafael',14,'1998-04-03',1,1,'M','Rua Estrela da Jordânia,170','Vista Alegre','Belo Horizonte','(31) 3321-6359','Margareth','Mãe','(31) 8850-4175','(31) 3321-3516',2008,'0','','','Amoxilina ','M',103),(37,46,'MG.15.545.796','Ana Paula ',11,'1989-06-21',1,1,'F','Rua Castor, 328','Barreiro de Cima','Belo Horizonte','(31) 3383-7021','Roberto Ferreira da Silva','Pai','(31) 9126-1339','(31) 9374-3952',2004,'23,24,27,28,29,30',NULL,NULL,NULL,'M',37),(38,47,'mg15280094','Priscila',25,'1987-07-22',1,1,'F','rua benfica, 129','padre eustaquio','bh','(31) 9241-1481','edriane','cunhada','(31) 9241-1487','(31) 3889-7931',2000,'24,25,26,27,28,29,30','','','Sufa','M',196),(39,48,'12261064','Alanzinho',14,'1991-04-11',1,1,'M','Rua Pio XI , 553','Ipiranga','Belo Horizonte','(31) 3386-4462','Maria Gelma','Mãe','(31) 8811-4462','(31) 8812-4462',2003,'25,26,27,28,29,30,31','','','',NULL,139),(40,49,'mg15112483','Thiago Bola',14,'1989-01-31',1,1,'M','Rua Estrela da Jordânia, 170','Vista Alegre','Belo Horizonte','(31) 8706-3125','Margareth','Mãe','(31) 8850-4175','(31) 3321-6359',2006,'25,26,27,28,29,30','','','','G',49),(41,50,'MG-13826720','Joyce',14,'1992-02-24',NULL,1,'F','Rua.Santo Antonio n°37','Cabana','Belo Horizonte','(31) 8662-7826','Ivone Miguel Martins','Mãe','(31) 8823-0759','(31) 3386-3580',1998,'26,27,28,30',NULL,NULL,NULL,NULL,92),(42,51,'mg 16188749','Diulia Almada',14,'1995-05-11',1,1,'F','hilarino benedito malta','madre gertrudes','belo horizonte','(31) 3385-7483','Danusa','mãe','(31) 8815-6979','(31) 8832-4844',2012,'0','','Depakene, como anti-convulsivo. ','','P',91),(43,53,'MG-10.704.686','Andreza',14,'1989-09-06',1,1,'F','Rua Pintagol, 190','Caiçara','Belo Horizonte','(31) 3415-7783','Sandra Cardoso','Mãe','(31) 9768-0539','(31) 9281-7994',2002,'24,25,26,27,28,29,30','','','','P',21),(44,54,'8144730','Jorge Mauro',14,'1991-04-01',1,1,'M','betel','cabana','Belo horizonte','(31) 9179-5645','Jorge Mauro','mae','(31) 9103-9068','(31) 3386-4308',2000,'24,25,26,27,28,29,30',NULL,NULL,'medicamentos: todos que possuem A.A.S.',NULL,148),(45,55,'MG-8 199.990','Augusto Cesar',17,'1989-10-30',1,1,'M','R. Dep. Augusto Gonçalves, n° 505, apt. 202 ','Serrano','BH','(31) 9680-2626','Admildes dos Reis','Mãe','(31) 9339-2519','(31) 3347-0663',2001,'22,23,24,25,26,27,28,29,30',NULL,NULL,'Alérgico à AS.','G',191),(46,56,'MG17.143498','Alessandra',17,'1993-05-28',NULL,1,'F','Rua Ondina Pedrosa Nahas, 123','Saramenha','Belo Horizonte','(31) 9480-3432','Elza Ferreira de Almeida','Mãe','(31) 3475-4050','(31) 9723-0365',2006,'26,27,28,29,30',NULL,NULL,NULL,'M',191),(47,57,'MG-13.406.379','Gabriel',17,'1993-09-27',NULL,1,'M','Rua João Donada','Santa Terezinha','Belo Horizonte','(31) 9863-7599','Simone Estanislau','MÃE','(31) 9197-2937','(31) 3504-3218',2008,'28,29,30',NULL,NULL,NULL,'M',78),(48,58,'MG16313385','Matheus Brisola',17,'1994-10-05',1,1,'M','Rua Maria Cândida de Jesus, nº 550 apto 401','Jardim Paquetá','Belo Horizonte','(31) 2535-0367','Kleber Willian Brisola','Pai','(31) 9923-1442','(31) 9923-1441',2010,'30',NULL,'Cevaliv, em caso de enxaqueca ',NULL,'P',19),(49,59,'MG-18.141.239','Mariana Lenoir',7,'2012-06-27',1,1,'F','Gomes Freire de Andrade 466','Nacional','Contagem','(31) 8537-1408','Marluce','Mae','(31) 3912-6838','(31) 8537-1494',2007,'27,28,29,30','','Loratadina, omeprazol','','P',229),(50,60,'MG-16.493.649','Gabriel Eduardo',7,'1995-01-08',1,1,'M','Rua Urucânia','São José ','Belo Horizonte','(31) 3418-2299','Sebastião Eduardo','Pai','(31) 3418-2299','(31) 3088-5555',2011,'30',NULL,NULL,NULL,NULL,70),(51,61,'MG-15111437','Sabrina',17,'1988-05-10',NULL,1,'F','Rua Desembargador Anibal Pacheco, 48','SERRANO','BELO HORIZONTE','(31) 8608-0208','Leny','minha mãe','(31) 3476-1281','(31) 9167-3893',2000,'21,22,23,24,25,26,27,28,30',NULL,NULL,NULL,'P',95),(52,62,'MG 12.860.831','Ana Clara',17,'1994-08-26',1,1,'F','Rua Maria das Graças Teixeira, 294','Serrano','Belo Horizonte','(31) 3475-1106','Marilene Penido ','Mãe','(31) 9816-7581','(31) 9941-1024',2008,'27,28,29,30',NULL,NULL,NULL,'P',125),(53,63,'MG 13748898','Margarida Neves Bedeschi',16,'1987-05-29',1,1,'F','Rua Pequeri 442','Santa Terezinha','Belo Horizonte','(31) 3475-1124','Marcelo Bedeschi','Pai','(31) 8714-7487','(31) 3653-7487',1999,'28,29,30','','','Bezetacil','P',222),(54,64,'18.896.898','Richard',17,'1997-03-23',1,1,'M','Rua Ovídio 217','São Salvador','Belo Horizonte','(31) 3476-3180','Paulo Sérgio','Pai','(31) 8775-7053','(31) 9243-2390',2011,'30','','','','M',133),(55,67,'MG16044274','ISABELLE',15,'1990-03-11',1,1,'F','professor milton lage,875','aparecida','Belo Horizonte','(31) 9155-1815','Dawson França','Tio','(31) 3428-8534','(31) 9315-1556',2011,NULL,NULL,NULL,NULL,'M',16),(56,68,'MG 11380298','Pablo',14,'1982-07-27',1,1,'M','Rua Marcilio Dias, 42/102','Calafate','Belo horizonte','(31) 9624-0374','Goreth','Mãe','(31) 9909-3517','(31) 3334-0862',1997,'17,18,19,20,21,22,23,24,25,26,27,28,29,30',NULL,NULL,NULL,'G',181),(57,69,'MG 12.722.465','Paulo Sérgio (Paul)',29,'1982-09-21',1,1,'M','Praça Tejo,53','Padre Eustáquio','Belo Horizonte-MG','(31) 3023-6550','Minha mãe e minha tia Hilda','9683-3621','(31) 3464-0533','(31) 3054-1237',11,'19,20,21,22,23,24,25,26,27,28,29,30','Eu não posso comer nada gorduroso, nem suco em pó,nem alimente fermentado,nem coisa acida e nem fritura. porque eu tenho problema no estomago.','Omeprazal,fluoxetina',NULL,'G',20),(58,71,'MG 14609811','Bruna',28,'1988-12-11',1,1,'F','Rua Coronel Belmiro Cruz 466','Novo Prrogresso','Contagem','(31) 3393-6549','Tania','Mae','(31) 8309-9456','(31) 3393-6543',2007,'2008,2009,2010,2011,2012',NULL,NULL,NULL,'M',154),(59,72,'MG-16.198.424','Marcos Felipe',7,'1993-09-16',1,1,'M','Andrade Melo, 250','Serrano','Belo Horizonte','(31) 3477-7485','Edna','Mãe','(31) 3477-7485','(31) 8818-8959',2007,'27,28,29,30',NULL,NULL,NULL,'M',39),(60,73,'14863559','Lívia Barros',17,'1990-11-05',1,1,'F','Rua: José da Silva Couto, 290','Jardim Laguna','Contagem','(31) 3912-7592','DIRCE','MÃE','(31) 8855-7592','(31) 8840-7592',2009,'28,29,30',NULL,NULL,NULL,'P',42),(61,74,'MG-18.253.889','Jorgin',7,'1994-09-23',1,1,'M','Rua David Rabelo, N° 235','Alípio de Melo','Belo Horizonte','(31) 3417-1766','Maria Luiza','Mãe','(31) 9205-9739','(31) 3417-1766',2010,NULL,NULL,NULL,NULL,'M',177),(62,75,'','Gabriel',28,'1997-01-27',1,1,'M','Rua Belmiro Cruz','Novo Progresso','Contagem','(31) 3393-6658','Edna','Mãe','(31) 9871-7184','(31) 9788-1030',2009,'29,30','','','','M',154),(63,76,'MG12996582','Rodolfo',28,'1990-05-11',1,1,'M','Rua Tiro, 13','São Salvador','Belo Horizonte','(31) 9125-3130','31-98576028','Mãe','(31) 3471-7879','(31) 9629-2685',2009,'29,30',NULL,NULL,NULL,'G',98),(64,77,'MG-10.608.830','Lívia Leonardo',28,'1990-11-24',NULL,1,'F','Rua Laércio Camargos, 337','Vereda','Ribeirão das Neves','(31) 3354-0584','Carmen Helena','Mãe','(31) 8572-1654','(31) 3357-5497',2006,'26,27,28,29,30',NULL,NULL,NULL,'M',99),(65,78,'MG-18.118.097','Isabella',17,'1995-06-16',1,1,'F','Ondina Pedrosa Nahas, 123','Serrano','Belo Horizonte','(31) 3475-4050','Luiz Carlos','Pai','(31) 3475-4050','(31) 9918-1230',5,'28,29,30',NULL,NULL,NULL,NULL,191),(66,79,'MG-19.648.728','Lina Lanna Vieira',7,'1995-02-16',0,1,'F','Rua Itapoã','Novo Gloria','Belo Horizonte','(31) 3473-3902','Julio','Pai','(31) 8850-4481','(31) 3416-7659',2010,'30','','','','P',40),(67,80,'18326266','Julinha',28,'1996-06-28',1,1,'M','Rua Coronel Belmiro Cruz, 466','Novo Progresso','Contagem','(31) 3393-6574','Cristina','Mãe','(31) 8718-2458','(31) 8731-9594',2009,'29,30','','','','P',154),(68,81,'MG - 14.357.697','Vini Esteves',16,'1993-08-07',NULL,1,'M','Av: Raul Mourão Guimarães 483','Palmeiras','Belo Horizonte','(31) 9418-7993','Vera','Avó','(31) 3312-1125','(31) 8602-4607',2009,'29,30',NULL,NULL,NULL,'M',25),(69,82,'MG13973353','Fernanda',16,'1992-02-09',1,1,'F','Rua Monsenhor Nogueira Duarte','Santa Terezinha','Belo Horizonte','(31) 8524-4522','Antonio','Pai','(31) 8524-4518','(31) 8524-4519',2002,'27,28,29,30',NULL,NULL,NULL,'P',130),(70,84,'MG10769672','Lorene',16,'1990-12-12',1,1,'F','R. Nilton Baldo','Jardim Paquetá','Belo Horizonte','(31) 9169-9266','Soraya','Mãe','(31) 9174-2334','(31) 9232-1412',2005,'28,29,30','','','','M',140),(71,85,'MG15306077','Mariana Antunes',20,'1993-12-22',NULL,1,'F','Rua Babel, 109','São Salvador','Belo Horizonte','(31) 8888-3877','Alzira Helena de Souza Antunes','Mãe','(31) 8888-3879','(31) 3477-0125',2012,NULL,NULL,NULL,NULL,'P',119),(72,86,'MG-15.902.640','Danilo',7,'1994-09-23',NULL,1,'M','Rua Geraldo Barreto Maia, 75','Ribeiro de Abreu','Belo Horizonte','(31) 3434-1232','Maria Augusta','Mãe','(31) 8429-1835','(31) 3408-2235',2007,'25,26,27,28,29,30','Sou vegetariano.',NULL,NULL,'M',22),(73,87,'MG-15.382.495','Nayara',7,'1994-11-12',1,1,'F','xavantes do oeste nº10A','padre eustaquio','belo horizonte','(31) 2526-8254','Adriana','mãe','(31) 9415-0053','(31) 9114-6563',2007,'29,30',NULL,NULL,NULL,'M',164),(74,88,'MG13681017','Cassio Eduardo',14,'1992-08-17',NULL,1,'M','betel 41','CABANA','BELO HORIZONTE','(31) 3386-4308','rita de cassia pinto gonçalves gerson gonçalves filho','Mãe','(31) 3386-4308','(31) 9103-9068',2004,'25,26,27,28,29,30',NULL,NULL,NULL,'M',149),(75,89,'MG-16.153.131','Tefinha',14,'1993-05-28',1,1,'F','Rua 13 de mais, 174, bc enestina cs 25','vista alegre','belo horizonte','(31) 9627-4846','Girlene Gomes Bessa','Mãe','(31) 3386-1585','(31) 9805-1585',4,'26,28,29,30',NULL,'Pantoprasol, bromoprida, cefaliun',NULL,'M',106),(76,90,'MG-15733629','Danielle Mariano',12,'1989-12-22',1,1,'F','Rua Patrocinio','Carlos Prates','BELO HORIZONTE','(31) 2535-2068','Sandro Mariano','Pai','(31) 9378-7107','(31) 9973-7345',2012,'0',NULL,NULL,NULL,'P',235),(77,83,'MG 11976921','Ariane',23,'1989-03-10',NULL,1,'F','Rua Cipotânea n° 120','Cardoso','Belo Horizonte','(31) 9330-5181','Aline Caroline Freitas Silva','irmã','(31) 9504-3062','(31) 3643-9370',2003,'24,25,26,27,28,29,30',NULL,NULL,NULL,NULL,35),(78,91,'mg 15185752','Guilherme Campos',12,'1989-06-18',1,1,'M','MG','Bom Jesus','Belo Horizonte','(31) 8683-9981','Márcia de Oliveira','Mãe','(31) 9426-6703','(31) 8833-1757',2006,'25,27,28,29,30',NULL,NULL,NULL,'M',235),(79,92,'15.928.113','Álef Castro',14,'1995-04-11',1,1,'M','Rua Frei Gaspar -255','Madre Gertrudes','BELO HORIZONTE','(31) 3386-1438','Geni','Mãe','(31) 8739-9409','(31) 8806-5401',2009,'28,29',NULL,NULL,NULL,NULL,181),(80,94,'MG 16755641','Bárbara Alves',20,'1993-12-29',1,1,'F','Rua Acilino Diniz Moreira','Fonte Grande','Contagem','(31) 8379-4235','Elinete Alves dos Santos','Mãe','(31) 2564-1782','(31) 7500-6086',2012,'0','Vegetariana',NULL,NULL,'M',118),(81,95,'MG 16.221.966','Marcos',11,'1993-06-04',NULL,1,'M','Rua Castor, 328','Barreiro de Cima','Belo Horizonte','(31) 3383-7021','Roberto','Pai','(31) 9126-1339','(31) 9374-3952',2007,'27,28,29,30',NULL,NULL,NULL,'M',127),(82,96,'MG16.161.840','Elisa',20,'1993-12-07',1,1,'F','rua: Curral De Rey','Padre Eustáquio','Belo Horizonte','(31) 9692-9960','Valdirene Vieira de Oliveira','Mãe','(31) 9625-5234','(31) 3047-2140',2010,'30',NULL,NULL,NULL,'P',129),(83,97,'17.243.400','Ingrid Ramaldes',7,'1993-05-06',NULL,1,'F','Rua Floresta, 200','Bom Jesus','Contagem','(31) 9380-4161','Alceu Ramaldes Costa','Pai','(31) 3394-5605','(31) 9195-2653',2005,'27,28,29,30',NULL,'Oxibutina',NULL,'P',39),(84,98,'MG 17.243.379','Gabriel Rocha',7,'1995-10-14',0,1,'M','Rua Floresta, 200','Bom Jesus','Contagem','(31) 3394-5605','Alceu Ramaldes Costa','Pai','(31) 3394-5605','(31) 9195-2653',2008,'0','','','','M',177),(85,99,'MG16189460','Jéssica da Silva Soares',20,'1994-07-23',1,1,'F','R: Santa Maria/ Nº: 241','Pedra Azul ','Contagem','(31) 8797-1429','Vicente Soares','Pai','(31) 8873-2045','(31) 8568-6881',2012,NULL,NULL,NULL,NULL,'P',76),(86,100,'MG-11.467.518','Aninha',19,'1980-02-05',NULL,1,'F','Rua: carioca 771/apto103','Padre Eustáquio','Belo Horizonte','(31) 3413-2340','Zoé','Mãe','(31) 9698-9002','(31) 8803-7401',2005,'23,24,25,26,27,28,29,30','não como feijão , fora de casa e carne moida. ','Topiramato25mg.Por causa da elephisia.',NULL,'M',249),(87,101,'16392034','Diana',20,'1993-09-17',1,1,'M','Rua Topázio n°455','Pedra Azul','cONTAGEM','(31) 3397-0357','Marília das Graças','mãe','(31) 3397-0357','(31) 9607-1587',2003,'27,28,29,30',NULL,NULL,NULL,'P',180),(88,102,'MG 14440722','Sylvia',28,'1995-05-18',1,1,'F','José Bartolota','Glória','Belo Horizonte','(31) 8718-7968','Rosely ','Mãe','(31) 9129-6171','(31) 2555-3903',2010,'30','','','','P',154),(89,103,'MG - 14447167','Ernani Augusto',29,'1988-03-06',1,1,'M','Avenida Leon Jofre Avayou, 807','Cruzeiro do Sul','Lavras','(35) 8701-0127','Edméa Clemente','Mãe','(35) 3822-8812','(35) 8452-6116',2001,'30',NULL,NULL,'Não posso comer coisas que contenham ovo.','M',82),(90,104,'MG-15.704.636','Diego Felipe ',11,'1990-06-02',1,1,'M','Rua: Clovis Cyrilo Limonge  Nº :135','Havaí ','Belo Horizonte ','(31) 9239-1313','Jorge ','Pai ','(31) 9682-0524','(31) 3374-6388',2004,'23,24',NULL,NULL,NULL,'G',48),(91,40,'mg14966713','sara ',12,'1988-09-02',1,1,'F','av. paranaíba,327','parque riachuelo','belo horizonte','(31) 8306-3792','solange','mãe','(31) 2514-6187','(31) 3442-0571',2002,'21,22,23,24,25,26,28,29,30',NULL,NULL,NULL,NULL,235),(92,105,'14661539','Pedro Ivo',29,'1989-05-22',1,1,'M','Rua Capitão Garibaldi 62','Jardim Floresta','Lavras','(35) 8819-5099','Vera de Fátima Vilela','Mãe','(35) 8831-8444','(35) 3821-4442',2006,NULL,NULL,NULL,NULL,'G',71),(93,106,'MG16-740-721','Larissa',19,'1994-11-20',1,1,'F','R. Suassuí, 306 A','Carlos Prates','Belo Horizonte','(31) 8437-5897','Katia','mãe','(31) 8471-3331','(31) 3327-3840',2007,'29,30',NULL,NULL,NULL,'P',249),(94,107,'MG.14.458.620','Sue Hellen',29,'1985-12-27',1,1,'F','R. Comandante Nélio, 136','Jardim Floresta','Lavras','(35) 8854-2198','Stephania','Irmã','(35) 8848-0419','(35) 3822-2198',2000,NULL,NULL,'Sertralina 50 mg','Poeira, já a medicamentos não sei.','M',85),(95,108,' PR 13.146.212.3','Raiza Serena',25,'1994-10-09',1,1,'F','Rua Arauto','Pindorama','Belo Horizonte','(31) 9178-7111','Denise Barbosa','Mãe','(31) 3473-6606','(31) 3473-1954',2012,'','','','','M',62),(96,109,'mg 18.266.166','Vitor',11,'1995-03-03',1,1,'M','Rua B, nº 10 apt.304','Havaí','Belo Horizonte','(31) 3309-0902','Maria','Mãe','(31) 3309-0902','(31) 8714-2464',2007,'29,30',NULL,NULL,NULL,'G',206),(97,110,'MG-16.198.449','Rafael Alves Pinto',7,'1998-03-07',1,1,'M','Rua Andrade Melo,250','Serrano','Belo Horizonte','(31) 3477-7485','Ronaldo','pai','(31) 9104-9792','(31) 8818-8959',2009,'0','','','','M',39),(98,111,'MG 18.601.093','Jouberth',17,'1994-03-03',NULL,1,'M','Rua Juvecina de Queiroz Cavalcante, 108','São Sebastião','Contagem','(31) 3394-7511','Jalbas ','Pai','(31) 9874-8879','(31) 8512-8803',2009,'29,30',NULL,NULL,NULL,'G',126),(99,112,'mg-18.960.521 ','Jefferson ',28,'1997-08-08',1,1,'M','Rua tavares','São Salvador','Belo Horizonte','(31) 3077-9843','Amarildo','Pai','(31) 9948-1331','(31) 3077-9843',2010,NULL,NULL,NULL,NULL,'M',154),(100,113,'mg-18.960.550','Joyce',28,'1997-08-08',1,1,'F','Rua tavares 153','São Salvador','Belo Horizonte','(31) 3077-9843','Amarildo','Pai','(31) 9948-1331','(31) 3077-9843',2010,NULL,NULL,NULL,NULL,'P',154),(101,114,'MG 19.599.174','Catherine Lobenwein',23,'1998-05-16',1,1,'F','R.itaguaí,793','Caiçaras','Belo Horizonte','(31) 3413-3968','Luciane','Mãe','(31) 3413-3968','(31) 9950-2627',2011,NULL,NULL,NULL,NULL,'M',227),(102,52,'11.651.148','Arlen',9,'1984-11-19',NULL,1,'M','Rua jornalista Helvídio Prisco','Serrano','Belo Horizonte','(31) 8819-6028','Maria do carmo','Mãe','(31) 3477-7082','(31) 9635-9922',1999,'17,18,19,20,21,22,23,24,25,26,27,28,29,30',NULL,NULL,NULL,NULL,114),(103,2,'11898534','Thiago',9,'1984-08-28',1,1,'M','Rua dos Advogados, 406','Alipio de Melo','Belo Horizonte','(31) 8834-6129','Paulo','Pai','(31) 9977-4186','(31) 3474-4196',2003,'20,21,22,23,24,25,26,27,28,29,30',NULL,NULL,NULL,'M',63),(105,119,'MG15907273','Ludmila',29,'1993-02-22',1,1,'F','Av. Evaristo Gomes Guerra, 105','Jd. Glória','Lavras','(35) 8838-6346','Ana Luíza Rocha Penoni','Filha','(35) 3822-3297','(35) 9995-2227',2006,NULL,NULL,NULL,NULL,'M',32),(106,35,'MG - 13.328.491','Mayara Rocha',14,'1991-04-12',1,1,'F','Avenida Padre José Maurício, 603','Vista Alegre','Belo Horizonte','(31) 3321-3516','Ana ','Mãe','(31) 9186-4582','(31) 3386-3451',2003,'25,27,28,29,30',NULL,NULL,NULL,NULL,58),(108,121,'MG-15.407.263','Rafael',23,'1997-06-06',NULL,1,'M','Av. José Luiz da Cunha, 160, apto. 02','Alvorada','Contagem','(31) 3398-3057','Cida','Mãe','(31) 8666-5456','(31) 3398-3057',2010,'30',NULL,NULL,NULL,'M',227),(110,123,'MG-12.563.513','Igor André',23,'1997-08-08',NULL,1,'M','R. José Pinheiro de Andrade, 34. Apt:201','Nova Granada','Belo Horizonte','(31) 3568-3105','Adriana','Mãe','(31) 8516-8465','(31) 9231-7873',2010,'30',NULL,NULL,NULL,'G',101),(111,126,'MG-13.839.989','Fernanda',12,'1987-01-19',1,1,'F','San salvador,171/205','Estrela Dalva','Belo Horzonte','(31) 3313-4766','Raquel','Mãe ','(31) 9955-9748','(31) 9975-1148',2004,'22,23,24,25,26,27,28,29,30',NULL,NULL,'poeira','P',51),(112,127,'MG13773275','André',12,'1986-08-15',1,1,'M','Rua Cantagalo','Parque Riachuelo','Belo Horizonte','(31) 2516-7504','Solange','Mãe','(31) 2514-6187','(31) 8871-0403',1999,'18,19,20,21,22,23,24,25,26,27,28,29,30',NULL,NULL,NULL,'G',235),(113,130,'','froilan westbrook',22,'1997-04-22',1,1,'M','casa','santo andre','belo horizonte','(31) 3428-5179','neusa','mae','(31) 9301-0903','(31) 3462-8996',1997,'00',NULL,NULL,NULL,'M',190),(114,132,'MG-18.944.253','Yuri Luciano',12,'1995-04-10',1,1,'M','Ardósia 179','Bonfim','Belo Horizonte','(31) 9322-3002','Fabiola Dutra Luciano','Mãe','(31) 8725-5200','(31) 3281-0255',2012,'30',NULL,NULL,NULL,'M',235),(115,133,'MG-14.279.742','Stela',9,'1994-02-25',1,1,'F','Rua Cônego João Pio, 221','Comiteco','Belo Horizonte','(31) 3225-8027','Liana','Mãe','(31) 8739-8027','(31) 9975-8394',2009,'28,29,30',NULL,NULL,'Alérgica a dipirona e a picada de insetos','P',242),(116,134,'MG14825575','Felipe Torres',25,'1988-07-05',NULL,1,'M','Rua Genoveva de Souza, 438','Sagrada Família','Belo Horizonte','(31) 8795-9502','Eduardo','Pai','(31) 9697-0917','(31) 3482-8731',2001,'21,22,23,24,25,26,27,28,29',NULL,NULL,NULL,'P',45),(117,135,'MG13002988','Ana',17,'2012-08-21',NULL,1,'F','Rua dos Advogados','Alípio de Melo','Belo Horizonte','(31) 9129-4751','Irilda Maria','Mãe','(31) 3474-4196','(31) 9977-4186',2004,'25,26,27,28,29,30',NULL,NULL,NULL,NULL,41),(118,136,'MG - 16.402.468','Chico',20,'1995-07-27',1,1,'M','Rua Dom Lúcio Antunes, 903/302','Coração Eucarístico','Belo Horizonte','(31) 3375-7994','Ana Lúcia Murta','Mãe','(31) 8876-1474','(31) 8877-9784',2012,NULL,NULL,NULL,'Crustáceos','P',159),(119,137,'17.453.101','Lucila',23,'1993-07-28',1,1,'F','Rua GG 65','Arvoredo','Contagem','(31) 9235-5885','Denis Khouri','Pai','(31) 9114-8606','(31) 3357-4231',2006,'26,27,28,29,30',NULL,NULL,NULL,'P',259),(120,138,'MG19910613','Raynara ísis',25,'1997-10-25',1,1,'M','Rua Arauto','Pindorama','Belo Horizonte','(31) 3473-6606','Maria Helena','Tia','(31) 3473-1954','(31) 8501-0889',2012,NULL,NULL,NULL,NULL,'M',196),(121,139,'MG-17.792.870','Adriana Mara',20,'1994-06-09',1,1,'F','Rua Itambacuri','Carlos Prates','Belo Horizonte','(31) 3464-7444','Cristina','Mãe','(31) 8719-9790','(31) 8719-0290',2008,'30',NULL,NULL,NULL,'P',237),(122,140,'mg 12 167 406','Jones',25,'1983-11-03',1,1,'M','Rua Porto Velho 162','Ipanema','30870-120','(31) 3474-2667','Maria Lucia','Mae','(31) 3474-2667','(31) 9369-7410',2005,'26,27,28,29,30',NULL,NULL,NULL,'G',196),(123,141,'14321597','Augusto Sanavia',8,'1992-06-20',1,1,'M','Rua rubi, 380, apto 402','Prado','Belo Horizonte','(31) 8631-1673','Margareth Sanavia','Mãe','(31) 9130-6173','(31) 3332-1673',2006,'28,29,30',NULL,NULL,NULL,'M',157),(124,142,'MG-18.440.392','Maíra',23,'1996-12-30',NULL,1,'F','R, Adelino Galdino Quirino, 105','Camargos','Belo Horizonte','(31) 3333-0745','Norma Suely Silva Ocarino','Mãe','(31) 9804-5256','(31) 9764-0256',2010,'30',NULL,NULL,NULL,'G',101),(125,143,'MG-16210540','Alexandre Ceolin Paiva',9,'1991-03-13',1,1,'M','Rua Francisco Bicalho / 1035','Padre Eustaquio','Belo Horizonte','(31) 3411-5098','Marcia Terezinha Ceolin ','Mãe','(31) 9609-0314','(31) 3411-5098',2009,'27,30','Sou Vegetariano = não consumo nenhum tipo de carne animal.','Aerocort S 100 mcg + 50mcg/dose (Asma)\r\nLacrifilm 5ml (Ressecamento Ocular)',NULL,'G',67),(126,144,'MG 16 152 699','Gabi Oliveira',23,'1996-05-10',1,1,'M','Rua Expedicionário Misael de Freitas número 46','Caiçara','Belo Horizonte','(31) 8832-0828','Marilene Leão','Mãe','(31) 9967-9818','(31) 3413-5375',2009,'30',NULL,NULL,NULL,'M',101),(131,149,'MG-12.925.065','Diego A. Paula',23,'1988-06-22',1,1,'M','Av. Ibirapuera, 296','Itaipu','Belo Horizonte','(31) 3387-2591','Hamilton','Pai','(31) 8474-8002','(31) 3375-2219',2012,NULL,NULL,NULL,NULL,NULL,101),(132,150,'MG-16221952','André Luís ',11,'1997-07-12',1,1,'M','Rua Castor, 328','Miramar','Belo Horizonte','(31) 3383-7021','Roberto Ferreira da Silva','Pai','(31) 9126-1339','(31) 3383-7021',2009,NULL,NULL,NULL,NULL,'G',133),(133,151,'MG- 14. 294. 618','Ayana',26,'1996-06-29',1,1,'F','Rua Joinville, 64','Copacabana','Belo Horizonte','(31) 3491-7051','Paula Moraes','Mãe','(31) 9692-0839','(31) 9950-0839',2010,'29,30',NULL,NULL,NULL,'P',62),(134,152,'MG-18.432.660','Otávio',11,'1996-06-19',1,1,'M','rua b','havai','Belo Horizonte','(31) 8362-9120','Iranilde','Mãe','(31) 8714-2464','(31) 3309-0902',2009,'30',NULL,NULL,NULL,'G',205),(135,153,'MG 14399004','Karine Lacerda',11,'1991-12-05',1,1,'F','Av. Dom João VI, 561 - Bloco 1 Apart. 302','Palmeiras','Belo Horizonte','(31) 3374-2371','31 3374-2371','Mãe','(31) 3374-2371','(31) 9185-0207',2003,'25,26,27,28,29,30',NULL,NULL,NULL,NULL,100),(136,154,'MG 13992-511','Cibele',12,'1986-09-30',1,1,'F','Rua Cantagalo','Parque Riachuelo','Belo Horizonte','(31) 8871-0403','André','Esposo','(31) 8749-2994','(31) 3476-1281',1998,'30,29,28,27,26,25,24,23,22,21,20,19',NULL,NULL,NULL,NULL,235),(137,155,'mg-18.849.879','Gabriel Souza',23,'1997-01-05',NULL,1,'M','rua dos decoradores 25 apto 303','alipio de melo','belo horizonte','(31) 9872-8379','Gizelda','Mãe','(31) 8744-4032','(31) 3309-5351',2009,'30',NULL,NULL,NULL,'M',101),(138,156,'MG-14.259.017','Ricardo Houri',23,'1996-08-24',1,1,'M','Professora Bartira Mourão','Buritis','Belo Horizonte','(31) 3377-3609','Andréa Houri','Mãe','(31) 9154-6470','(31) 9676-6980',2009,'0',NULL,NULL,NULL,'M',259),(139,157,'termo:17298 L45 F 251','Italo Rafael',26,'1997-10-06',1,1,'M','Rua Cornélio Cerqueira, 855/301','Padre Eustáquio','Belo Horizonte','(31) 8816-7741','Joselaine','Tia','(31) 8816-7741','(31) 8769-1278',2011,NULL,NULL,NULL,NULL,'M',173),(140,158,'11069376','Victor André',23,'1995-01-06',1,1,'M','Rua Manoel João Diniz Camargos, 500','Alvorada','Contagem','(31) 3568-3105','André Luiz Costa','Pai','(31) 9231-7873','(31) 8616-8465',2009,'29,30',NULL,NULL,NULL,'G',101),(141,159,'MG-11.322.227','Nathan Marçal',9,'1993-11-16',NULL,1,'M','rua:carioca/numero:79','Padre Eustaquio','Beleo Horizont','(31) 8632-7621','Maria das Dores Chaves Marçal Nogueria de Lima','Mãe','(31) 9994-9290','(31) 3412-7621',2009,'29,30','Vegetariano',NULL,NULL,'G',242),(142,160,'MG 15987812','Bruna Viana',25,'1990-04-01',NULL,1,'F','R. 3, 56.','Jardim Bandeirantes','Contagem','3134738399','Bruna Viana','vó','3134738399','3134738399',2,'1',NULL,NULL,NULL,NULL,196),(145,163,'15907941','Rafael',16,'1995-08-08',1,1,'M','Rua São Paulo','Itatiaia','Belo Horizonte','(31) 3476-3270','Cleonice','avó','(31) 8748-0933','(31) 8616-3792',2008,'0',NULL,NULL,NULL,'M',213),(146,164,'mg-16.577-440','Clara',16,'1997-08-02',1,1,'F','rua joão gazon 23','Bandeirantes','Belo Horizonte','(31) 3427-7371','Lúbia','Mãe','(31) 8483-0451','(31) 9825-9805',2009,'30',NULL,'PuranT4 25 mlg',NULL,'P',252),(147,165,'MG-13.973.333','Leo',16,'1993-05-21',1,1,'M','Rua Monsenhor Nogueira Duarte 377','Santa Terezinha','Belo Horizonte','(31) 8524-4521','Tânia','Mãe','(31) 8524-4519','(31) 3245-7220',2004,'27,28,29,30','','','','M',140),(148,166,'MG-17.044.961','Thais Araújo',16,'1996-12-25',NULL,1,'F','Rua Francisco Dumont, 1072','Itatiaia','Belo Horizonte','(31) 9207-8550','Rosilene ','Mãe','(31) 9697-9568','(31) 3471-8708',2007,'30',NULL,'Antibiótico (tratamento de pele)','Bactrim','P',165),(149,167,'MG-19.239.225','Carol',16,'1998-02-02',1,1,'F','rua deputado augusto gonçalves, 440, APTO 201','serrano','belo horizonte','(31) 3476-9360','liliane','mãe','(31) 3476-9360','(31) 8420-2260',2008,'0',NULL,'depakote',NULL,'M',138),(150,168,'MG-19-316-034','Júlia Babêtto',22,'1996-12-16',1,1,'M','rua clemente barreto casa 4 ','alipio de melo ','belo horizonte','(31) 3413-8941','Walter Antônio dos Santos','Pai','(31) 8821-0576','(31) 9684-6441',3,'30',NULL,NULL,NULL,'P',190),(151,169,'MG - 17.938.758','Carol Kamei',22,'1996-01-26',1,1,'F','Rua Maracá','Amazonas','Contagem','(31) 3361-0298','Carlos','Pai','(31) 9173-8267','(31) 9478-2168',2010,NULL,NULL,NULL,NULL,'G',190),(152,170,'MG13980329','Lívia Bastos',13,'1990-04-28',1,1,'F','Rua Nossa Senhora Penha, 107','Jardim Taquaril','Belo Horizonte','(31) 3483-2311','Solange','mae','(31) 3484-4121','(31) 9935-8927',2009,'28,29,30',NULL,NULL,NULL,NULL,71),(154,172,'MG-15.404.211','Luisa',11,'1996-05-22',NULL,1,'F','Rua Regina Teixeira de Paiva','Betania','Belo Horizonte','(31) 9259-0411','Mary','Tia','(31) 3383-4068','(31) 9724-8431',2009,'0',NULL,NULL,'Dipirona','M',169),(155,173,'MG-15.404.241','Aline Barcelos',11,'1996-12-03',NULL,1,'F','Rua Regina Teixeira de Paiva','Betania','Belo Horizonte','(31) 3383-4068','Leda','Regina','(31) 9237-6370','(31) 9387-0874',2009,'0',NULL,NULL,NULL,'M',171),(156,174,'MG-16.740.735','Fábio',19,'1996-11-19',1,1,'M','R. Suassuí, 306 A','Carlos Prates','Belo Horizonte','(31) 3327-3840','Katia Aparecida Silva','Mãe','(31) 8471-3331','(31) 9122-8866',2008,'30',NULL,NULL,NULL,'G',249),(157,175,'MG-18.683.429','Yasmin',11,'1993-06-03',1,1,'F','antônio alves da silva','Betânia','Belo Horizonte','(31) 9374-1008','Jussara','tia','(31) 3234-6203','(31) 3383-4068',2005,'0',NULL,NULL,NULL,'M',172),(158,176,'MG-19.383.327','Barbara',11,'1995-06-15',NULL,1,'F','Antonio Alves Da Silva','Betania','Belo Horizonte','(31) 3383-2059','33834068','Mae','(31) 8645-4116','(31) 9429-3419',2009,'0',NULL,NULL,NULL,'M',170),(159,177,'MG-17.341.820','Pedro P.O.',7,'1995-07-09',1,1,'M','Olinda Ferreira Lopes 197','Santa Amelia','Belo Horizonte','(31) 9207-6422','Kelsilene','Mãe','(31) 8786-8147','(31) 3441-5652',2007,NULL,NULL,NULL,'Neopantol','P',246),(160,178,'mg-16.721.947','André ',11,'1996-12-16',1,1,'M','rua clovis cirilo limonge ','havai ','belo horizonte','(31) 3374-6388','jussara','mãe ','(31) 3374-6388','(31) 8871-0765',2010,NULL,NULL,NULL,NULL,'M',83),(161,179,'MG-17271899','André Luís',22,'1991-11-08',1,1,'M','rua Itamirim, 91','Vera Cruz','Belo Horizonte','(31) 8320-1196','Ana Mafalda Marcolino da Silva Gabriel','Mãe','(31) 3646-1213','(31) 9112-8070',2005,'26,27,29,30',NULL,NULL,NULL,NULL,190),(162,180,'17482326','Flavinho',12,'1992-07-23',NULL,1,'M','av. paranaíba','429','belo horizonte','(31) 3442-2005','Rosângela','mãe','(31) 3442-2005','(31) 2514-6187',2009,'27,28,29,30',NULL,NULL,NULL,'P',235),(163,181,'mg-17.271.906','Mariana Cristina',22,'1993-01-26',1,1,'F','R: Itamirim, 91','Vera Cruz','Belo Horizonte','(31) 9236-6507','Ana Mafalda','Mãe','(31) 9112-8070','(31) 3646-1213',2003,'26,27,28,29,30',NULL,NULL,NULL,NULL,190),(164,182,'26.701.356-3','Ivan',29,'1993-03-24',0,1,'M','Av. Prefeito Dulcídio Cardoso, 11000, 1305','Barra da Tijuca','Rio de Janeiro','(21) 9982-3074','Denis Khouri','Sogro','(31) 9114-8606','(31) 3357-4231',2010,'','','','','M',260),(165,183,'17.656.971','Amanda',8,'1993-10-07',1,1,'F','Rua Maria Joana Tavares','Goiânia','Belo Horizonte','(31) 3082-2239','Ernani ou Cássia','Pai e Mãe','(31) 8540-3201','(31) 8778-1034',2008,'28,29,30',NULL,NULL,NULL,NULL,157),(166,184,'MG17656946','Larissa Barbalho',8,'1993-10-07',1,1,'F','Rua Maria Joana Tavares','Goiânia','Belo Horizonte','(31) 3082-2239','Ernani','Pai','(31) 8540-3201','(31) 3082-2239',2008,'28,29,30',NULL,NULL,NULL,'P',157),(167,185,'MG-16.911.011','Isabela',8,'1993-04-25',1,1,'F','Rua Santos 689/203','Jardim América','Belo Horizonte','(31) 8689-1567','Francis','Mãe','(31) 8691-1567','(31) 2516-2343',2006,'30,29,28,27',NULL,NULL,'Dipirona e paracetamol','P',157),(168,186,'MG-18.964.089','Pedro ',28,'1998-04-01',1,1,'M','Rua Coronel Belmiro Cruz 466','Novo Progresso','Contagem','(31) 3393-6658','Edna','Mãe','(31) 3393-6658','(31) 3393-6574',2010,NULL,'Não como Carne',NULL,NULL,'M',154),(171,189,'MG 19.302.732','Nicole',21,'1996-07-08',1,1,'F','Rua Barbosa, 12 Bloco 5 Apto 203','São Salvador','Belo Horizonte','(31) 9940-4896','Celma','Mãe','(31) 9396-1268','(31) 9381-6313',2012,'','Dieta de gestação por estar gravida, coisas mais leves. ','','',NULL,190),(172,190,'mg16494187','Barbara Luiza',22,'1991-08-21',NULL,1,'F','Flor das Almas','jardim alvorada','Belo Horizonte','3184999590','Jacqueline','Mae','(31) 8499-9590','(31) 8499-9590',2008,NULL,NULL,NULL,NULL,NULL,190),(173,191,'17230561','Bruna Canesso',17,'1993-04-29',NULL,1,'F','Rua José Mendes de Carvalho','Castelo','Belo Hozironte','(31) 9348-0295','Elizete de Oliveira Froes Canesso','Mãe','(31) 3327-5730','(31) 9255-7580',2006,'26,27,28,29,30',NULL,NULL,NULL,NULL,160),(174,192,'MG-15.129.242','AUGUSTO Dori',29,'1988-07-05',1,1,'M','AV. JOSUÉ DE QUEIROZ, 16/103','MATOZINHOS','SÃO JOÃO DEL REI','(32) 9125-3752','JÚNIOR','AMIGO','(32) 3372-2831','(32) 3372-2831',2009,'0',NULL,NULL,NULL,NULL,247),(175,193,'MG 15301321','Aliene Cássia',29,'1990-04-11',1,1,'F','Rua Vereador Eli Araújo n 351 apto 01','Fábricas','São João del Rei','(32) 9154-5331','Félix','Pai','(35) 8875-3946','(35) 3235-1345',2008,'','','','','M',63),(176,194,'MG 13980-302','Scheilla Bastos',13,'1988-05-20',1,1,'F','Rua Nossa Senhora Penha 107','Taquaril','Belo Horizonte','(31) 9934-9527','Solange Bastos','Mãe ','(31) 3483-2311','(31) 9934-7627',2008,'28,29,30',NULL,NULL,'Vick','P',123),(177,195,'MG-17.747.662','Maria Luiza dos Santos Bastos',16,'1996-09-12',1,1,'F','R. Bom Jesus da Penha, 549, BL. 37 AP. 101','Santa Terezinha','Belo Horizonte','(31) 3475-3856','Leia','Mãe','(31) 9728-3645','(31) 3476-9834',16,'30',NULL,NULL,NULL,'P',116),(178,196,'MG-12.243.244','Amanda Gaio',29,'1992-07-20',1,1,'F','Rua Salomão Batista de Souza, 305','Jardim Paulo Campos','São João del Rei','(32) 9902-5403','José Luis','pai','(32) 9981-1500','(32) 3372-5696',2010,NULL,'vegetariana',NULL,NULL,'M',236),(179,197,'MG-13.719.047','Adriano',16,'1991-05-06',1,1,'M','Rua Francisco Dumont, 1072','Itatiaia','Belo Horizonte','(31) 9738-7821','Rosilene','Mãe','(31) 9697-9568','(31) 3471-8708',2006,'28,29,30',NULL,NULL,'Penicilina','M',163),(180,198,'mg15931754','Luís Vilaça',16,'1992-05-02',1,1,'M','Rua Julita Nogueira Soares, nº 641, Bl. 03,Ap. 104','Santa Terezinha','Belo Horizonte','(31) 9216-2278','Vilmar','Tio','(31) 3879-5696','(31) 9224-6006',2003,'27,28,29,30',NULL,NULL,NULL,'G',219),(181,199,'MG-14.279.692','Saulo Ishitani',9,'1992-05-09',NULL,1,'M','Rua Cônego João Pio','Comiteco','Belo Horizonte','(31) 3225-8027','Liana Ishitani ','Mãe ','(31) 3225-8027','(31) 8739-8027',2007,'27,28,29,30',NULL,NULL,'Alergia de pele à poeira, mofo, cheiros fortes(perfume, baygon ...)','G',242),(182,200,'mg16109506','Luiz Eduardo',16,'1993-04-03',1,1,'M','Nilton Baldo','Jardim Paquetá','BELO HORIZONTE','(31) 3498-7130','Soraya Assis','Mãe','(31) 9174-2334','(31) 9232-1412',2005,'29',NULL,NULL,'penicilina','M',147),(183,201,'18373773','Lucas Peter',9,'1994-03-09',NULL,1,'M','Rua Professor Manoel Casassanta','Ouro Preto','Belo Horizonte','(31) 3498-6776','Luciane','filho','(31) 9802-6776','(31) 9861-0775',1999,'28,29,30',NULL,NULL,NULL,'M',175),(184,202,'Mg- 18 434 808','Livia Raquel',26,'1994-12-12',1,1,'F','Rua Cornélio Cerqueira, 855/301','Padre Eustáquio','Belo Horizonte','(31) 8816-7741','Joselaine','Tia','(31) 8816-7741','(31) 8657-2652',2007,'28,29,30',NULL,NULL,'Dipirona','P',174),(185,203,'MG-15.549.133','Elaine Gomes',13,'1990-12-08',NULL,1,'F','Rua Tomaz Antonio Gonzaga, 198','Nacional','Contagem','(31) 8888-1231','Ernani','Pai','(31) 8797-3786','(31) 3912-7177',1998,NULL,NULL,NULL,NULL,NULL,141),(186,204,'MG-19935162','Luana de Abreu Teixeira',22,'1998-02-23',1,1,'F','Rua Itambacuri, 139/apto 303','Carlos Prates','Belo Horizonte','(31) 3464-7444','Cristina','Mãe','(31) 8719-9790','(31) 8719-0290',2008,NULL,NULL,NULL,NULL,'P',190),(187,205,'mg16109506','Lucas Augusto',16,'1995-12-14',1,1,'M','R. Nilton Baldo','Paquetá','Belo Horizonte','(31) 9169-9266','Soraya','Mãe','(31) 9174-2334','(31) 9232-1412',2007,NULL,NULL,NULL,NULL,NULL,144),(188,206,'17733360','Tatiana',22,'1997-01-07',1,1,'F','R: Itamirim, 91','Vera Cruz','Belo Horizonte','(31) 3646-1216','Ana Mafalda','Silvio Felismino','(31) 3037-2788','(31) 9112-8070',2003,'00',NULL,NULL,NULL,NULL,190),(189,207,'14.962.730','Lígia',29,'1990-02-16',NULL,1,'F','Rua Glaura, 275','Vila Aparecida','Ouro Preto','(31) 8698-4490','Sônia Mara','Mãe','(31) 8858-9944','(31) 3741-1405',2013,NULL,NULL,NULL,NULL,NULL,212),(190,208,'MG 16.928.960','Frankielle',12,'1995-04-21',1,1,'F','Rua Pedro Lessa, 577','Santo Andre','BH','(31) 3428-5179','Neusa','Mãe','(31) 9301-0903','(31) 9301-1055',2006,'2',NULL,NULL,NULL,'M',261),(191,209,'M8305338','Adailton (Dadá)',16,'1965-07-12',NULL,1,'M','rua Felicio dos Santos, 21','Santa Terezinha','Belo Horizonte','(31) 3475-2824','Glauco Seixas','Amigo','(31) 9231-4376','(31) 7172-6845',1996,'28,29,30',NULL,NULL,NULL,'P',250),(192,210,'MG-19.746.947','Ana Cláudia',26,'1996-10-09',1,1,'F','Rua Berlim','Parque Recreio','Contagem','(31) 7176-4480','Magno','Pai','(31) 9903-2449','(31) 3354-5525',3,'30',NULL,NULL,NULL,'P',233),(193,211,'MG 18 529 850','Mateus Rodrigues Pereira Silva',21,'1995-06-09',1,1,'M','Rua da Chácara, 21 ','Lua Nova da pampulha','Contagem','(31) 9381-1458','Jane','Mãe','(31) 9708-2745','(31) 8484-7559',2012,'','','','',NULL,193),(194,212,'mg13406395','Marina Estanislau',22,'1991-05-16',1,1,'M','Rua João Donada 107','Santa Terezinha','Belo Horizonte','(31) 9679-7016','Simone Estanislau','Mae','(31) 9197-2937','(31) 3504-3218',2012,'26,27,28',NULL,NULL,NULL,'M',245),(195,213,'mg10634346','Bruna Larissa',16,'1995-05-24',NULL,1,'F','rua pequeri 477','Santa Terezinha','Belo Horizonte','(31) 9240-7541','Ana Paula','Mãe','(31) 9812-8307','(31) 3657-7861',2010,'30','vegetariana',NULL,NULL,'P',251),(196,214,'MG.15.202.152','Túlio Sérvio',29,'1990-02-28',NULL,1,'M','Av. Oito de Dezembro','Centro','São João Del rei','(32) 9121-7912','Husdon','Irmão','(31) 8679-5650','(33) 9959-1536',2010,'28,29',NULL,NULL,NULL,'P',221),(197,215,'17436880','Joana Pimenta',29,'1994-10-18',1,1,'F','Rua Dr. Henrique Alvarenga, 50','Nascente do Sol','São João Del Rei','(32) 3373-2188','Miguel Arcanjo de Resende','Pai','(32) 8421-1283','(32) 8889-5642',2012,NULL,NULL,NULL,NULL,'P',224),(198,216,'14587040','Stelaine Barros',29,'1993-03-22',1,1,'F','rua delegado josé lima 109- apto 103','guarda-mor','são joão del rei','(32) 9997-2877','clarinda de barros oliveira','mãe','(32) 9947-7601','(31) 9892-2080',2012,'0',NULL,NULL,NULL,'P',216),(199,217,'13 778 021','Railan',29,'1990-07-04',NULL,1,'M','Rua dos paulistas','Antônio Dias','Ouro Preto','(31) 9433-5421','31 92125839','Mãe','(31) 3318-5839','(31) 3468-4799',20,NULL,NULL,'Loratadine',NULL,'M',239),(201,219,'MG7567097','Sarah Guimarães',29,'1987-04-21',1,1,'F','Rua Doutor Balbino da Cunha, 15','Centro','São João del-Rei','(32) 3371-8340','Marise Guimarães','mãe','(32) 3371-8340','(32) 9921-9923',1,'00',NULL,'Anticoncepcional e Citalor (controle do colesterol)',NULL,'M',248),(202,220,'MG-13261941','Nadia Marçal',9,'1991-01-14',NULL,1,'F','carioca numero 79','padre eustaquio','Belo horizonte','(31) 3412-7621','Maria das Dores Chaves Marçal Nogueira de Lima','Mãe','(31) 8884-2112','(31) 9994-9290',2005,NULL,NULL,'depakote, alprazolam e wellbutrin',NULL,NULL,242),(203,221,'MG 14812272','Luís',23,'1996-10-15',NULL,1,'M','Rua 21, n° 214','Vale das Amendoeiras','Contagem','(31) 3413-2126','Alexandra','Mãe','(31) 9154-2274','(31) 3413-2126',2008,'30',NULL,NULL,NULL,'M',259),(204,222,'MG11129319','Thiago Bajur',22,'1990-08-24',1,1,'M','Rua riachuelo 1611','Padre Eustaquio','Belo Horizonte','(31) 3464-6583','Sandra','Mãe','(31) 3464-6583','(31) 9676-9010',2000,'25,26,27,28,29,30',NULL,NULL,NULL,NULL,254),(205,223,'MG-17.039.999','Thales Bajur',22,'1997-04-15',NULL,1,'M','Riachuelo','Padre Eustaquio','Belo horizonte','(31) 3464-6483','Sandra','Mãe','(31) 3464-6583','(31) 8627-2854',2009,'30',NULL,NULL,NULL,NULL,255),(206,224,'MG 16424666','Raphael',23,'1992-03-18',1,1,'M','Rua Lino de Moro, n° 58','Inconfidentes','Contagem','(31) 9949-5866','Helisilene','mãe','(31) 9949-5866','(31) 3333-0905',2005,NULL,NULL,NULL,NULL,'G',259);
/*!40000 ALTER TABLE `inscricao_confraternista` ENABLE KEYS */;
UNLOCK TABLES;

--
-- Table structure for table `inscricao_coordenador`
--

DROP TABLE IF EXISTS `inscricao_coordenador`;
/*!40101 SET @saved_cs_client     = @@character_set_client */;
/*!40101 SET character_set_client = utf8 */;
CREATE TABLE `inscricao_coordenador` (
  `id` int(11) NOT NULL AUTO_INCREMENT,
  `usuario_id` int(11) NOT NULL,
  `juventude_id` int(11) NOT NULL,
  PRIMARY KEY (`id`),
  UNIQUE KEY `usuario_id` (`usuario_id`),
  KEY `inscricao_coordenador_42efd821` (`juventude_id`),
  CONSTRAINT `juventude_id_refs_id_d60e0f82` FOREIGN KEY (`juventude_id`) REFERENCES `inscricao_juventudeespirita` (`id`),
  CONSTRAINT `usuario_id_refs_id_99dae2eb` FOREIGN KEY (`usuario_id`) REFERENCES `auth_user` (`id`)
) ENGINE=InnoDB AUTO_INCREMENT=37 DEFAULT CHARSET=latin1;
/*!40101 SET character_set_client = @saved_cs_client */;

--
-- Dumping data for table `inscricao_coordenador`
--

LOCK TABLES `inscricao_coordenador` WRITE;
/*!40000 ALTER TABLE `inscricao_coordenador` DISABLE KEYS */;
INSERT INTO `inscricao_coordenador` VALUES (14,33,21),(15,34,20),(16,35,14),(17,36,7),(18,37,9),(19,38,17),(20,39,25),(21,40,12),(22,41,19),(23,42,16),(24,2,29),(25,46,11),(26,54,14),(27,65,7),(28,66,15),(29,70,28),(30,83,23),(31,93,26),(32,117,22),(34,125,8),(35,170,13),(36,126,12);
/*!40000 ALTER TABLE `inscricao_coordenador` ENABLE KEYS */;
UNLOCK TABLES;

--
-- Table structure for table `inscricao_juventudeespirita`
--

DROP TABLE IF EXISTS `inscricao_juventudeespirita`;
/*!40101 SET @saved_cs_client     = @@character_set_client */;
/*!40101 SET character_set_client = utf8 */;
CREATE TABLE `inscricao_juventudeespirita` (
  `id` int(11) NOT NULL AUTO_INCREMENT,
  `nome` varchar(80) NOT NULL,
  `contato` longtext NOT NULL,
  `nome_casa_espirita` varchar(80) NOT NULL,
  `logradouro` varchar(255) NOT NULL,
  `bairro` varchar(255) NOT NULL,
  `cidade` varchar(255) NOT NULL,
  `limite_confraternistas` int(10) unsigned NOT NULL,
  PRIMARY KEY (`id`),
  UNIQUE KEY `nome` (`nome`),
  UNIQUE KEY `nome_casa_espirita` (`nome_casa_espirita`)
) ENGINE=InnoDB AUTO_INCREMENT=30 DEFAULT CHARSET=latin1;
/*!40101 SET character_set_client = @saved_cs_client */;

--
-- Dumping data for table `inscricao_juventudeespirita`
--

LOCK TABLES `inscricao_juventudeespirita` WRITE;
/*!40000 ALTER TABLE `inscricao_juventudeespirita` DISABLE KEYS */;
INSERT INTO `inscricao_juventudeespirita` VALUES (7,'Anália Franco','Nilson 95848574\r\nElza 88916905\r\n','Paz e Amor','Rua Professora Cecília Siqueira, 110','Jardim Inconfidencia','Belo Horizonte',11),(8,'Camilo Chaves ','','Camilo Chaves ','','','',4),(9,'Caravana de Luz ','Juliana Alvares\r\n(31) 8899-0990 ou 9296-0990 ou 3487-0847\r\njualvares@gmail.com\r\n\r\nAngelina Elizabeth Fleming\r\n(31) 9105-9552\r\nangelinaeff@hotmail.com','Caravana de Luz ','Rua Bela Vista, 105','Padre Eustáquio','Belo Horizonte',8),(10,'Francisca de Paula Jesus','','Herdeiros de Jesus ','','','',0),(11,'Casimiro Cunha ','(31) 3374-0427','Casimiro Cunha ','Rua Nova Ponte, 464','Salgado Filho','Belo Horizonte',12),(12,'CEAU ','','CEAU ','','','',9),(13,'Emmanuel ','Lívia Bastos - 34832311 ou 99358927','Emmanuel ','Rua Perdoes, 211','Padre Eustaquio','Belo Horizonte',3),(14,'Eurípedes Barsanulfo ','(31)3321 - 3516 ou 8527 - 8375','Francisco de Assis ','Rua Coroaci, Nº 50','Vista Alegre','Belo Horizonte',13),(15,'Fonte de Luz ','','Fonte de Luz ','','','',1),(16,'MEFA','','FECOVE','','','',16),(17,'Frei Germano','','Frei Germano','','','',13),(18,'Irmão Frederico','','Irmão Frederico','','','',0),(19,'José Campos','(31) 9243-2471 (Gabriel, responsável pela inscrição da Juventude)\r\n(31) 8389-2572 (Altina, presidente da Casa Espírita)\r\n(31) 8895-0591 (Fabiane, coordenadora da Juventude)','Discípulos de Ismael ','Rua Perdões, 339','Padre Eustáquio','Belo Horizonte',4),(20,'Lúcio de Abreu','','Instituto Meimei ','','','',8),(21,'Luz Acima','','Luz Acima','','','',3),(22,'Maria de Nazaré','Coordenador da Mocidade','Maria de Nazaré','rua Castigliano, 711','Padre Eustáquio','Belo horizonte',11),(23,'MEJA','Larissa Siqueira 9482-7523\r\nAriane Freitas 9330-5181\r\nFabiana Cesso 8808-1354','Irmão Glacus','Henrique Gorceix, n° 30','Pe. Eustáquio','Minas Gerais',13),(24,'Novos Horizontes','','Novos Horizontes','','','',0),(25,'Os Mensangeiros','Hugo 95034921/33472460\r\nEdriane 92411487','Os Mensangeiros','Rua Flor de Pepino 87','Jardim Filadelfia','Belo Horizonte',8),(26,'Paulo de Tarso','Andréa de Oliveira - 87691278','Grupo Espírita Allan Kardec ','Rua Dolomita,100','Carajás','Contagem',4),(27,'Paz e Harmonia','','Paz e Harmonia','','','',0),(28,'Servos de Jesus','Bruna 92076988 Mocidade@servosdejesus.org.br','Servos de Jesus','Rua Xavantes, 380  ','Jardim Perola','Contagem',9),(29,'DAJ - Noroeste','','DAJ - Noroeste','','','',15);
/*!40000 ALTER TABLE `inscricao_juventudeespirita` ENABLE KEYS */;
UNLOCK TABLES;

--
-- Table structure for table `inscricao_pagamento`
--

DROP TABLE IF EXISTS `inscricao_pagamento`;
/*!40101 SET @saved_cs_client     = @@character_set_client */;
/*!40101 SET character_set_client = utf8 */;
CREATE TABLE `inscricao_pagamento` (
  `id` int(11) NOT NULL AUTO_INCREMENT,
  `transacao_pagseguro` varchar(255) DEFAULT NULL,
  `data` date NOT NULL,
  `valor_bruto` decimal(10,2) NOT NULL,
  `valor_liquido` decimal(10,2) DEFAULT NULL,
  `estado` int(11) NOT NULL,
  PRIMARY KEY (`id`),
  UNIQUE KEY `transacao_pagseguro` (`transacao_pagseguro`)
) ENGINE=InnoDB AUTO_INCREMENT=262 DEFAULT CHARSET=latin1;
/*!40101 SET character_set_client = @saved_cs_client */;

--
-- Dumping data for table `inscricao_pagamento`
--

LOCK TABLES `inscricao_pagamento` WRITE;
/*!40000 ALTER TABLE `inscricao_pagamento` DISABLE KEYS */;
INSERT INTO `inscricao_pagamento` VALUES (1,NULL,'2012-09-06','40.00',NULL,0),(2,NULL,'2012-09-06','80.00',NULL,0),(3,NULL,'2012-09-07','30.00',NULL,0),(4,NULL,'2012-09-19','250.00',NULL,0),(5,NULL,'2012-09-19','30.00',NULL,0),(6,'CDF716EC-1B08-4037-86BD-70ABB0EF2888','2012-09-20','0.03','0.00',7),(7,'CB18DB82-1DB8-4B42-AA18-34E0FE57F349','2012-09-20','0.03','0.00',7),(8,NULL,'2012-09-20','0.03',NULL,0),(9,'7A3E5D38-1910-402B-8449-035635BF42D9','2012-09-20','0.03','0.00',7),(10,'576E9704-198B-4F90-A804-B3A3DE0050E9','2012-09-21','0.03','0.00',7),(11,NULL,'2012-09-22','0.01',NULL,0),(12,'70513ECC-DD69-459E-812D-04CBC04D8BC3','2012-09-22','0.02','0.00',7),(13,NULL,'2012-10-08','30.00',NULL,0),(14,NULL,'2012-10-09','30.00',NULL,0),(15,NULL,'2012-10-10','30.00',NULL,0),(16,'9C29015F-FF7E-4462-9FAE-CF5CD0286EB3','2012-10-12','40.00','37.04',4),(17,NULL,'2012-10-12','30.00',NULL,0),(18,'A432D6CC-919A-406F-9219-56EC7DCAFA07','2012-10-12','40.00','38.44',4),(19,'5270CCD3-270B-4654-9034-89B057E194F9','2012-10-12','40.00','38.44',4),(20,'Isento','2012-10-14','0.00',NULL,8),(21,'105F758C-BD62-469B-AE80-75A1A5C63389','2012-10-14','40.00','37.04',4),(22,'7E19D46E-C8AB-4740-99D1-F6B5947E6474','2012-10-15','40.00','38.44',4),(23,'7896C891-B8E2-4B3D-9B25-F63DDA376BC3','2012-10-17','40.00','38.44',7),(24,'67E8B7F2-9099-486F-BB8D-26CBB30B8941','2012-10-17','40.00','38.44',7),(25,'D889A2CA-FEF1-426D-A16D-41A5AEABE657','2012-10-17','40.00','38.44',4),(26,'3454FECF-F439-4A75-A0B6-75B3286D0B06','2012-10-20','40.00','38.44',4),(27,NULL,'2012-10-23','40.00',NULL,0),(28,'1FE316E0-F294-4B21-A93D-DAC16F4B72A7','2012-10-23','40.00','38.44',7),(29,NULL,'2012-10-25','40.00',NULL,0),(30,NULL,'2012-10-25','40.00',NULL,0),(31,NULL,'2012-10-25','40.00',NULL,0),(32,'5A4D8111-92ED-428C-8411-14893131912C','2012-10-25','40.00','38.44',4),(33,NULL,'2012-10-26','30.00',NULL,0),(34,NULL,'2012-10-26','30.00',NULL,0),(35,'B0C3DFDC-CC3E-4ACF-AC68-AEF1AB2DD540','2012-10-26','30.00','27.68',4),(36,NULL,'2012-10-27','40.00',NULL,0),(37,'64F99485-46F0-4C90-84CF-CBA12CA1319E','2012-10-27','40.00','38.44',4),(38,'37E8B5D1-A3A7-4535-BF01-688BB96B1979','2012-10-28','120.00','116.12',7),(39,'92488196-E18C-44BF-A1E0-1081DB13C1C1','2012-10-28','120.00','111.92',4),(40,'60145627-C30C-4F11-B5C7-893748CED566','2012-10-28','40.00','37.04',4),(41,'37C7A6D7-16D3-4371-8BCF-7502ED41847C','2012-10-28','30.00','27.68',4),(42,'0A321AE4-584A-4AEC-AED5-461FCCC58E1C','2012-10-28','40.00','37.04',4),(43,'7906840C-8A43-4EBF-BE2B-1D072231472B','2012-10-29','40.00','38.44',7),(44,NULL,'2012-10-29','40.00',NULL,0),(45,'FD31EA2F-4883-4981-B26F-D8C4454CFF91','2012-10-29','40.00','37.04',4),(46,'7E567E49-4F21-410E-86BB-C838C56374D5','2012-10-31','40.00','38.44',7),(47,NULL,'2012-11-01','40.00',NULL,0),(48,'283135AB-0575-420D-AC39-ABC52393861B','2012-11-01','40.00','38.44',4),(49,'0522BC57-874B-4378-A65B-323215B257ED','2012-11-01','40.00','37.04',4),(50,NULL,'2012-11-01','40.00',NULL,0),(51,'631D9F7D-85AE-4F37-9A9D-AC5B540ABA35','2012-11-01','40.00','37.04',4),(52,NULL,'2012-11-02','30.00',NULL,0),(53,'452300DA-502B-45A2-A051-F9E989D03DB4','2012-11-02','40.00','38.44',4),(54,NULL,'2012-11-02','40.00',NULL,0),(55,'AE38819C-A721-4A97-8DA7-0C0B63BF68D7','2012-11-02','40.00','38.44',7),(56,NULL,'2012-11-02','40.00',NULL,0),(57,'41459F4D-9501-41BF-BC41-5DEDE09DEEFE','2012-11-03','40.00','37.04',4),(58,'3CD5BE88-4FFB-42F0-AE37-3765A2647CAD','2012-11-03','30.00','27.68',4),(59,NULL,'2012-11-03','40.00',NULL,0),(60,NULL,'2012-11-03','40.00',NULL,0),(61,NULL,'2012-11-03','40.00',NULL,0),(62,'D482F553-3836-4FF8-9816-7A1397BED57B','2012-11-03','40.00','37.04',4),(63,'0ECA0ABC-C5BE-44D8-90BE-47AD3AD7CA27','2012-11-03','40.00','38.44',4),(64,NULL,'2012-11-03','40.00',NULL,0),(65,NULL,'2012-11-03','40.00',NULL,0),(66,NULL,'2012-11-04','40.00',NULL,0),(67,'84EFD824-AA1A-466F-B64E-C93F83BDDE63','2012-11-04','40.00','38.44',4),(68,NULL,'2012-11-04','40.00',NULL,0),(69,NULL,'2012-11-04','40.00',NULL,0),(70,'971B6ED7-0881-4B71-85AB-DD46D3E730F8','2012-11-04','30.00','28.73',4),(71,'74957E15-56AA-4D55-961B-D47EE70CC5D8','2012-11-05','30.00','28.73',4),(72,NULL,'2012-11-05','30.00',NULL,0),(73,NULL,'2012-11-05','40.00',NULL,0),(74,'420896EA-14DA-421B-9627-53058769CBAA','2012-11-05','40.00','38.44',7),(75,NULL,'2012-11-05','40.00',NULL,0),(76,'DBF78171-F80D-49DE-9045-ACFC5129B417','2012-11-05','40.00','38.44',4),(77,'4AF9BC52-1DD0-4C30-B13B-D7BE6D575A9B','2012-11-05','40.00','37.04',7),(78,'EAA813E0-0AFD-45D0-A99F-F0993B4FB2EB','2012-11-05','40.00','37.04',4),(79,NULL,'2012-11-05','40.00',NULL,0),(80,NULL,'2012-11-06','40.00',NULL,0),(81,NULL,'2012-11-06','40.00',NULL,0),(82,'3087A984-DD0D-4DE5-8375-3E20479A69D1','2012-11-06','40.00','38.44',4),(83,'AFE550F0-7175-4EA3-BF20-9837B0FB2683','2012-11-06','40.00','38.44',4),(84,'02AD3ADE-B2ED-48ED-A77B-D1EBC54B8724','2012-11-06','40.00','37.04',7),(85,'8539D6D3-52D7-419C-9863-3C35E6649294','2012-11-06','40.00','38.44',4),(86,NULL,'2012-11-07','30.00',NULL,0),(87,NULL,'2012-11-07','40.00',NULL,0),(88,NULL,'2012-11-07','40.00',NULL,0),(89,'BF03391E-1899-48D5-8F68-79B477E3C9D6','2012-11-07','30.00','28.73',7),(90,'7011406A-B9E5-499B-96AE-985B66ED4B5A','2012-11-07','40.00','38.44',4),(91,'238C8947-92D2-4ED8-BA0B-045784557420','2012-11-07','40.00','38.44',4),(92,'8174DAD2-5EB4-411C-83C7-3706B25FB7FF','2012-11-07','30.00','28.73',4),(93,NULL,'2012-11-07','40.00',NULL,0),(94,NULL,'2012-11-07','40.00',NULL,0),(95,'3073BC91-E833-4AF9-B0EB-FFBF13B7ACE6','2012-11-07','40.00','38.44',4),(96,'FC3C1A96-9F52-4C19-8A58-31242D8E551D','2012-11-07','80.00','77.28',7),(97,NULL,'2012-11-07','40.00',NULL,0),(98,'20290A52-F161-4CF9-88A5-97EB822E036D','2012-11-07','40.00','38.44',4),(99,'0BB4EBBB-8F21-4A10-84D8-AF42CBA3BB02','2012-11-07','40.00','38.44',4),(100,'6B67FE67-A8FA-4943-8E85-B24EA7572DCF','2012-11-08','30.00','28.73',4),(101,'9A4E9F6E-9D32-4795-B47D-C052622F03AE','2012-11-08','230.00','222.93',4),(102,NULL,'2012-11-08','40.00',NULL,0),(103,'B22C599B-8F27-4FC8-84FC-86769C6C2302','2012-11-08','40.00','37.04',4),(104,'45E4EB02-FF49-452F-817E-F2028593EF5E','2012-11-08','40.00','38.44',7),(105,NULL,'2012-11-08','30.00',NULL,0),(106,'8A310D8B-63E4-47BA-BA5C-0E5138951045','2012-11-08','40.00','38.44',4),(107,'639F0649-596D-4546-9369-F65E775C9CEF','2012-11-08','30.00','28.73',7),(108,NULL,'2012-11-08','40.00',NULL,0),(109,NULL,'2012-11-08','40.00',NULL,0),(110,NULL,'2012-11-08','30.00',NULL,0),(111,NULL,'2012-11-08','30.00',NULL,0),(112,NULL,'2012-11-08','40.00',NULL,0),(113,NULL,'2012-11-08','30.00',NULL,0),(114,'88210B2B-5BAE-4F98-BBE8-AAD94ED82BE0','2012-11-08','30.00','27.68',4),(115,'EC5CEBA9-85BD-4709-AEB7-FD1D42E83C46','2012-11-08','40.00','38.44',7),(116,'0CDF3761-2699-4192-814C-2F317C266705','2012-11-08','40.00','38.44',4),(117,NULL,'2012-11-08','40.00',NULL,0),(118,'46288349-0259-46DA-9142-C7E15BD405DC','2012-11-08','40.00','37.04',4),(119,'DC366F3F-CBD4-4469-B1C6-B51250B9C0D1','2012-11-09','40.00','38.44',4),(120,'ECED0565-8651-41E9-9D17-6BB7CD4725C5','2012-11-09','40.00','38.44',7),(121,'36BE95D6-01D1-4A52-A612-A31F9386D1F9','2012-11-09','40.00','38.44',7),(122,'362A89C0-733B-4D6A-B33D-8E23854BCD40','2012-11-09','40.00','38.44',7),(123,'E0300BA3-4C6C-4FB0-8F30-E0EAB37D4627','2012-11-09','40.00','38.44',4),(124,'A8680AFB-38F1-4FF2-AE70-A1A815443365','2012-11-09','40.00','38.44',7),(125,'2B86F963-EDB1-477B-AD25-43F402E227AB','2012-11-09','40.00','38.44',4),(126,'19F6C177-CD85-452E-93FF-F6569782C983','2012-11-09','40.00','38.44',4),(127,'26EEC075-BE32-4210-AAFC-8B445003B1A6','2012-11-09','40.00','38.44',4),(128,NULL,'2012-11-09','40.00',NULL,0),(129,'A857EDA7-FAF0-4A93-A986-1A33C6771A4A','2012-11-09','40.00','38.44',4),(130,'8CF2E420-5F91-467F-8915-9B3C184E26D3','2012-11-09','40.00','37.04',4),(131,'1D239D13-3BFE-4F2A-9EB2-B2DE3F1925D9','2012-11-09','40.00','38.44',7),(132,'BF75D1F2-C2EC-4DFF-B478-D43125EE4804','2012-11-09','40.00','38.44',7),(133,'DEBB494A-1693-4547-AECD-82CFA994A0E4','2012-11-09','40.00','38.44',4),(134,'75FD730E-057B-4150-BCDE-4CB6864AF302','2012-11-09','40.00','38.44',7),(135,'440A5374-6E2E-42C2-B1CD-16CD5742A19A','2012-11-09','40.00','38.44',7),(136,'920F956D-C311-4923-9B42-FA0ED088BD80','2012-11-09','40.00','38.44',7),(137,NULL,'2012-11-09','40.00',NULL,0),(138,'67F64AF3-ECF0-4C2B-BF3E-B3CB066E131B','2012-11-09','40.00','38.44',7),(139,'554DC92A-A5C3-484E-964D-E0869006E9B1','2012-11-09','30.00','27.68',4),(140,'67FE5CF2-A3E3-4610-9CA1-D284ED0A682D','2012-11-09','30.00','27.68',4),(141,'23535DAE-EAB7-407F-895A-7CB18BF5BFBA','2012-11-09','30.00','27.68',4),(142,NULL,'2012-11-09','40.00',NULL,0),(143,NULL,'2012-11-09','30.00',NULL,0),(144,'1E07457B-3F11-4B45-9256-4074A0C125D7','2012-11-09','30.00','27.68',4),(145,'6B821FE0-2EAE-4067-B002-1BCE2BE59BB1','2012-11-09','40.00','37.04',4),(146,NULL,'2012-11-09','40.00',NULL,0),(147,'6CB2472D-57E6-4E65-942E-5E3AB1B7F121','2012-11-09','40.00','37.04',4),(148,'02E34FA4-5ED5-4EDB-8438-E630EB12ED30','2012-11-09','30.00','27.68',4),(149,'190C177F-A3A4-43B3-B0B9-40394FA55E82','2012-11-09','40.00','37.04',4),(150,'0C2AAF71-16CC-4B04-B84B-EE6134158BD8','2012-11-09','40.00','38.44',7),(151,NULL,'2012-11-09','40.00',NULL,0),(152,'C98C275A-6AF7-411D-8376-790CA78A0C98','2012-11-09','40.00','37.04',4),(153,'F8B13059-4EB2-46D1-AEC7-936B1E010DFC','2012-11-09','30.00','28.73',7),(154,'A2C11BC3-BC68-4FC6-8FBE-909CAACFB49A','2012-11-10','280.00','271.48',4),(155,'3FA615AF-E978-4142-BC96-9B6624E571F6','2012-11-10','40.00','38.44',7),(156,'64734D80-086C-4925-997B-2F6CF0CD8C8E','2012-11-10','40.00','38.44',7),(157,'82B7CEDF-4CF5-4CFA-9CE5-E391FDB63AC6','2012-11-10','150.00','140.00',4),(158,'FFB8FB83-992D-44C8-B8C3-912484355383','2012-11-10','30.00','28.73',7),(159,'F0D88836-E06E-4388-B946-9ECC1A9A6CAE','2012-11-10','40.00','38.44',4),(160,'29BC1FA2-8E01-4409-BDE7-009A12C1E08C','2012-11-10','30.00','27.68',4),(161,NULL,'2012-11-10','40.00',NULL,0),(162,NULL,'2012-11-10','40.00',NULL,0),(163,'47B17119-60EA-4D18-A13B-03A1A55D200F','2012-11-10','40.00','38.44',4),(164,'48E5A868-463F-48EE-9336-0D819BF0F4A3','2012-11-10','40.00','38.44',4),(165,'EE3A9917-15C0-4E2D-9DBE-365295DDF09E','2012-11-10','40.00','38.44',4),(166,NULL,'2012-11-10','40.00',NULL,0),(167,NULL,'2012-11-10','40.00',NULL,0),(168,NULL,'2012-11-10','40.00',NULL,0),(169,'1BC1D99C-2DF5-4582-BF02-4AFBA58F96BC','2012-11-10','40.00','38.44',4),(170,'7C6B1EB0-B0E5-45D3-8765-AA04262A78B7','2012-11-10','40.00','38.44',4),(171,'A1B7791A-B0F7-468A-9EB3-D3043FF38640','2012-11-10','40.00','38.44',4),(172,'74BC5A81-83AE-4F12-BA78-3D13F7F16036','2012-11-10','40.00','38.44',4),(173,'70AAE644-F991-4713-A58F-4385CD6E3E38','2012-11-10','40.00','37.04',4),(174,'18A1C8DF-E665-4BF3-8D6C-246E1499F1F9','2012-11-10','40.00','37.04',4),(175,'33672199-D15E-442B-8833-08B4B55DA716','2012-11-10','40.00','38.44',4),(176,'B5447E37-0E6A-47C8-A092-9D3C2984344D','2012-11-10','40.00','38.44',7),(177,'4D9639AD-1448-4AE1-A344-1F9E10279ADE','2012-11-10','80.00','77.28',4),(178,'0E26D170-29CF-4126-A197-66E3979433F7','2012-11-10','40.00','38.44',7),(179,'3B7A568B-2BA9-4ADA-AA12-E84EB6C0137B','2012-11-10','40.00','38.44',7),(180,'ED0DD0EA-8D14-4937-91A2-E6D868F699BE','2012-11-10','40.00','38.44',4),(181,'60E3EC87-53F4-4029-B1DB-28F25FAC453C','2012-11-10','70.00','65.12',4),(182,'1A0BCBF1-92ED-427E-BE67-69346086FC7F','2012-11-10','40.00','38.44',7),(183,'5BF65042-A0F4-476D-B8EC-C34A007B365D','2012-11-11','30.00','27.68',7),(184,'AFA9F3BA-64BE-41CF-8B9D-638FFDF6C1D4','2012-11-11','40.00','38.44',7),(185,'57C9F04E-7730-488F-A6F0-6B2F4AF5FBE6','2012-11-11','40.00','38.44',7),(186,'1E1C46C3-593B-41EA-B1F6-83E2FEB2BFAB','2012-11-11','40.00','38.44',7),(187,'8D5B2855-E8DD-44DD-B635-C60BA49FA321','2012-11-11','40.00','38.44',7),(188,NULL,'2012-11-11','40.00',NULL,0),(189,'F7FEE962-53E0-48D1-9DBA-0CB5A84F18B7','2012-11-11','40.00','38.44',7),(190,'AC87399F-1E85-47F0-9BC7-5312683C2E02','2012-11-11','280.00','261.68',4),(191,'DDBFC27E-5B91-45D7-AD24-AACB6AFAD056','2012-11-11','110.00','106.41',4),(192,'80DE81B9-EEC0-47C9-AF04-B212DB447841','2012-11-11','40.00','38.44',7),(193,'17691B16-AFC6-406F-96F8-7E5B33988113','2012-11-11','60.00','57.86',4),(194,NULL,'2012-11-11','60.00',NULL,0),(195,NULL,'2012-11-11','120.00',NULL,0),(196,'AEC401D8-C101-4A4A-AA34-9D2574551D22','2012-11-11','190.00','177.44',4),(197,NULL,'2012-11-11','40.00',NULL,0),(198,NULL,'2012-11-11','40.00',NULL,0),(199,NULL,'2012-11-11','40.00',NULL,0),(200,'BA76211A-948C-4215-BD31-527775218E06','2012-11-11','40.00','37.04',4),(201,'F2EDD178-4289-4A0F-8B20-37C63F0426BD','2012-11-11','40.00','37.04',4),(202,NULL,'2012-11-11','40.00',NULL,0),(203,'B8BBFD85-4A01-45AF-BD7D-8F094A387D72','2012-11-11','40.00','38.44',7),(204,'93C5740D-9EFA-4EA7-AF66-458159FE4C94','2012-11-11','40.00','38.44',7),(205,'3181301E-470F-4C6A-9C2D-CF22080C3FA5','2012-11-11','40.00','37.04',4),(206,'24D8AA43-1B0E-4353-8D50-87B7ADB25846','2012-11-11','40.00','37.04',4),(207,'EF32A202-CE04-4BD4-A2A3-66557C32C1A7','2012-11-11','40.00','38.44',4),(208,NULL,'2012-11-11','40.00',NULL,0),(209,'7E5AE2DA-B520-48A6-AADB-003D2DA4F4B9','2012-11-11','40.00','38.44',7),(210,'E1C83FFF-C707-4F10-B39E-FC038B37E85F','2012-11-11','40.00','38.44',7),(211,NULL,'2012-11-11','40.00',NULL,0),(212,'10478858-33E2-4F6A-A11A-CBA51DAD65E2','2012-11-12','30.00','28.73',4),(213,'C8F02B26-F9FA-4243-9DD1-B84CB011B682','2012-11-12','40.00','38.44',4),(214,NULL,'2012-11-12','40.00',NULL,0),(215,NULL,'2012-11-12','40.00',NULL,0),(216,'3A855E31-9DAE-44EC-866F-8C0822A61DE7','2012-11-13','40.00','38.44',4),(217,'9135F7AE-EFF1-4766-8C50-13A44DB146FC','2012-11-13','40.00','38.44',7),(218,'65F69AEE-3EF5-4987-AE22-9E065ACFFCEE','2012-11-13','40.00','38.44',7),(219,'BCEFB684-8A7C-43B2-8491-1A0D81DE312A','2012-11-13','40.00','38.44',4),(220,'F5C751F7-13E1-4965-B664-ECDE0C74ECC3','2012-11-13','40.00','38.44',7),(221,'B5F771BE-97FB-44F9-BD32-C483A17520AE','2012-11-13','40.00','38.44',4),(222,'65EB8ED9-B6AD-492F-A1C7-784EBC13D98F','2012-11-13','40.00','38.44',4),(223,'48438EE2-6F58-4C8F-86D5-C7520F066DFA','2012-11-13','40.00','38.44',7),(224,'7DFB3F22-D404-4386-B607-96A31E9131CB','2012-11-13','40.00','38.44',4),(225,'0BB27D8B-CD6F-4AE3-8275-BBCB664C0435','2012-11-14','40.00','38.44',7),(226,NULL,'2012-11-14','40.00',NULL,0),(227,'83D536CB-1C2F-4387-BAAC-0D864B064131','2012-11-14','80.00','77.28',4),(228,NULL,'2012-11-15','40.00',NULL,0),(229,'DA91F0B6-F4B2-4327-9EFA-9A3EBB3F38F9','2012-11-15','40.00','37.04',4),(230,'6E3312E2-03C6-48E7-A0A7-0364316C9815','2012-11-15','160.00','154.96',7),(231,NULL,'2012-11-16','40.00',NULL,0),(232,'E7229611-8397-4367-B502-F23AEC207977','2012-11-16','40.00','38.44',7),(233,'41880B41-811B-4A0E-9386-874E50DCC05C','2012-11-16','40.00','38.44',4),(234,'B2747277-E47E-4CBA-B8C8-516A67C0A551','2012-11-16','80.00','77.28',7),(235,'45352D52-FD81-4F95-8060-12769DD8C8C0','2012-11-16','260.00','242.96',4),(236,'BE3EED69-D083-4B28-B356-0A0CF89D9756','2012-11-16','40.00','37.04',4),(237,'38CADD02-F47D-46ED-97EB-1EBCB201BD65','2012-11-16','40.00','37.04',4),(238,'3E1F6F32-1D07-40ED-9E7E-D1D011D0A689','2012-11-16','40.00','38.44',7),(239,'9FF0ED59-EAA8-4347-A6E0-36B2CCCB20B3','2012-11-16','40.00','38.44',4),(240,'7DC69EE2-57A9-4057-8552-5BC4E716662C','2012-11-17','40.00','37.04',4),(241,NULL,'2012-11-17','40.00',NULL,0),(242,'8006443F-421A-4A4B-9D8D-206D6700B993','2012-11-17','150.00','140.00',4),(243,'02460060-91AF-4B79-86B1-DA3F8DD389E3','2012-11-17','40.00','38.44',7),(244,NULL,'2012-11-17','40.00',NULL,0),(245,'15895A25-15F2-4079-8AC8-DC36AD9174D5','2012-11-17','40.00','37.04',4),(246,'6BF8105A-306A-44B9-A8F8-BDBECA8C76CC','2012-11-18','40.00','37.04',4),(247,'5685B42D-AEF7-4046-BE33-F61F584F4F35','2012-11-19','30.00','27.68',4),(248,'83E53EF2-69A2-4652-ACCB-15D5A8E058B9','2012-11-19','40.00','37.04',4),(249,'8D140589-D6FC-40F9-8BD9-43014C34AB11','2012-11-19','160.00','154.96',4),(250,'28CE5A27-6836-4825-B436-563D66E2EA5F','2012-11-19','40.00','37.04',4),(251,'1F2041C0-B351-4510-A308-631997F00488','2012-11-19','40.00','37.04',4),(252,'AEE37504-E479-4020-A96A-554D4BC49E24','2012-11-19','40.00','37.04',4),(253,NULL,'2012-11-24','30.00',NULL,0),(254,'67DADA3E-5678-4DE4-A71F-62FD61FC7F8D','2012-11-24','30.00','27.68',4),(255,'2F712227-2444-4D5A-952E-12006BE23B34','2012-11-24','30.00','27.68',4),(256,'67772686-2FB5-436E-B460-515A3DD64C02','2012-11-27','80.00','77.28',7),(257,NULL,'2012-11-27','150.00',NULL,0),(258,NULL,'2012-11-27','150.00',NULL,0),(259,'CDEF7991-AC14-4C9E-ABFA-0F100254CAAF','2012-11-27','160.00','154.96',4),(260,'C748FE24-9700-438A-8406-A92ED2FB74CC','2012-11-28','40.00','38.44',4),(261,'1E4FAA87-52F4-4FA8-AB80-D2973A6BED8B','2012-12-01','40.00','38.44',4);
/*!40000 ALTER TABLE `inscricao_pagamento` ENABLE KEYS */;
UNLOCK TABLES;
/*!40103 SET TIME_ZONE=@OLD_TIME_ZONE */;

/*!40101 SET SQL_MODE=@OLD_SQL_MODE */;
/*!40014 SET FOREIGN_KEY_CHECKS=@OLD_FOREIGN_KEY_CHECKS */;
/*!40014 SET UNIQUE_CHECKS=@OLD_UNIQUE_CHECKS */;
/*!40101 SET CHARACTER_SET_CLIENT=@OLD_CHARACTER_SET_CLIENT */;
/*!40101 SET CHARACTER_SET_RESULTS=@OLD_CHARACTER_SET_RESULTS */;
/*!40101 SET COLLATION_CONNECTION=@OLD_COLLATION_CONNECTION */;
/*!40111 SET SQL_NOTES=@OLD_SQL_NOTES */;

-- Dump completed on 2013-08-25 20:02:29
